First Name,Last Name,Street Number,Street,City,Province,Postal Code,Country,Phone Number,email Address
Jacob,Jackson,289,Battery 18th Road,Vancouver,New Brunswick,E4S 3C4,Canada,884740898,Jacob@Mr.com
Liam,Williams,289,Central Avenue,Blainville,Northwest Territories,N5C 2J8,Canada,1296643923,Liam@case.com
Mason,,54,Arthur Street,Drummondville,Saskatchewan,N4N 0B9,Canada,684861100,Mason@mother.com
Alexander,Moore,114,Abrams Way,Kitchener,Nova Scotia,H3J 3P2,Canada,115258971,Alexander@problem.com
Alexander,Anderson,65,Annandale Street,Milton,New Brunswick,E4M 2G2,Canada,126467266,Alexander@right.com
Ethan,Taylor,199,Campbell Drive,Coquitlam,Nova Scotia,"B0T 0Y5 ",Canada,997262122,Ethan@story.com
James,Moore,395,Barracks Drive,Trois-RiviÃ¨res,Quebec,N8H 2H6,Canada,226775827,James@week.com
"",Jones,207,Bloomingdale Terrace,Coquitlam,Newfoundland and Labrador,E4M 2G2,Canada,582486626,null@company.com
"",Jackson,465,Abbott Drive,Fredericton,Quebec,E5V 3X5,Canada,856541727,null@company.com
James,Brown,180,Anchor Drive,LÃ©vis,Nunavut,B3V 2V1,Canada,619245821,James@state.com
Jacob,Anderson,330,Acadia Street,Vancouver,Nunavut,J9T 3H4,Canada,210383909,Jacob@place.com
William,Wilson,121,Boulderwood Road,Waterloo,,"L4A 0T3 ",Canada,341243609,William@part.com
William,Taylor,250,Brenton Place,Mirabel,Nunavut,T1L 2H8,Canada,715723099,William@story.com
Mason,Johnson,367,Abercrombie Lane,Red Deer,Northwest Territories,N5C 2J8,Canada,425124019,Mason@place.com
"",Jones,42,Carlina Court,Oakville,Northwest Territories,B2E 0X4,Canada,1402982684,null@time.com
Jacob,Wilson,104,Birchfield Crescent,Delta,Yukon,"B0T 0Y5 ",Canada,834511678,Jacob@place.com
William,Davis,379,Cedarbank Terrace,Sault Ste. Marie,New Brunswick,L4A 0T0,Canada,719604290,William@month.com
Ethan,Brown,80,Bayne St Ramp,Saskatoon,Yukon,"V1K 1V0 ",Canada,814689618,Ethan@story.com
Liam,,61,Alton Drive,Oshawa,Alberta,J0N 0Z3,Canada,749132227,Liam@story.com
Alexander,Williams,271,Cherry Lane,Saguenay,,E5V 3X5,Canada,1050147006,Alexander@program.com
Ethan,,433,Birchfield Crescent,Vancouver,Nunavut,E4S 3C4,Canada,979020449,Ethan@money.com
"",Anderson,470,Blue Willow Court,North Vancouver,British Columbia,L0N 3J2,Canada,293563629,null@way.com
Jacob,Williams,247,Braeburn Road,Chilliwack,Saskatchewan,K1B 3B2,Canada,1162728037,Jacob@point.com
"",Johnson,177,Chelsea Lane,Clarington,Alberta,L3V 1Y8,Canada,991440612,null@water.com
Jacob,Anderson,374,Braeside Lane,Clarington,Alberta,J1S 0R4,Canada,278971862,Jacob@home.com
William,Anderson,467,Blue Jay Street,Gatineau,,N5C 2J8,Canada,404151842,William@state.com
Alexander,Jackson,93,Birmingham Street,Whitby,Northwest Territories,G0H 2P3,Canada,602140887,Alexander@lot.com
James,,473,Belmont On The Arm,Richmond Hill,Nunavut,"L4A 0T3 ",Canada,1230503400,James@money.com
Alexander,Taylor,135,Chester Avenue,New Westminster,Saskatchewan,J9T 3H4,Canada,864879990,Alexander@day.com
"",Davis,339,Benjamin Green Drive,North Bay,Newfoundland and Labrador,N8H 2H6,Canada,1004001207,null@book.com
Mason,Jones,301,Cherry Lane,Saguenay,Prince Edward Island,L9R 0A0,Canada,188122645,Mason@group.com
James,Thomas,414,Alex Street,Coquitlam,Newfoundland and Labrador,V8B 1P6,Canada,137868787,James@student.com
Liam,Davis,25,Athlone Avenue,Medicine Hat,British Columbia,"B0T 0Y5 ",Canada,359528946,Liam@system.com
"",Williams,299,Cedarbrae Lane,Brossard,Prince Edward Island,B2E 0X4,Canada,478240474,null@eye.com
Alexander,Williams,132,Bright Place,Moncton,Northwest Territories,J1S 0R4,Canada,1259043229,Alexander@place.com
William,Williams,322,Artillery Place,Montreal,New Brunswick,B3V 2V1,Canada,181043698,William@job.com
James,Brown,197,Chelmsford Place,Ottawa,Alberta,E4S 3C4,Canada,1333868052,James@room.com
William,Anderson,57,Canterbury Close,Victoria,Prince Edward Island,T1L 2H8,Canada,682570194,William@day.com
