First Name,Last Name,Street Number,Street,City,Province,Postal Code,Country,Phone Number,email Address
Liam,Jackson,335,Cedarbank Terrace,Victoria,Nunavut,H9S 1R4,Canada,784434018,Liam@government.com
William,Davis,440,Amberwood Court,Terrebonne,Nova Scotia,B3V 2V1,Canada,1105294619,William@program.com
James,Davis,375,Clearview Street,Kawartha Lakes,Nova Scotia,N8A 0B3,Canada,739162062,James@home.com
Ethan,Wilson,321,Alm-b Ramp,Kamloops,Nova Scotia,B3V 2V1,Canada,1335494208,Ethan@word.com
James,,234,Ashburn Avenue,Medicine Hat,Prince Edward Island,H0H 3C9,Canada,132913587,James@student.com
"",Jones,105,Centre Gate,Port Coquitlam,Saskatchewan,"L4A 0T3 ",Canada,934967576,null@child.com
James,Anderson,449,Argyle Street,Lethbridge,Nunavut,L4A 0T0,Canada,297386089,James@question.com
"",Miller,495,Albert Street,Saint-JÃ©rÃ´me,Nova Scotia,T1L 2H8,Canada,805401617,null@problem.com
Jacob,Wilson,384,Briar Lane,Hamilton,Prince Edward Island,G3H 0B4,Canada,1149384774,Jacob@school.com
Liam,Jones,47,Birkdale Crescent,Lethbridge,Prince Edward Island,,Canada,189985508,Liam@hand.com
"",Johnson,81,Avon Crescent,Vancouver,Nova Scotia,K1B 3B2,Canada,515552310,null@woman.com
Alexander,Taylor,495,Bliss Street,Granby,Nunavut,"V1K 1V0 ",Canada,1228564133,Alexander@work.com
Alexander,Thomas,123,Alex Street,Belleville,Quebec,N5C 2J8,Canada,1078546832,Alexander@job.com
Ethan,Thomas,290,Chelton Woods Lane,Sherbrooke,Prince Edward Island,L4A 0T0,Canada,109498621,Ethan@mother.com
"",Johnson,124,Birchdale Avenue,Ajax,Prince Edward Island,H0H 3C9,Canada,621006304,null@story.com
Mason,Williams,181,Clayton Park Drive,Maple Ridge,Quebec,L3V 1Y8,Canada,516575520,Mason@child.com
Liam,Miller,401,Bayne Street,North Vancouver,Saskatchewan,L4A 0T0,Canada,986540295,Liam@day.com
Liam,Davis,449,Bryden Avenue,Pickering,Newfoundland and Labrador,V8C 0S2,Canada,587267442,Liam@woman.com
Mason,Miller,396,Canterbury Close,Norfolk County,Manitoba,L9R 0A0,Canada,920642751,Mason@mother.com
Ethan,,391,Bloomingdale Terrace,Cape Breton,Northwest Territories,T1L 2H8,Canada,614190619,Ethan@problem.com
Alexander,Williams,454,Cherry Lane,Oshawa,Nova Scotia,G0H 2P3,Canada,226279613,Alexander@school.com
"",Miller,120,Bliss Street,Caledon,Alberta,N8A 0B3,Canada,1085204675,null@way.com
