First Name,Last Name,Street Number,Street,City,Province,Postal Code,Country,Phone Number,email Address
Mason,Jones,164,Bently Drive,Sherbrooke,British Columbia,J0J 3V6,Canada,450393087,Mason@book.com
Alexander,Williams,93,Bishop Street,Blainville,Northwest Territories,E4S 3C4,Canada,1222470663,Alexander@story.com
"",Taylor,253,Bluestone Road,Richmond Hill,Northwest Territories,N5C 2J8,Canada,1326361353,null@company.com
"",Jackson,497,Arnold Drive,Barrie,Northwest Territories,H0H 3C9,Canada,505045826,null@company.com
Liam,Johnson,232,Armcrescent West Avenue,Welland,Newfoundland and Labrador,"B0T 0Y5 ",Canada,487533950,Liam@week.com
Alexander,Jackson,109,Alm-a Ramp,Trois-RiviÃ¨res,Quebec,E7E 3T7,Canada,550472923,Alexander@man.com
James,Davis,172,Bishop Street,Aurora,Newfoundland and Labrador,J0N 0Z3,Canada,1406317300,James@thing.com
Alexander,Miller,446,Bliss Street,Richmond,Alberta,J9T 3H4,Canada,210603545,Alexander@company.com
Ethan,Johnson,120,Chelsea Lane,Gatineau,Alberta,L4A 0T0,Canada,717348764,Ethan@water.com
Alexander,Taylor,401,Bridget Avenue,North Vancouver,Yukon,H3J 3P2,Canada,1291009783,Alexander@way.com
Ethan,Williams,446,Carlina Court,Norfolk County,Yukon,E4S 3C4,Canada,949805136,Ethan@family.com
Ethan,Moore,201,Avon Crescent,Airdrie,Prince Edward Island,K1B 3B2,Canada,1039633465,Ethan@thing.com
Ethan,Johnson,255,Beachstone Drive,Trois-RiviÃ¨res,Nova Scotia,G6X 2L1,Canada,157341492,Ethan@room.com
James,Thomas,342,Bloomfield Street,Edmonton,Nunavut,E5V 3X5,Canada,652924572,James@null
Ethan,Taylor,368,Brighton Avenue,Saint-Jean-sur-Richelieu,Alberta,G0H 2P3,Canada,226031184,Ethan@question.com
Liam,Thomas,16,Carnation Crescent,Edmonton,Newfoundland and Labrador,J0N 0Z3,Canada,253004918,Liam@story.com
"",Williams,451,Cartaret Street,Moncton,Nunavut,N5C 2J8,Canada,738258180,null@place.com
Mason,Johnson,50,Bonaventure Drive,Brampton,Alberta,J0J 3V6,Canada,277771541,Mason@part.com
Alexander,Wilson,141,Armcrescent West Avenue,Brantford,Nova Scotia,L3V 1Y8,Canada,463648982,Alexander@way.com
James,Thomas,481,Cabot Back Lane,Vaughan,Prince Edward Island,T1L 2H8,Canada,427076897,James@mother.com
Liam,Taylor,72,Bloomfield Street,Sherbrooke,Northwest Territories,,Canada,557932208,Liam@work.com
