First Name,Last Name,Street Number,Street,City,Province,Postal Code,Country,Phone Number,email Address
James,Wilson,268,Cambridge Street,Hamilton,,N4N 0B9,Canada,960075095,James@mother.com
James,Williams,468,Bristol Place,Cape Breton,,G3E 2K4,Canada,521071377,James@day.com
William,Taylor,365,Anchor Drive,Mississauga,Nova Scotia,L9R 0A0,Canada,124357157,William@eye.com
William,Brown,263,Clifton Street,Granby,Nunavut,N5C 2J8,Canada,591589987,William@country.com
Jacob,Thomas,285,Aikens Avenue,Brantford,Yukon,E4M 2G2,Canada,237594770,Jacob@program.com
"",Thomas,313,Alm-c Ramp,Aurora,Nunavut,J0N 0Z3,Canada,325684152,null@money.com
James,Wilson,160,Alm-a Ramp,Fredericton,Nova Scotia,L9R 0A0,Canada,543329649,James@company.com
James,,284,Churchill Drive,Richmond,Prince Edward Island,G0H 2P3,Canada,918412278,James@government.com
Ethan,Moore,494,Boscobel Road,Nanaimo,Newfoundland and Labrador,J0J 3V6,Canada,1000324604,Ethan@right.com
Ethan,Johnson,340,Bedros Lane,Prince George,Nova Scotia,G0H 2P3,Canada,1251605939,Ethan@Mr.com
Jacob,,295,Bently Drive,London,Nunavut,E4S 3C4,Canada,566889973,Jacob@water.com
James,Wilson,100,Barclay Avenue,Guelph,Manitoba,T1L 2H8,Canada,546954601,James@eye.com
Alexander,Brown,303,Chadwick Place,Richmond Hill,Manitoba,G0H 2P3,Canada,778456919,Alexander@people.com
James,Miller,278,Ardwell Avenue,Newmarket,Northwest Territories,H3J 3P2,Canada,322185291,James@right.com
James,Johnson,131,Churchill Drive,Kitchener,Prince Edward Island,"L4A 0T3 ",Canada,1124770988,James@country.com
Ethan,,177,Atlantic Street,Caledon,Newfoundland and Labrador,B3V 2V1,Canada,1279832922,Ethan@lot.com
Alexander,Brown,481,Bellevue Avenue,Cape Breton,Newfoundland and Labrador,N4N 0B9,Canada,1404125687,Alexander@Mr.com
Jacob,Williams,72,Barracks Drive,Airdrie,Nunavut,N5C 2J8,Canada,321436239,Jacob@mother.com
Liam,Wilson,463,Centre Gate,Mississauga,Manitoba,B3V 2V1,Canada,688716253,Liam@day.com
"",Anderson,298,Brackley Place,Brossard,Prince Edward Island,G0H 2P3,Canada,989620163,null@system.com
"",Jones,152,Belmont On The Arm,Cape Breton,Saskatchewan,E5V 3X5,Canada,1007641674,null@question.com
Ethan,Miller,238,Annandale Street,Prince George,Prince Edward Island,T1L 2H8,Canada,1398609172,Ethan@study.com
Mason,Thomas,270,Artillery Place,Abbotsford,New Brunswick,J0J 3V6,Canada,211254868,Mason@mother.com
Jacob,Davis,182,Attenborough Court,Sherbrooke,,B3V 2V1,Canada,585931580,Jacob@family.com
"",Johnson,30,Aikenhead Road,Barrie,Newfoundland and Labrador,N8H 2H6,Canada,355137114,null@student.com
Liam,Taylor,396,Centre Gate,Ajax,Alberta,,Canada,1220352012,Liam@place.com
Liam,Jones,19,Adelaide Avenue,Medicine Hat,Northwest Territories,J0J 3V6,Canada,1403419036,Liam@Mr.com
James,Thomas,408,Bayne Street,Kitchener,Newfoundland and Labrador,G6X 2L1,Canada,466086217,James@way.com
Liam,Taylor,45,Borden Street,Aurora,Nova Scotia,V8C 0S2,Canada,1326391146,Liam@Mr.com
James,,499,Ardwell Avenue,Saint-Jean-sur-Richelieu,Nunavut,L0N 3J2,Canada,1256953250,James@null
