First Name,Last Name,Street Number,Street,City,Province,Postal Code,Country,Phone Number,email Address
"",Moore,374,Bellevue Avenue,Coquitlam,Nova Scotia,V8C 0S2,Canada,804857216,null@school.com
"",Wilson,309,Clifton Street,Granby,British Columbia,V8B 1P6,Canada,646820883,null@time.com
Ethan,Thomas,91,Belle Aire Terrace,Cape Breton,Saskatchewan,K1B 3B2,Canada,1279780106,Ethan@point.com
Mason,Jackson,92,Atlantic Street,St. Albert,Alberta,N8H 2H6,Canada,319429407,Mason@child.com
James,Thomas,389,Brighton Avenue,Burnaby,Newfoundland and Labrador,H3J 3P2,Canada,868856457,James@business.com
Alexander,Thomas,148,Bethany Way,Edmonton,Northwest Territories,L9R 0A0,Canada,1082761878,Alexander@time.com
"",Miller,32,Armstrong Court,Peterborough,Quebec,G6X 2L1,Canada,791293630,null@woman.com
Alexander,Miller,477,Bison Crescent,Niagara Falls,British Columbia,T1L 2H8,Canada,1036734578,Alexander@point.com
William,,172,Albert Place,Grande Prairie,Yukon,H3J 3P2,Canada,1214565568,William@world.com
"",Williams,405,Bristol Place,Prince George,Yukon,V8B 1P6,Canada,695128231,null@company.com
Ethan,Jackson,101,Chester Avenue,Coquitlam,Alberta,L3V 1Y8,Canada,315241422,Ethan@business.com
"",Moore,95,Bridges Street,Pickering,Northwest Territories,J0N 0Z3,Canada,1102664163,null@way.com
Alexander,Williams,105,Benjamin Green Drive,Saskatoon,Newfoundland and Labrador,N4N 0B9,Canada,877687535,Alexander@student.com
William,,153,Atlantic Street,Oshawa,Nova Scotia,J1S 0R4,Canada,838881878,William@eye.com
