First Name,Last Name,Street Number,Street,City,Province,Postal Code,Country,Phone Number,email Address
"",,178,Cedar Street,Repentigny,Newfoundland and Labrador,E7E 3T7,Canada,925958153,null@point.com
Ethan,Williams,498,Cardiff Place,Lethbridge,Newfoundland and Labrador,N8A 0B3,Canada,991233164,Ethan@question.com
Ethan,Davis,242,Balcomes Drive,Whitby,Prince Edward Island,,Canada,306275163,Ethan@work.com
Liam,Williams,303,Birch Street,Grande Prairie,Northwest Territories,J0J 3V6,Canada,913083810,Liam@case.com
Alexander,,311,Cabot Place,Waterloo,Quebec,H0H 3C9,Canada,562150959,Alexander@word.com
Alexander,Jones,288,Balcomes Drive,Norfolk County,Northwest Territories,V8C 0S2,Canada,667514612,Alexander@time.com
Mason,Williams,174,Annandale Street,Whitby,Prince Edward Island,L4A 0T0,Canada,960083872,Mason@family.com
William,Thomas,228,Blink Bonnie Terrace,Sherbrooke,Quebec,G6X 2L1,Canada,1240926455,William@time.com
Jacob,,201,Chelton Woods Lane,Cape Breton,New Brunswick,V8C 0S2,Canada,676871649,Jacob@company.com
