First Name,Last Name,Street Number,Street,City,Province,Postal Code,Country,Phone Number,email Address
Mason,Anderson,235,Arthur Street,Victoria,New Brunswick,N8H 2H6,Canada,1380924357,Mason@student.com
"",Taylor,275,Bison Crescent,Newmarket,Alberta,V8C 0S2,Canada,199987936,null@hand.com
Ethan,Anderson,169,Barkton Lane,Victoria,Saskatchewan,J1S 0R4,Canada,465541003,Ethan@job.com
"",Moore,309,Chisholm Avenue,Barrie,Manitoba,G3H 0B4,Canada,170637803,null@mother.com
"",Johnson,151,Birchfield Crescent,Prince George,Newfoundland and Labrador,G0H 2P3,Canada,939619083,null@student.com
Ethan,Williams,463,Birmingham Street,Edmonton,Prince Edward Island,H3J 3P2,Canada,778754597,Ethan@people.com
Alexander,Miller,224,Carlina Court,Airdrie,New Brunswick,E7E 3T7,Canada,680234957,Alexander@group.com
Jacob,Taylor,13,Bridget Avenue,Mississauga,Prince Edward Island,L9R 0A0,Canada,762382921,Jacob@point.com
Liam,Thomas,230,Brigadier Court,Wood Buffalo,Northwest Territories,J0J 3V6,Canada,783554246,Liam@place.com
"",Thomas,43,Chisholm Avenue,Red Deer,British Columbia,N5C 2J8,Canada,1257351275,null@program.com
Alexander,Williams,477,Armdale Rotary,North Vancouver,Nunavut,J9P 1C6,Canada,284388165,Alexander@child.com
Ethan,Jackson,259,Chelsea Lane,Winnipeg,Alberta,E5V 3X5,Canada,660337715,Ethan@thing.com
Ethan,Johnson,232,Brunswick Street,New Westminster,Nunavut,E5V 3X5,Canada,946198755,Ethan@week.com
William,Moore,157,Belmont Road,Brampton,Prince Edward Island,N5C 2J8,Canada,1244717635,William@system.com
Ethan,Anderson,133,Bloomfield Street,Red Deer,Quebec,L3V 1Y8,Canada,791961117,Ethan@night.com
Jacob,Miller,483,Burgee Run,Abbotsford,Nova Scotia,N8A 0B3,Canada,802209791,Jacob@group.com
William,Jones,37,Bedford Highway,Chatham-Kent,Prince Edward Island,T1L 2H8,Canada,323092582,William@system.com
Ethan,Brown,322,Atlantic Street,Coquitlam,Prince Edward Island,V8C 0S2,Canada,500470346,Ethan@hand.com
Liam,Wilson,56,Armdale Rotary,Maple Ridge,Nunavut,,Canada,761690345,Liam@world.com
"",Davis,57,Bond Street,St. Catharines,Northwest Territories,L3V 1Y8,Canada,613548349,null@school.com
Liam,Moore,467,Amirault Court,Calgary,Northwest Territories,J1S 0R4,Canada,1131514778,Liam@way.com
James,,50,Blink Bonnie Terrace,Maple Ridge,Saskatchewan,J9P 1C6,Canada,225825664,James@country.com
"",Miller,67,Bedford Highway,Burlington,British Columbia,J9T 3H4,Canada,141684999,null@state.com
Alexander,Thomas,218,Alex Street,Lethbridge,Newfoundland and Labrador,B3V 2V1,Canada,711391142,Alexander@life.com
