First Name,Last Name,Street Number,Street,City,Province,Postal Code,Country,Phone Number,email Address
"",Moore,425,Altavista Lane,Clarington,New Brunswick,L4A 0T0,Canada,950858136,null@case.com
"",Anderson,468,Boscobel Road,Barrie,Alberta,H9S 1R4,Canada,932572827,null@woman.com
"",Jones,27,Chain Rock Drive,Saint John,Prince Edward Island,L4A 0T0,Canada,1294772221,null@right.com
"",Thomas,282,Argyle Street,Terrebonne,Quebec,V8B 1P6,Canada,1396959114,null@water.com
"",Wilson,448,Amirault Court,Airdrie,Newfoundland and Labrador,E4M 2G2,Canada,246138269,null@mother.com
Liam,Williams,242,Canterbury Close,Drummondville,Prince Edward Island,B3V 2V1,Canada,1067270819,Liam@mother.com
Alexander,Wilson,62,Chadwick Place,Drummondville,British Columbia,J0N 0Z3,Canada,283831219,Alexander@week.com
"",Thomas,376,Chelton Woods Lane,Grande Prairie,Northwest Territories,T1L 2H8,Canada,588488786,null@thing.com
James,Moore,64,Buddy Daye Street,Whitby,Nunavut,H3J 3P2,Canada,728135072,James@way.com
James,Thomas,318,Autumn Drive,Calgary,Alberta,L0N 3J2,Canada,800577330,James@world.com
Alexander,Davis,431,Ascot Avenue,Burlington,Newfoundland and Labrador,V8C 0S2,Canada,210455660,Alexander@program.com
Liam,Moore,471,Albert Walker Drive,Saint John,Nunavut,L9R 0A0,Canada,1351248322,Liam@country.com
"",Miller,260,Bonaventure Drive,Thunder Bay,Saskatchewan,J0N 0Z3,Canada,982700791,null@right.com
James,Brown,214,Bridges Street,Fredericton,Yukon,G3H 0B4,Canada,952890670,James@Mr.com
Alexander,Thomas,438,Catamaran Road,Kingston,British Columbia,E4M 2G2,Canada,220484738,Alexander@day.com
Ethan,Wilson,295,Albemarle Street,Sault Ste. Marie,New Brunswick,J1S 0R4,Canada,761704793,Ethan@week.com
William,Brown,80,Ahern Avenue,Whitby,Saskatchewan,K1B 3B2,Canada,229143646,William@lot.com
"",Williams,140,Barclay Avenue,Moncton,Nunavut,E4S 3C4,Canada,200626388,null@room.com
"",Jones,276,Chestnut Street,Lethbridge,Newfoundland and Labrador,,Canada,151675566,null@world.com
"",Williams,137,Bellevue Avenue,Kitchener,Prince Edward Island,J9P 1C6,Canada,1368479665,null@money.com
"",Brown,251,Archibald Avenue,Kawartha Lakes,Alberta,E4S 3C4,Canada,971099518,null@money.com
Mason,Moore,82,Blowers Street,Trois-RiviÃ¨res,Nunavut,E5V 3X5,Canada,867004110,Mason@government.com
Jacob,Jones,110,Chelton Woods Lane,Halton Hills,Northwest Territories,J9P 1C6,Canada,558739471,Jacob@study.com
Jacob,Williams,372,Chelmsford Place,Kamloops,New Brunswick,N8A 0B3,Canada,1305949083,Jacob@word.com
Liam,Anderson,311,Bryden Avenue,Halifax,Nunavut,V8B 1P6,Canada,125141441,Liam@thing.com
James,Jones,250,Armview Terrace,LÃ©vis,Prince Edward Island,L0N 3J2,Canada,172686823,James@lot.com
Jacob,Brown,4,Bald Eagle Place,Kawartha Lakes,Prince Edward Island,E5V 3X5,Canada,470864545,Jacob@month.com
James,Jackson,415,Armview Terrace,Vaughan,Prince Edward Island,N8H 2H6,Canada,840398476,James@word.com
"",Anderson,18,Chelmsford Place,Terrebonne,Nunavut,E5V 3X5,Canada,770068166,null@program.com
"",Jones,157,Churchill Drive,North Vancouver,Newfoundland and Labrador,"V1K 1V0 ",Canada,1058002730,null@null
Ethan,Taylor,140,Adams Avenue,Laval,Quebec,E5V 3X5,Canada,1186807038,Ethan@question.com
Mason,Brown,169,Arthur Street,Saint John,Nunavut,J9P 1C6,Canada,430476050,Mason@state.com
"",Wilson,296,Belmont Road,Thunder Bay,Nova Scotia,G6X 2L1,Canada,1338555659,null@business.com
Alexander,Williams,258,Abrams Way,Calgary,Quebec,G0H 2P3,Canada,385333437,Alexander@mother.com
Jacob,Thomas,478,Archibald Avenue,Blainville,Alberta,N8A 0B3,Canada,103462963,Jacob@job.com
James,Johnson,30,Aikens Avenue,Lethbridge,British Columbia,V8C 0S2,Canada,792678626,James@room.com
Jacob,Miller,494,Bellevue Avenue,Drummondville,Alberta,H0H 3C9,Canada,501453350,Jacob@right.com
Liam,Jones,348,Chebucto Road,LÃ©vis,Prince Edward Island,E4M 2G2,Canada,489343198,Liam@fact.com
