First Name,Last Name,Street Number,Street,City,Province,Postal Code,Country,Phone Number,email Address
Mason,,255,Bloomingdale Terrace,Kawartha Lakes,British Columbia,G3E 2K4,Canada,409684625,Mason@eye.com
Mason,Williams,50,Chelmsford Place,Kitchener,Nova Scotia,J0N 0Z3,Canada,827603453,Mason@month.com
Mason,Thomas,242,Beechwood Terrace,Waterloo,Quebec,N4N 0B9,Canada,447899116,Mason@Mr.com
Ethan,Wilson,39,Blowers Street,Cape Breton,Saskatchewan,J9P 1C6,Canada,1227751017,Ethan@business.com
"",Jackson,227,Churchill Drive,Red Deer,Alberta,J0J 3V6,Canada,1022034583,null@country.com
James,Williams,44,Bellevue Avenue,Windsor,Alberta,L0N 3J2,Canada,992367624,James@study.com
Ethan,Johnson,80,Auburn Avenue,Richmond,Manitoba,K1B 3B2,Canada,728442623,Ethan@woman.com
"",,21,Caitland Court,Saint-JÃ©rÃ´me,Prince Edward Island,J9T 3H4,Canada,855747964,null@story.com
James,Brown,270,Birchwood Drive,Waterloo,Northwest Territories,T1L 2H8,Canada,1085317181,James@money.com
"",Johnson,43,Central Avenue,Winnipeg,Alberta,J1S 0R4,Canada,296791509,null@state.com
Liam,Miller,106,Apollo Court,Clarington,Newfoundland and Labrador,K1B 3B2,Canada,653023718,Liam@program.com
Alexander,Wilson,55,Catamaran Road,St. Albert,New Brunswick,T1L 2H8,Canada,815650842,Alexander@word.com
"",Jackson,371,Cherry Lane,Oshawa,New Brunswick,J0J 3V6,Canada,1401859347,null@work.com
Ethan,Taylor,391,Bloomingdale Terrace,North Vancouver,Alberta,G0H 2P3,Canada,765060997,Ethan@Mr.com
Ethan,Jones,158,Allan Street,Red Deer,Alberta,"B0T 0Y5 ",Canada,691422641,Ethan@government.com
James,Jones,268,Buddy Daye Street,Chilliwack,Northwest Territories,L9R 0A0,Canada,1171221743,James@woman.com
Liam,,127,Berts Drive,Cape Breton,Prince Edward Island,L4A 0T0,Canada,644893335,Liam@home.com
William,Williams,97,Briarwood Crescent,Wood Buffalo,,E5V 3X5,Canada,1270936207,William@day.com
"",Williams,265,Circle Drive,Caledon,Newfoundland and Labrador,J9P 1C6,Canada,326376513,null@case.com
"",Brown,353,Burns Drive,Halifax,Prince Edward Island,L4A 0T0,Canada,1030916004,null@country.com
Jacob,Jones,26,Albion Road,Burnaby,Northwest Territories,"L4A 0T3 ",Canada,919138226,Jacob@place.com
Jacob,Thomas,170,Berkshire Close,Mirabel,Nunavut,K1B 3B2,Canada,319077300,Jacob@problem.com
James,Brown,235,Africville Road,Surrey,Prince Edward Island,G0H 2P3,Canada,1101970863,James@business.com
"",Jones,300,Carroll Lane,Oakville,Quebec,B3V 2V1,Canada,582281170,null@business.com
Mason,Taylor,309,Balmoral Road,LÃ©vis,Prince Edward Island,G3E 2K4,Canada,1409939189,Mason@government.com
Ethan,Jones,312,Briarwood Crescent,Saint-JÃ©rÃ´me,Prince Edward Island,H3J 3P2,Canada,983816868,Ethan@case.com
William,Jackson,43,Clifton Street,Moncton,Nunavut,J1S 0R4,Canada,681339597,William@Mr.com
William,Wilson,189,Borden Street,Hamilton,Nunavut,G3E 2K4,Canada,536110081,William@world.com
"",Thomas,263,Brackley Place,Brantford,Newfoundland and Labrador,H3J 3P2,Canada,1129117335,null@woman.com
