First Name,Last Name,Street Number,Street,City,Province,Postal Code,Country,Phone Number,email Address
Ethan,Moore,295,Clifton Street,St. John's,Manitoba,L4A 0T0,Canada,1219731426,Ethan@right.com
William,Thomas,138,Bobolink Street,Winnipeg,Prince Edward Island,N8H 2H6,Canada,1277231694,William@work.com
Ethan,Anderson,199,Cherry Lane,Ottawa,Manitoba,T1L 2H8,Canada,339796684,Ethan@word.com
Ethan,Jones,88,Balcomes Drive,Guelph,Prince Edward Island,N5C 2J8,Canada,106257269,Ethan@money.com
Alexander,Thomas,54,Bedford Row,Brampton,Prince Edward Island,J1S 0R4,Canada,560854817,Alexander@point.com
James,Johnson,308,Chain Rock Drive,Clarington,New Brunswick,G6X 2L1,Canada,1083860728,James@company.com
Alexander,Jones,215,Black Street,Longueuil,,K1B 3B2,Canada,755643791,Alexander@day.com
William,Taylor,260,Ballantrae Lane,Calgary,Manitoba,G6X 2L1,Canada,888431273,William@home.com
Mason,Moore,41,Centre Gate,Halton Hills,Saskatchewan,L9R 0A0,Canada,1300284034,Mason@right.com
William,Moore,55,Aikenhead Road,Gatineau,Alberta,G3E 2K4,Canada,1273904076,William@work.com
Ethan,Anderson,99,Carriageway Crescent,Kamloops,,N5C 2J8,Canada,860907657,Ethan@government.com
Alexander,Wilson,462,Battery 18th Road,Greater Sudbury,Saskatchewan,E7E 3T7,Canada,755654522,Alexander@student.com
William,,227,Ascot Avenue,Trois-RiviÃ¨res,Prince Edward Island,V8C 0S2,Canada,352613640,William@world.com
Alexander,Moore,108,Brockhurst Close,,Northwest Territories,E4S 3C4,Canada,183338259,Alexander@year.com
James,Johnson,230,Briar Place,North Vancouver,Northwest Territories,J9P 1C6,Canada,873363840,James@family.com
James,Thomas,429,Beachstone Drive,Norfolk County,Saskatchewan,G0H 2P3,Canada,217264196,James@week.com
Alexander,Miller,485,Bedford Windsor Ramp,Newmarket,Alberta,,Canada,659338632,Alexander@government.com
Mason,Jackson,286,Artz Street,Montreal,Prince Edward Island,N8H 2H6,Canada,619530723,Mason@year.com
William,Anderson,251,Cedarbrae Lane,Peterborough,Yukon,"L4A 0T3 ",Canada,473056183,William@eye.com
James,,181,Berkshire Close,Sault Ste. Marie,Quebec,H9S 1R4,Canada,1099210686,James@story.com
William,Thomas,209,Bakers Drive,,Newfoundland and Labrador,V8B 1P6,Canada,776446053,William@word.com
William,,484,Albert Place,Saint John,Yukon,G3E 2K4,Canada,984773996,William@year.com
Mason,Brown,338,Ahern Avenue,Welland,Prince Edward Island,L0N 3J2,Canada,1348448932,Mason@man.com
Alexander,Williams,413,Barkton Lane,Brampton,Yukon,"L4A 0T3 ",Canada,482977953,Alexander@right.com
Mason,Moore,109,Carlton Street,Kitchener,Prince Edward Island,G3H 0B4,Canada,766706626,Mason@company.com
Jacob,,415,Alma Crescent,Drummondville,Nunavut,E5V 3X5,Canada,183210765,Jacob@people.com
Alexander,Taylor,270,Bayview Road,Saint John,New Brunswick,B2E 0X4,Canada,977787622,Alexander@question.com
Jacob,Jackson,279,Brussels Street,Whitby,Nova Scotia,B2E 0X4,Canada,1257937629,Jacob@eye.com
Ethan,Anderson,268,Birchview Drive,Brampton,New Brunswick,H3J 3P2,Canada,615023109,Ethan@family.com
James,,305,Banbury Close,Caledon,Alberta,J9T 3H4,Canada,673508595,James@story.com
Alexander,Moore,212,Ahern Avenue,Saguenay,New Brunswick,T1L 2H8,Canada,684040644,Alexander@year.com
William,Thomas,289,Attenborough Court,Sherbrooke,Yukon,L4A 0T0,Canada,315599813,William@problem.com
Mason,Brown,7,Beresford Road,Richmond,,L9R 0A0,Canada,892817877,Mason@lot.com
William,Johnson,136,Adelaide Avenue,Kelowna,Nunavut,L0N 3J2,Canada,1355286074,William@world.com
"",Moore,353,Braemount Drive,Halifax,Prince Edward Island,L9R 0A0,Canada,1203849128,null@home.com
Mason,Wilson,40,Albert Walker Drive,Kingston,New Brunswick,T1L 2H8,Canada,845969627,Mason@day.com
