First Name,Last Name,Street Number,Street,City,Province,Postal Code,Country,Phone Number,email Address
James,Brown,295,Chelsea Lane,Ottawa,Newfoundland and Labrador,G3E 2K4,Canada,490835070,James@woman.com
Jacob,Moore,105,Ardwell Avenue,Greater Sudbury,Nova Scotia,N4N 0B9,Canada,1385312988,Jacob@night.com
Liam,Williams,478,Birchdale Avenue,St. John's,Quebec,G3E 2K4,Canada,900995696,Liam@study.com
"",Wilson,42,Amirault Court,Calgary,New Brunswick,B2E 0X4,Canada,1386028297,null@time.com
Alexander,,259,Belmont Road,Grande Prairie,Alberta,N4N 0B9,Canada,1205980323,Alexander@case.com
Jacob,Davis,497,Chain Lake Drive,Whitby,New Brunswick,B3V 2V1,Canada,101022594,Jacob@student.com
William,,217,Clifton Street,Thunder Bay,Newfoundland and Labrador,T1L 2H8,Canada,744903670,William@program.com
"",Williams,18,Central Avenue,Medicine Hat,British Columbia,G3E 2K4,Canada,863284688,null@Mr.com
Alexander,Moore,32,Bedford Highway Ramp,Welland,Prince Edward Island,N8A 0B3,Canada,249940416,Alexander@thing.com
Jacob,Johnson,31,Alm-e Ramp,Sherbrooke,Saskatchewan,J9T 3H4,Canada,787631615,Jacob@eye.com
Ethan,Jackson,363,Bright Place,Red Deer,Nova Scotia,L4A 0T0,Canada,1248704439,Ethan@student.com
Ethan,Brown,251,Armada Drive,Red Deer,Northwest Territories,N4N 0B9,Canada,435977545,Ethan@company.com
William,Taylor,51,Adams Avenue,Hamilton,New Brunswick,L4A 0T0,Canada,576421706,William@country.com
Alexander,Moore,428,Albemarle Street,Saint-JÃ©rÃ´me,Nova Scotia,B3V 2V1,Canada,973535174,Alexander@life.com
Mason,Johnson,393,Basinview Drive,Drummondville,Nunavut,"L4A 0T3 ",Canada,465267475,Mason@point.com
Jacob,Moore,448,Belle Aire Terrace,Oakville,,N8A 0B3,Canada,183910746,Jacob@business.com
Alexander,Miller,367,Chelsea Lane,Lethbridge,Nova Scotia,E5V 3X5,Canada,421720618,Alexander@place.com
"",Davis,291,Blue Thistle Road,Aurora,Quebec,K1B 3B2,Canada,814977226,null@business.com
William,Davis,217,Chisholm Avenue,Greater Sudbury,Prince Edward Island,G3H 0B4,Canada,1044028568,William@week.com
"",Brown,223,Artillery Place,New Westminster,Alberta,N8H 2H6,Canada,956530183,null@place.com
Liam,Thomas,109,Arlington Avenue,Whitby,Prince Edward Island,G6X 2L1,Canada,1406169679,Liam@student.com
Ethan,Brown,267,Belle Aire Terrace,Sherbrooke,Northwest Territories,J0N 0Z3,Canada,947450399,Ethan@state.com
William,Jones,145,Bridgeview Drive,Wood Buffalo,Saskatchewan,H0H 3C9,Canada,1376130187,William@study.com
