First Name,Last Name,Street Number,Street,City,Province,Postal Code,Country,Phone Number,email Address
Mason,Wilson,73,Carnation Crescent,Ajax,Northwest Territories,H0H 3C9,Canada,1191474837,Mason@lot.com
William,Brown,83,Almon Street,Vancouver,Nunavut,J9P 1C6,Canada,406374551,William@case.com
Alexander,Brown,244,Ardwell Avenue,Grande Prairie,Alberta,"B0T 0Y5 ",Canada,989279579,Alexander@hand.com
Jacob,Wilson,291,Churchill Drive,Chatham-Kent,Nunavut,G6X 2L1,Canada,206186781,Jacob@woman.com
"",Taylor,161,Bently Drive,Clarington,Prince Edward Island,G3H 0B4,Canada,219272882,null@day.com
"",Wilson,145,Carrington Place,Brampton,Saskatchewan,"B0T 0Y5 ",Canada,847621969,null@life.com
"",,334,Almon Street,Clarington,Nunavut,K1B 3B2,Canada,1404380770,null@life.com
Jacob,,411,Brenton Street,Clarington,Alberta,N8H 2H6,Canada,1272883649,Jacob@job.com
Ethan,Miller,177,Braeburn Road,Blainville,Nova Scotia,T1L 2H8,Canada,825801762,Ethan@null
James,Brown,222,Armview Avenue,New Westminster,Nunavut,"V1K 1V0 ",Canada,970505973,James@problem.com
Jacob,Jackson,351,Africville Road,Medicine Hat,Alberta,G3H 0B4,Canada,1199736919,Jacob@company.com
"",Thomas,260,Claremont Street,Airdrie,Saskatchewan,J0N 0Z3,Canada,1003733827,null@problem.com
"",Davis,285,Brodick Lane,LÃ©vis,New Brunswick,J1S 0R4,Canada,1223904706,null@eye.com
"",Wilson,436,Benjamin Green Drive,Prince George,Nunavut,V8C 0S2,Canada,494464420,null@home.com
Ethan,Taylor,328,Clayder Lane,Greater Sudbury,Manitoba,E4S 3C4,Canada,282319633,Ethan@eye.com
Ethan,Jones,33,Claremont Street,Norfolk County,Prince Edward Island,J0N 0Z3,Canada,138030660,Ethan@way.com
William,Jackson,476,Armview Terrace,Welland,Saskatchewan,"B0T 0Y5 ",Canada,703025886,William@world.com
James,Johnson,337,Chelsea Lane,Aurora,Manitoba,V8C 0S2,Canada,593520087,James@story.com
Ethan,Moore,106,Cabot Street,Welland,Yukon,V8C 0S2,Canada,1355173730,Ethan@student.com
Ethan,Brown,387,Birches Drive,Cape Breton,Quebec,E4M 2G2,Canada,1320426839,Ethan@problem.com
Jacob,Moore,266,Berlin Street,Sarnia,Quebec,L9R 0A0,Canada,171472146,Jacob@people.com
