First Name,Last Name,Street Number,Street,City,Province,Postal Code,Country,Phone Number,email Address
James,Thomas,107,Cedarbank Terrace,Saint-Jean-sur-Richelieu,Prince Edward Island,H3J 3P2,Canada,959924270,James@week.com
"",Brown,392,Church Street,Brantford,Newfoundland and Labrador,E5V 3X5,Canada,1388781666,null@case.com
Ethan,Anderson,244,Albemarle Street,Waterloo,Alberta,L3V 1Y8,Canada,348089805,Ethan@place.com
William,Anderson,174,Brook Street,Maple Ridge,New Brunswick,"V1K 1V0 ",Canada,633561874,William@lot.com
Ethan,Davis,322,Bermuda Avenue,Saanich,Newfoundland and Labrador,J1S 0R4,Canada,1311141024,Ethan@student.com
James,,400,Bliss Street,Sarnia,Manitoba,E4M 2G2,Canada,473476326,James@point.com
Ethan,Miller,490,Abercrombie Lane,Brampton,Manitoba,L0N 3J2,Canada,1243104194,Ethan@week.com
James,Wilson,63,Bobolink Street,Grande Prairie,Alberta,L9R 0A0,Canada,608403328,James@eye.com
Alexander,Brown,34,Clayton Park Drive,Peterborough,Yukon,"B0T 0Y5 ",Canada,505658955,Alexander@night.com
Ethan,Williams,254,Battery 18th Road,Medicine Hat,Northwest Territories,J9P 1C6,Canada,616896332,Ethan@way.com
Ethan,,236,Chisholm Avenue,Saanich,Nunavut,H9S 1R4,Canada,967768958,Ethan@place.com
Liam,Brown,121,Caxton Close,Brantford,Prince Edward Island,J1S 0R4,Canada,328893614,Liam@system.com
James,Taylor,225,Bilton Lane,Saint-Jean-sur-Richelieu,Prince Edward Island,N8A 0B3,Canada,695954036,James@number.com
James,Johnson,36,Alm-a Ramp,Newmarket,Northwest Territories,L0N 3J2,Canada,183633770,James@family.com
William,Taylor,411,Aukland Place,Winnipeg,Nova Scotia,N8A 0B3,Canada,1005651323,William@number.com
Jacob,Wilson,471,Avon Crescent,Delta,British Columbia,E4S 3C4,Canada,1040939044,Jacob@government.com
William,Thomas,428,,Barrie,New Brunswick,G6X 2L1,Canada,645279498,William@part.com
"",Anderson,449,Brighton Avenue,Belleville,Nunavut,L4A 0T0,Canada,738492214,null@place.com
Ethan,Davis,253,Armoury Place,Lethbridge,Prince Edward Island,L9R 0A0,Canada,344639716,Ethan@student.com
"",Moore,249,Bedros Lane,Calgary,Nunavut,N4N 0B9,Canada,1038453481,null@job.com
"",Wilson,391,Armcrescent West Avenue,Saint John,Nunavut,J0J 3V6,Canada,1014550908,null@word.com
James,Wilson,92,Cabot Back Lane,Halifax,Prince Edward Island,J1S 0R4,Canada,577794085,James@problem.com
"",Miller,5,Blenheim Terrace,Wood Buffalo,Yukon,J1S 0R4,Canada,945820512,null@book.com
Mason,Brown,374,Armoury Place,St. John's,Nova Scotia,T1L 2H8,Canada,348656393,Mason@day.com
Ethan,Jackson,400,Brenton Street,Nanaimo,Prince Edward Island,B3V 2V1,Canada,488963176,Ethan@point.com
Jacob,Jackson,274,Belmont Road,Lethbridge,Saskatchewan,J0N 0Z3,Canada,259374558,Jacob@system.com
Jacob,Moore,110,Cabot Street,Airdrie,British Columbia,B3V 2V1,Canada,671183691,Jacob@life.com
"",Thomas,491,Ashdale Avenue,Oshawa,Northwest Territories,H0H 3C9,Canada,473616032,null@thing.com
Ethan,Johnson,458,Alm-a Ramp,Grande Prairie,Northwest Territories,J0J 3V6,Canada,562560040,Ethan@program.com
Mason,Taylor,102,Brockhurst Close,Brantford,Newfoundland and Labrador,E7E 3T7,Canada,552393833,Mason@state.com
Liam,Jones,379,Battery 18th Road,Nanaimo,Northwest Territories,"B0T 0Y5 ",Canada,235468050,Liam@water.com
"",Jackson,298,Chester Avenue,Drummondville,Yukon,E7E 3T7,Canada,1117443958,null@company.com
Alexander,Thomas,75,Beaufort Avenue,Richmond Hill,Nunavut,"B0T 0Y5 ",Canada,504896632,Alexander@word.com
William,Thomas,120,Armoury Place,Chilliwack,Nunavut,B3V 2V1,Canada,1091178366,William@country.com
William,Johnson,290,Brackley Place,Saint-JÃ©rÃ´me,Northwest Territories,G0H 2P3,Canada,399798512,William@company.com
"",Taylor,290,Cherry Lane,Longueuil,Nunavut,J0J 3V6,Canada,1402077339,null@Mr.com
"",Miller,79,Chebucto Lane,Belleville,Newfoundland and Labrador,T1L 2H8,Canada,712375846,null@way.com
Alexander,Brown,379,Artillery Place,Trois-RiviÃ¨res,Manitoba,L0N 3J2,Canada,1214337197,Alexander@study.com
Liam,Thomas,206,Benalder Lane,LÃ©vis,Yukon,N8A 0B3,Canada,700496362,Liam@year.com
William,Jones,21,Chipstone Close,Kitchener,Newfoundland and Labrador,G3E 2K4,Canada,339210559,William@case.com
Jacob,Anderson,113,Africville Road,Quebec City,Nunavut,H0H 3C9,Canada,1004609726,Jacob@story.com
William,Miller,473,Bridges Street,Regina,Alberta,N8H 2H6,Canada,571104985,William@school.com
