First Name,Last Name,Street Number,Street,City,Province,Postal Code,Country,Phone Number,email Address
Jacob,Moore,198,Carlton Street,Sherbrooke,New Brunswick,L3V 1Y8,Canada,880403233,Jacob@mother.com
"",Johnson,117,Birchdale Avenue,Montreal,Nunavut,J0J 3V6,Canada,668940382,null@day.com
Jacob,Thomas,29,Cedarbrae Lane,Moncton,Manitoba,J0J 3V6,Canada,1211603234,Jacob@school.com
Jacob,Johnson,250,Birchwood Drive,Port Coquitlam,Nova Scotia,K1B 3B2,Canada,1059062464,Jacob@day.com
James,Miller,131,Ardwell Avenue,St. Catharines,New Brunswick,H0H 3C9,Canada,1366879698,James@mother.com
Jacob,Anderson,304,Cascade Drive,Cambridge,Newfoundland and Labrador,E5V 3X5,Canada,1266768789,Jacob@study.com
Ethan,Jones,252,Bronson Avenue,Saanich,Alberta,J0N 0Z3,Canada,1154635627,Ethan@job.com
Ethan,Wilson,148,Blink Bonnie Terrace,Prince George,Manitoba,N4N 0B9,Canada,784659864,Ethan@Mr.com
"",Jones,329,Birchfield Crescent,Sault Ste. Marie,,H9S 1R4,Canada,372292925,null@life.com
Ethan,Miller,357,Alm-c Ramp,LÃ©vis,Northwest Territories,V8B 1P6,Canada,259435413,Ethan@country.com
"",Brown,86,Briar Place,Port Coquitlam,New Brunswick,N5C 2J8,Canada,624235545,null@word.com
Mason,Brown,459,Admirals Way,Caledon,Manitoba,"L4A 0T3 ",Canada,958372751,Mason@business.com
"",Miller,316,Canary Crescent,Ajax,Manitoba,G6X 2L1,Canada,1362492993,null@child.com
James,Taylor,477,Brighton Avenue,New Westminster,Nunavut,J9T 3H4,Canada,953887379,James@home.com
James,Brown,159,Carrington Place,Moncton,Nunavut,J0N 0Z3,Canada,1324879226,James@place.com
James,Moore,470,Berlin Street,Drummondville,Nova Scotia,,Canada,668423019,James@week.com
William,Williams,116,Charlton Avenue,Surrey,Newfoundland and Labrador,E7E 3T7,Canada,1360629849,William@life.com
Alexander,Taylor,241,Cherry Lane,Burnaby,Nunavut,G6X 2L1,Canada,1330210345,Alexander@fact.com
Jacob,Miller,103,Cherry Street,Saint John,Nova Scotia,,Canada,186929664,Jacob@story.com
James,Wilson,368,Birchview Drive,St. John's,Nunavut,E5V 3X5,Canada,631139049,James@money.com
Jacob,Johnson,13,Bloomingdale Terrace,Oakville,Northwest Territories,L4A 0T0,Canada,604000471,Jacob@thing.com
Mason,Johnson,13,Bryden Avenue,Whitby,Nova Scotia,J0N 0Z3,Canada,701523420,Mason@lot.com
Jacob,Thomas,208,Beaufort Avenue,Oshawa,Prince Edward Island,H9S 1R4,Canada,805464591,Jacob@work.com
William,Williams,87,Bedford Row,St. John's,Alberta,J9T 3H4,Canada,1185039498,William@point.com
Liam,Jones,79,Auburn Avenue,Brantford,Prince Edward Island,T1L 2H8,Canada,609876105,Liam@family.com
James,Brown,25,Chebucto Lane,Aurora,Nunavut,"L4A 0T3 ",Canada,1174200712,James@Mr.com
Ethan,Jones,396,Brockhurst Close,Mirabel,Newfoundland and Labrador,E7E 3T7,Canada,1186713223,Ethan@number.com
Mason,,281,Albert Walker Drive,Greater Sudbury,Nunavut,E7E 3T7,Canada,1259428858,Mason@life.com
