First Name,Last Name,Street Number,Street,City,Province,Postal Code,Country,Phone Number,email Address
Mason,Taylor,109,Birchfield Crescent,Thunder Bay,Newfoundland and Labrador,E4M 2G2,Canada,1312051769,Mason@thing.com
"",Jones,57,Chartwell Lane,Thunder Bay,Newfoundland and Labrador,J0N 0Z3,Canada,686031874,null@day.com
Jacob,Johnson,253,Balwearie Lane,Red Deer,Prince Edward Island,T1L 2H8,Canada,168253051,Jacob@man.com
Ethan,Davis,46,Catamaran Road,Nanaimo,Prince Edward Island,G6X 2L1,Canada,236366903,Ethan@Mr.com
Jacob,Brown,137,Bluestone Road,Moncton,New Brunswick,H0H 3C9,Canada,1238425783,Jacob@home.com
Ethan,Jackson,258,Auburn Avenue,Port Coquitlam,Northwest Territories,"V1K 1V0 ",Canada,655815431,Ethan@system.com
William,,284,Cabot Street,Guelph,Prince Edward Island,H0H 3C9,Canada,247822221,William@people.com
William,Taylor,23,Abrams Way,Strathcona County,Quebec,N5C 2J8,Canada,1197852486,William@month.com
Mason,Anderson,395,Aurora Avenue,Oshawa,Alberta,G3H 0B4,Canada,460994021,Mason@program.com
Jacob,Johnson,116,Chelsea Lane,Guelph,Saskatchewan,H0H 3C9,Canada,821654663,Jacob@country.com
Liam,Williams,105,Alm-c Ramp,Repentigny,Yukon,,Canada,1317586558,Liam@student.com
Ethan,Jones,486,Armview Terrace,Mississauga,British Columbia,L9R 0A0,Canada,1100920190,Ethan@group.com
William,Jones,166,Cedarbrae Lane,Blainville,New Brunswick,N4N 0B9,Canada,884291211,William@year.com
Ethan,Taylor,295,Almon Street,Calgary,Nunavut,B2E 0X4,Canada,1312360851,Ethan@hand.com
William,Taylor,101,Bellevue Avenue,New Westminster,Nova Scotia,L3V 1Y8,Canada,471846149,William@country.com
James,Anderson,295,Balwearie Lane,Longueuil,Prince Edward Island,N8A 0B3,Canada,1054165595,James@week.com
James,Brown,478,Athlone Avenue,,British Columbia,L3V 1Y8,Canada,695166711,James@water.com
Mason,,482,Cedarbrae Lane,Burnaby,Manitoba,J1S 0R4,Canada,706546548,Mason@part.com
Alexander,Johnson,181,Barrington Street,Prince George,Nunavut,H3J 3P2,Canada,1112104413,Alexander@part.com
Jacob,Moore,175,Apollo Court,Greater Sudbury,Yukon,K1B 3B2,Canada,893632495,Jacob@water.com
"",Johnson,404,Albert Walker Drive,Whitby,Saskatchewan,V8B 1P6,Canada,1018987474,null@right.com
