First Name,Last Name,Street Number,Street,City,Province,Postal Code,Country,Phone Number,email Address
"",Miller,371,Adelaide Avenue,Pickering,New Brunswick,G3H 0B4,Canada,1210648951,null@year.com
William,Davis,352,Arvida Avenue,Vancouver,Newfoundland and Labrador,"B0T 0Y5 ",Canada,1187608339,William@study.com
Alexander,Williams,295,Apollo Court,Caledon,British Columbia,N4N 0B9,Canada,1050133016,Alexander@eye.com
Jacob,Johnson,131,Bell Road,Airdrie,Alberta,H3J 3P2,Canada,669995486,Jacob@part.com
Liam,Thomas,355,Black Street,Quebec City,Yukon,N8A 0B3,Canada,473558922,Liam@fact.com
William,Wilson,449,Bridges Street,Kelowna,Northwest Territories,L4A 0T0,Canada,1208524331,William@right.com
"",Moore,187,Cabot Back Lane,North Bay,Northwest Territories,V8B 1P6,Canada,841027666,null@group.com
"",Miller,365,Blenheim Terrace,Kawartha Lakes,Alberta,"V1K 1V0 ",Canada,1223844094,null@child.com
Jacob,Jackson,61,Clinton Avenue,Aurora,Nunavut,N4N 0B9,Canada,564324805,Jacob@fact.com
William,Taylor,295,Bedford Row,Niagara Falls,Saskatchewan,E7E 3T7,Canada,509949641,William@life.com
Jacob,Brown,240,Chebucto Lane,Brampton,Nunavut,N8A 0B3,Canada,935719735,Jacob@problem.com
"",Anderson,170,Camelot Lane,Victoria,Alberta,E7E 3T7,Canada,1128595144,null@point.com
Ethan,Wilson,51,Chadwick Place,Mississauga,Prince Edward Island,"B0T 0Y5 ",Canada,1208223306,Ethan@time.com
Mason,Davis,347,Chain Rock Drive,Thunder Bay,Newfoundland and Labrador,G0H 2P3,Canada,438195443,Mason@man.com
William,Miller,5,Alm-d Ramp,Oakville,Prince Edward Island,T1L 2H8,Canada,629829628,William@work.com
William,Johnson,43,Carroll Lane,LÃ©vis,Yukon,E5V 3X5,Canada,650370660,William@country.com
Mason,,476,Anchor Drive,Granby,,J0J 3V6,Canada,541996773,Mason@people.com
Liam,Williams,448,Bauer Street,Aurora,Manitoba,T1L 2H8,Canada,932313031,Liam@eye.com
Mason,Thomas,8,Chocolate Lake Road,Barrie,Prince Edward Island,G3H 0B4,Canada,1187640103,Mason@country.com
Liam,Miller,102,Clayder Lane,Guelph,Northwest Territories,G0H 2P3,Canada,450625557,Liam@hand.com
Ethan,Thomas,109,Angus L Macdonald Bridge,North Vancouver,Alberta,G3E 2K4,Canada,423952361,Ethan@woman.com
"",,410,Abrams Way,Victoria,Saskatchewan,"B0T 0Y5 ",Canada,1145413905,null@child.com
Jacob,Thomas,306,Bauer Street,Niagara Falls,British Columbia,J0J 3V6,Canada,890574637,Jacob@money.com
Ethan,Williams,235,Broadholme Lane,St. John's,Northwest Territories,E4S 3C4,Canada,533522308,Ethan@student.com
Mason,Taylor,54,Campbell Drive,Longueuil,Yukon,E4M 2G2,Canada,892076900,Mason@program.com
William,Johnson,200,Brackley Place,Repentigny,Newfoundland and Labrador,E7E 3T7,Canada,517313288,William@job.com
Mason,,9,Alex Street,Port Coquitlam,Saskatchewan,G0H 2P3,Canada,114993548,Mason@day.com
William,Brown,235,Blue Thistle Road,Cape Breton,Prince Edward Island,G3H 0B4,Canada,329706328,William@family.com
Alexander,Taylor,10,Chadwick Place,Brantford,Manitoba,V8C 0S2,Canada,400606166,Alexander@group.com
Mason,Jones,331,Centre Gate,Coquitlam,Northwest Territories,G0H 2P3,Canada,627427699,Mason@study.com
Mason,Anderson,394,Beech Street,Sault Ste. Marie,Alberta,G3E 2K4,Canada,673035202,Mason@case.com
Mason,Jones,115,Carriageway Crescent,Aurora,Northwest Territories,G3E 2K4,Canada,1171130679,Mason@company.com
Liam,,78,Albion Road,Caledon,Nova Scotia,H9S 1R4,Canada,980874839,Liam@eye.com
