First Name,Last Name,Street Number,Street,City,Province,Postal Code,Country,Phone Number,email Address
Liam,Jackson,48,Binney Street,Aurora,Nova Scotia,L9R 0A0,Canada,1123767908,Liam@problem.com
Ethan,Davis,138,Annandale Street,Brantford,Newfoundland and Labrador,G3H 0B4,Canada,1122966150,Ethan@case.com
William,Johnson,323,Brodick Lane,Prince George,Alberta,E4S 3C4,Canada,739222179,William@work.com
James,Davis,250,Cairnwell Close,Lethbridge,Northwest Territories,N5C 2J8,Canada,1165209665,James@Mr.com
"",Johnson,189,Amirault Court,Gatineau,Saskatchewan,E4S 3C4,Canada,300692301,null@fact.com
William,Johnson,258,Beaufort Avenue,Thunder Bay,Quebec,"L4A 0T3 ",Canada,587066800,William@year.com
"",Thomas,63,Birch Street,Greater Sudbury,Quebec,H3J 3P2,Canada,927350356,null@group.com
Alexander,Thomas,25,Armcrescent East Drive,Pickering,Northwest Territories,H3J 3P2,Canada,341031198,Alexander@year.com
William,Jones,368,Armcrescent West Avenue,Chilliwack,Nunavut,,Canada,349798457,William@study.com
Jacob,Miller,220,Cabot Place,Aurora,Prince Edward Island,N4N 0B9,Canada,227203589,Jacob@program.com
"",Jones,394,Bilby Street,Oakville,Quebec,G6X 2L1,Canada,959891547,null@point.com
Jacob,Williams,307,Breen Avenue,Saanich,Prince Edward Island,T1L 2H8,Canada,194636596,Jacob@place.com
William,,209,Circle Drive,Strathcona County,Manitoba,J9P 1C6,Canada,877311160,William@student.com
Mason,Moore,244,Cabot Back Lane,Blainville,Prince Edward Island,E7E 3T7,Canada,140199744,Mason@eye.com
"",Wilson,213,Ash Lake Court,Langley,Nova Scotia,E4M 2G2,Canada,1006541159,null@world.com
Alexander,Thomas,130,Chestnut Street,Moncton,Nunavut,N4N 0B9,Canada,991610155,Alexander@state.com
Mason,Taylor,240,Brigadier Court,Strathcona County,Alberta,J1S 0R4,Canada,184011400,Mason@part.com
Alexander,Brown,28,Abercrombie Lane,Red Deer,Prince Edward Island,"L4A 0T3 ",Canada,1020550695,Alexander@room.com
Jacob,Miller,138,Bedford Windsor Ramp,Airdrie,,G3H 0B4,Canada,285365789,Jacob@company.com
William,Williams,305,Bronson Avenue,Whitby,Manitoba,H9S 1R4,Canada,212370911,William@Mr.com
James,Williams,378,Bilby Street,Newmarket,Nova Scotia,K1B 3B2,Canada,1399167905,James@point.com
Jacob,Davis,142,Cartaret Street,Strathcona County,Alberta,E4S 3C4,Canada,347495584,Jacob@way.com
James,Thomas,453,Armdale Rotary,Milton,Northwest Territories,J0N 0Z3,Canada,157091335,James@Mr.com
William,Miller,378,Aukland Place,Oakville,Alberta,G3H 0B4,Canada,480661635,William@business.com
Mason,Thomas,17,Chain Lake Drive,Burlington,Northwest Territories,"L4A 0T3 ",Canada,343014982,Mason@word.com
"",Miller,295,Buddy Daye Street,Moncton,Prince Edward Island,N8H 2H6,Canada,1383943253,null@week.com
Alexander,Taylor,216,Brenton Place,Brantford,Nova Scotia,V8C 0S2,Canada,984065005,Alexander@country.com
Liam,Miller,160,Atlantic Street,Drummondville,Alberta,N4N 0B9,Canada,568986066,Liam@company.com
James,Johnson,281,Aurora Avenue,Prince George,New Brunswick,E7E 3T7,Canada,1051701724,James@night.com
"",Taylor,64,Athlone Avenue,Pickering,Prince Edward Island,E4S 3C4,Canada,356123990,null@lot.com
"",Thomas,112,Bedford Highway,North Vancouver,Nunavut,"L4A 0T3 ",Canada,300829467,null@part.com
Mason,Jackson,216,Buddy Daye Street,Terrebonne,Northwest Territories,N5C 2J8,Canada,1099363674,Mason@family.com
William,Jones,345,Bethany Way,Kingston,Manitoba,L4A 0T0,Canada,1216791271,William@hand.com
Liam,Taylor,420,Argyle Street,Saint John,New Brunswick,H0H 3C9,Canada,1081651005,Liam@place.com
"",Thomas,166,Beresford Road,Sherbrooke,Prince Edward Island,E5V 3X5,Canada,320909688,null@business.com
William,Anderson,291,Chessvale Close,Windsor,Nunavut,B3V 2V1,Canada,304391853,William@work.com
"",Williams,351,Bellevue Avenue,,,G0H 2P3,Canada,902620359,null@month.com
Jacob,Wilson,372,Battery Drive,Lethbridge,Northwest Territories,E4M 2G2,Canada,269452164,Jacob@question.com
James,Brown,33,Charles Street,Saanich,New Brunswick,L3V 1Y8,Canada,1243130370,James@country.com
Ethan,Thomas,421,Bedford Highway,Gatineau,Prince Edward Island,H3J 3P2,Canada,1206855821,Ethan@government.com
Liam,,353,Chisholm Avenue,Chilliwack,Alberta,J9T 3H4,Canada,1406249317,Liam@question.com
