First Name,Last Name,Street Number,Street,City,Province,Postal Code,Country,Phone Number,email Address
Ethan,Anderson,50,Allan Street,Grande Prairie,Newfoundland and Labrador,E4S 3C4,Canada,1109364507,Ethan@word.com
Ethan,Williams,288,Bauer Street,Windsor,Prince Edward Island,J0J 3V6,Canada,1116324758,Ethan@country.com
Ethan,Anderson,383,Church Street,Cape Breton,New Brunswick,B3V 2V1,Canada,158779352,Ethan@number.com
Alexander,Taylor,10,Chebucto Lane,North Vancouver,New Brunswick,N8A 0B3,Canada,846730287,Alexander@country.com
Mason,Wilson,430,Adelaide Avenue,Strathcona County,Manitoba,N8H 2H6,Canada,257347200,Mason@family.com
William,Thomas,87,Basinview Drive,Saint John,Prince Edward Island,J9P 1C6,Canada,699382693,William@group.com
Ethan,,375,Alm-a Ramp,Milton,Northwest Territories,H0H 3C9,Canada,278380061,Ethan@part.com
"",Davis,150,Bluestone Road,Sault Ste. Marie,Prince Edward Island,G3H 0B4,Canada,367143145,null@right.com
William,Johnson,472,Birchwood Drive,Longueuil,Northwest Territories,J9T 3H4,Canada,1327923987,William@point.com
Mason,Williams,372,Altavista Lane,Saint John,,J0J 3V6,Canada,297825897,Mason@hand.com
Mason,Jones,325,Buddy Daye Street,Guelph,Newfoundland and Labrador,,Canada,1031957977,Mason@month.com
James,,73,Ardwell Avenue,Guelph,Northwest Territories,B2E 0X4,Canada,1055372889,James@state.com
Jacob,Brown,485,Beaufort Avenue,St. Catharines,Alberta,L9R 0A0,Canada,1112724392,Jacob@student.com
Ethan,Moore,415,Armada Drive,Brossard,Prince Edward Island,N8A 0B3,Canada,126416289,Ethan@program.com
Mason,Anderson,408,Ardwell Avenue,Blainville,Manitoba,J0N 0Z3,Canada,461512755,Mason@study.com
Jacob,Thomas,316,Bayne Street,North Vancouver,Northwest Territories,E4S 3C4,Canada,346011643,Jacob@work.com
"",Williams,192,Brigadier Court,Nanaimo,Prince Edward Island,J9P 1C6,Canada,1302575212,null@week.com
Mason,Williams,409,Acadia Street,Laval,Manitoba,N8H 2H6,Canada,174483616,Mason@place.com
Alexander,Brown,90,Buddy Daye Street,Mississauga,Prince Edward Island,"B0T 0Y5 ",Canada,123919768,Alexander@eye.com
Jacob,Jackson,97,Bedford Highway Ramp,Belleville,Quebec,H0H 3C9,Canada,661618828,Jacob@water.com
Jacob,Taylor,457,Agricola Street,Vancouver,Nunavut,E4S 3C4,Canada,800931472,Jacob@world.com
Alexander,,263,Burgee Run,Port Coquitlam,Yukon,L9R 0A0,Canada,422727453,Alexander@state.com
James,Jackson,79,Chebucto Road,Saint-Hyacinthe,Newfoundland and Labrador,G3H 0B4,Canada,592610313,James@hand.com
William,Anderson,416,Chain Lake Drive,Welland,Prince Edward Island,E5V 3X5,Canada,1382175615,William@word.com
James,Williams,85,Clearview Street,Markham,Prince Edward Island,L3V 1Y8,Canada,596461516,James@lot.com
James,Moore,81,Chain Lake Drive,Cape Breton,Quebec,,Canada,537350311,James@thing.com
