First Name,Last Name,Street Number,Street,City,Province,Postal Code,Country,Phone Number,email Address
Liam,Brown,134,Bower Road,Kelowna,Prince Edward Island,N5C 2J8,Canada,300192765,Liam@child.com
Alexander,Thomas,500,Ahern Avenue,Abbotsford,Prince Edward Island,G6X 2L1,Canada,887292940,Alexander@book.com
William,,407,Bluestone Road,Brantford,Prince Edward Island,V8B 1P6,Canada,793240572,William@life.com
James,Moore,166,Churchill Drive,Brampton,Nunavut,J9P 1C6,Canada,894465031,James@company.com
Ethan,Miller,215,Brewer Court,Richmond Hill,Prince Edward Island,H9S 1R4,Canada,233848669,Ethan@water.com
Alexander,,369,Bond Street,Quebec City,Northwest Territories,N8A 0B3,Canada,198019605,Alexander@mother.com
"",Moore,126,Bronson Avenue,Niagara Falls,Prince Edward Island,"V1K 1V0 ",Canada,689829919,null@home.com
Mason,Wilson,163,Bellevue Avenue,Surrey,Northwest Territories,E5V 3X5,Canada,611681099,Mason@week.com
James,Davis,358,Albert Street,Trois-RiviÃ¨res,Quebec,J9T 3H4,Canada,676566687,James@hand.com
William,Jones,188,Ashburn Avenue,Windsor,Prince Edward Island,B2E 0X4,Canada,893985377,William@water.com
Mason,Anderson,442,Abrams Way,Cape Breton,Newfoundland and Labrador,L0N 3J2,Canada,1008138862,Mason@problem.com
Ethan,Wilson,126,Chester Avenue,St. Catharines,Northwest Territories,L0N 3J2,Canada,981616751,Ethan@company.com
"",Jackson,353,Binney Street,Newmarket,Newfoundland and Labrador,L4A 0T0,Canada,225648467,null@lot.com
"",Davis,184,Cambridge Street,Regina,Prince Edward Island,L9R 0A0,Canada,735336431,null@way.com
William,Williams,398,Bayne St Ramp,,Newfoundland and Labrador,E7E 3T7,Canada,334084126,William@country.com
Liam,Jones,249,Battery Drive,Granby,New Brunswick,J0J 3V6,Canada,1311274139,Liam@night.com
William,Johnson,289,Attenborough Court,Red Deer,Nunavut,L0N 3J2,Canada,408843024,William@eye.com
Alexander,Moore,370,Brycedale Lane,Peterborough,Northwest Territories,H0H 3C9,Canada,348998163,Alexander@study.com
Liam,Jackson,286,Birches Drive,Kitchener,Northwest Territories,J1S 0R4,Canada,255251054,Liam@way.com
Ethan,Thomas,421,Chebucto Lane,Kitchener,New Brunswick,E4M 2G2,Canada,576687855,Ethan@company.com
"",Miller,486,Bridget Avenue,Windsor,Nunavut,H3J 3P2,Canada,1331718097,null@night.com
Ethan,Miller,458,Bell Road,St. Albert,Alberta,V8B 1P6,Canada,419133877,Ethan@government.com
Jacob,,31,Brigadier Court,Oakville,Nunavut,E4M 2G2,Canada,732927963,Jacob@night.com
"",Thomas,409,Arnold Drive,North Bay,New Brunswick,B3V 2V1,Canada,486090354,null@hand.com
Mason,Thomas,304,Chain Rock Drive,LÃ©vis,Nunavut,G3E 2K4,Canada,486695860,Mason@woman.com
