First Name,Last Name,Street Number,Street,City,Province,Postal Code,Country,Phone Number,email Address
Mason,Williams,457,Bonaventure Drive,Barrie,Nova Scotia,J1S 0R4,Canada,513690266,Mason@book.com
William,Anderson,280,Banbury Close,Greater Sudbury,Prince Edward Island,J0J 3V6,Canada,482783888,William@mother.com
Alexander,Miller,62,Alm-a Ramp,Pickering,Nunavut,L9R 0A0,Canada,243015062,Alexander@people.com
Liam,Taylor,168,Church Street,Quebec City,Manitoba,E4M 2G2,Canada,968449710,Liam@book.com
Jacob,Davis,386,Botany Terrace,Sault Ste. Marie,Nunavut,,Canada,152694104,Jacob@number.com
"",Williams,313,Cambridge Street,Wood Buffalo,Prince Edward Island,J9P 1C6,Canada,176385007,null@day.com
William,Jackson,280,Brodick Lane,Drummondville,Prince Edward Island,G3H 0B4,Canada,565968751,William@right.com
Ethan,Johnson,273,Brenton Place,Quebec City,Manitoba,H0H 3C9,Canada,735061001,Ethan@book.com
Liam,Wilson,119,Bilton Lane,Peterborough,New Brunswick,,Canada,459789902,Liam@question.com
Ethan,Johnson,5,Artillery Place,Montreal,British Columbia,E4S 3C4,Canada,1200456986,Ethan@study.com
Liam,Wilson,446,Ashburn Avenue,Medicine Hat,British Columbia,N5C 2J8,Canada,1336726482,Liam@country.com
Ethan,Thomas,451,Armoury Place,Oakville,British Columbia,J9T 3H4,Canada,551082712,Ethan@school.com
Ethan,Miller,174,Birchwood Drive,Oakville,,H3J 3P2,Canada,1377251846,Ethan@fact.com
Ethan,Moore,493,Benjamin Green Drive,Welland,Newfoundland and Labrador,J9T 3H4,Canada,1182642136,Ethan@people.com
Ethan,Thomas,272,Boulderwood Road,St. Catharines,Nova Scotia,H9S 1R4,Canada,283097823,Ethan@right.com
Liam,Johnson,371,Ashdale Avenue,Cape Breton,New Brunswick,E5V 3X5,Canada,532847616,Liam@part.com
Alexander,,280,Brackley Place,Brantford,Nunavut,E4S 3C4,Canada,261435675,Alexander@day.com
Jacob,Williams,185,Artz Street,,Yukon,L4A 0T0,Canada,1020091709,Jacob@mother.com
Mason,,327,Brycedale Lane,Repentigny,Quebec,,Canada,1234054854,Mason@system.com
Alexander,Thomas,231,Armcrescent West Avenue,Ajax,Prince Edward Island,V8C 0S2,Canada,194812017,Alexander@Mr.com
Ethan,Jones,37,Arnold Drive,Saanich,Manitoba,V8C 0S2,Canada,1310355544,Ethan@day.com
James,Thomas,256,Arthur Street,Repentigny,Prince Edward Island,N8A 0B3,Canada,724607418,James@lot.com
Ethan,Jackson,186,Breen Avenue,Longueuil,Northwest Territories,L9R 0A0,Canada,196535289,Ethan@family.com
Jacob,Thomas,417,Argyle Street,Airdrie,Nunavut,J9T 3H4,Canada,715594285,Jacob@student.com
"",Johnson,97,Albemarle Street,Brampton,Newfoundland and Labrador,L0N 3J2,Canada,1041719507,null@Mr.com
Liam,Taylor,428,Bridget Avenue,Brantford,Nova Scotia,L9R 0A0,Canada,739317163,Liam@study.com
Mason,Brown,448,Cedarbrae Lane,Drummondville,Nunavut,G3E 2K4,Canada,1350541712,Mason@point.com
Mason,Taylor,496,Bristol Place,Brossard,Quebec,"B0T 0Y5 ",Canada,1175374889,Mason@money.com
Ethan,Thomas,89,Alderwood Drive,Sault Ste. Marie,Newfoundland and Labrador,J0J 3V6,Canada,799379899,Ethan@year.com
Alexander,Taylor,15,Cloverdale Road,Ottawa,Nunavut,E7E 3T7,Canada,553473423,Alexander@week.com
Jacob,Jones,83,Alm-a Ramp,Hamilton,Alberta,G3H 0B4,Canada,506752553,Jacob@thing.com
Jacob,Jones,343,Bosun Run,North Bay,Newfoundland and Labrador,E4M 2G2,Canada,1239875173,Jacob@problem.com
James,Moore,399,Bridges Street,Saint-Hyacinthe,Nova Scotia,L0N 3J2,Canada,818708872,James@group.com
Ethan,Williams,489,Braemount Drive,Brampton,New Brunswick,J9P 1C6,Canada,159496813,Ethan@study.com
Ethan,Davis,115,Bonaventure Drive,Saint John,Prince Edward Island,B3V 2V1,Canada,104223586,Ethan@water.com
"",,165,Blue Thistle Road,Wood Buffalo,Northwest Territories,L9R 0A0,Canada,1351196975,null@part.com
Ethan,Davis,335,Beechwood Terrace,Kingston,Nova Scotia,"L4A 0T3 ",Canada,416721847,Ethan@world.com
James,Williams,476,Buffers Lane,Barrie,Northwest Territories,E4M 2G2,Canada,216804695,James@case.com
William,,258,Aurora Avenue,Saint John,Nunavut,"L4A 0T3 ",Canada,256443733,William@Mr.com
James,Jones,146,Bliss Street,Guelph,Nova Scotia,"L4A 0T3 ",Canada,1321004831,James@way.com
William,,236,Breen Avenue,Cape Breton,Quebec,V8B 1P6,Canada,761929474,William@case.com
Liam,Brown,274,Bluestone Road,Saint John,Saskatchewan,G0H 2P3,Canada,926994829,Liam@place.com
