First Name,Last Name,Street Number,Street,City,Province,Postal Code,Country,Phone Number,email Address
William,Williams,213,Battery Drive,Winnipeg,Newfoundland and Labrador,G0H 2P3,Canada,1198351567,William@money.com
Liam,Moore,484,Ashton Lane,Barrie,Quebec,V8C 0S2,Canada,571341509,Liam@right.com
"",Moore,387,Catamaran Road,Repentigny,Saskatchewan,J0N 0Z3,Canada,256211979,null@month.com
Mason,Brown,219,Brighton Avenue,Peterborough,Northwest Territories,B2E 0X4,Canada,940107251,Mason@study.com
Liam,Wilson,352,Battery 18th Road,Aurora,Manitoba,E4S 3C4,Canada,1239278975,Liam@right.com
Jacob,Brown,207,Birchwood Drive,Winnipeg,Nunavut,G3H 0B4,Canada,1063729530,Jacob@country.com
Mason,Jones,71,Balwearie Lane,Peterborough,Northwest Territories,J9P 1C6,Canada,1003904061,Mason@Mr.com
Alexander,Davis,332,Circle Drive,Cape Breton,Yukon,N8A 0B3,Canada,1331931083,Alexander@school.com
Ethan,Miller,41,Berlin Street,Kitchener,Manitoba,"L4A 0T3 ",Canada,188105489,Ethan@month.com
Ethan,Anderson,119,Birchwood Drive,Maple Ridge,Northwest Territories,G6X 2L1,Canada,1041418609,Ethan@system.com
Jacob,Jackson,16,Carriageway Crescent,Saanich,Nunavut,J0J 3V6,Canada,1138222959,Jacob@way.com
Mason,Thomas,472,Birch Cove Lane,Saanich,Northwest Territories,G3H 0B4,Canada,442420873,Mason@school.com
Mason,Thomas,437,Berkshire Close,Strathcona County,New Brunswick,E7E 3T7,Canada,269678854,Mason@part.com
Ethan,Thomas,60,Amirault Court,Pickering,Quebec,K1B 3B2,Canada,226505743,Ethan@story.com
"",Brown,38,Armdale Rotary,Fredericton,Northwest Territories,V8B 1P6,Canada,434346678,null@part.com
Liam,Miller,347,Broadholme Lane,Caledon,Prince Edward Island,J0N 0Z3,Canada,283478138,Liam@group.com
Liam,Thomas,271,Artillery Place,Niagara Falls,Manitoba,,Canada,1271156903,Liam@study.com
Alexander,Davis,190,Birches Drive,Delta,Saskatchewan,G6X 2L1,Canada,670560208,Alexander@month.com
Alexander,Jones,238,Camelot Lane,Calgary,Nunavut,T1L 2H8,Canada,400499300,Alexander@job.com
William,Thomas,496,,Lethbridge,Alberta,N4N 0B9,Canada,418093719,William@month.com
Liam,,447,Belmont On The Arm,Calgary,Nova Scotia,J0N 0Z3,Canada,1392262515,Liam@school.com
"",Brown,167,Bison Crescent,Milton,Nunavut,E5V 3X5,Canada,1176376407,null@student.com
"",Thomas,126,Bower Road,Airdrie,Northwest Territories,H0H 3C9,Canada,719002210,null@school.com
Liam,Williams,80,Church Street,Oshawa,Quebec,T1L 2H8,Canada,843522164,Liam@government.com
James,Wilson,40,Alm-a Ramp,Windsor,British Columbia,E7E 3T7,Canada,1224097379,James@government.com
Alexander,Brown,95,Artz Street,St. Catharines,Alberta,H9S 1R4,Canada,508541796,Alexander@job.com
"",Anderson,299,Bryden Avenue,Mirabel,New Brunswick,V8B 1P6,Canada,978893524,null@life.com
Ethan,Thomas,369,Bedros Lane,Waterloo,Nova Scotia,,Canada,1232073573,Ethan@place.com
Liam,Jones,322,Armada Drive,London,Northwest Territories,T1L 2H8,Canada,467914229,Liam@study.com
William,Jones,486,Armoury Place,Victoria,Nova Scotia,H9S 1R4,Canada,847960511,William@school.com
Liam,Jackson,455,Bliss Street,Clarington,Nunavut,H3J 3P2,Canada,1128772431,Liam@way.com
"",Williams,310,Armada Drive,Lethbridge,Newfoundland and Labrador,T1L 2H8,Canada,744399064,null@week.com
