First Name,Last Name,Street Number,Street,City,Province,Postal Code,Country,Phone Number,email Address
Mason,Wilson,431,Birchfield Crescent,LÃ©vis,Alberta,J0N 0Z3,Canada,112151523,Mason@night.com
"",Wilson,445,Agricola Street,Brampton,Northwest Territories,L9R 0A0,Canada,872288708,null@part.com
William,Moore,387,Beresford Road,Windsor,New Brunswick,L0N 3J2,Canada,1369836873,William@room.com
William,Jackson,71,Carlton Street,Peterborough,Saskatchewan,J1S 0R4,Canada,221730326,William@system.com
"",Moore,183,Boulderwood Road,Aurora,Quebec,N4N 0B9,Canada,427348466,null@student.com
Ethan,Wilson,418,Ballantrae Lane,Sault Ste. Marie,Prince Edward Island,"L4A 0T3 ",Canada,571072608,Ethan@woman.com
James,Moore,419,Ashburn Avenue,Burnaby,Saskatchewan,J0N 0Z3,Canada,393993485,James@room.com
Jacob,,159,Chebucto Road,Richmond Hill,Northwest Territories,E4M 2G2,Canada,315751560,Jacob@right.com
William,Davis,470,Cedar Street,Blainville,Northwest Territories,E4S 3C4,Canada,1388984898,William@question.com
"",Thomas,60,Brigadier Court,Airdrie,Quebec,L3V 1Y8,Canada,1172657159,null@place.com
"",Williams,174,Birchdale Avenue,London,Manitoba,V8B 1P6,Canada,184974809,null@book.com
Ethan,Taylor,173,Beech Street,Lethbridge,Nunavut,N8H 2H6,Canada,1058501395,Ethan@company.com
Mason,Williams,303,Church Street,Medicine Hat,Manitoba,N8H 2H6,Canada,521412344,Mason@water.com
Ethan,Davis,11,Banbury Close,Peterborough,Yukon,G6X 2L1,Canada,160271783,Ethan@place.com
William,Jones,255,Beaufort Avenue,Waterloo,Manitoba,E4M 2G2,Canada,1171741630,William@eye.com
Alexander,,320,Camelot Lane,Norfolk County,Nova Scotia,N4N 0B9,Canada,530301777,Alexander@country.com
"",Taylor,422,Brighton Avenue,Pickering,Yukon,H9S 1R4,Canada,926840847,null@part.com
"",Williams,120,Albion Road,St. Catharines,Alberta,G0H 2P3,Canada,844722308,null@country.com
Mason,Moore,355,Alton Drive,Markham,New Brunswick,J0N 0Z3,Canada,788539732,Mason@question.com
Ethan,Jackson,144,Carmichael Street,Whitby,Northwest Territories,J9P 1C6,Canada,185396888,Ethan@point.com
