First Name,Last Name,Street Number,Street,City,Province,Postal Code,Country,Phone Number,email Address
Mason,Davis,350,Albert Street,Trois-RiviÃ¨res,British Columbia,J1S 0R4,Canada,462533264,Mason@month.com
Ethan,Johnson,252,Arthur Street,Saint-Hyacinthe,New Brunswick,N4N 0B9,Canada,1346757500,Ethan@school.com
Ethan,Jones,33,Aster Court,Surrey,New Brunswick,"V1K 1V0 ",Canada,959485389,Ethan@government.com
Ethan,Thomas,405,Carmichael Street,Kamloops,Prince Edward Island,N4N 0B9,Canada,1053926039,Ethan@room.com
Alexander,Brown,368,Avon Crescent,St. Albert,New Brunswick,H0H 3C9,Canada,1303991926,Alexander@work.com
Ethan,Jackson,385,Alex Street,Wood Buffalo,Nova Scotia,J0J 3V6,Canada,394533307,Ethan@family.com
Ethan,Jones,54,Carriageway Crescent,Grande Prairie,Prince Edward Island,J0N 0Z3,Canada,558213689,Ethan@book.com
Alexander,Anderson,126,Banbury Close,Coquitlam,Nova Scotia,H0H 3C9,Canada,656237449,Alexander@school.com
Mason,,200,Belmont Road,North Vancouver,Newfoundland and Labrador,G3H 0B4,Canada,761102172,Mason@home.com
William,Moore,467,Auburn Avenue,Kawartha Lakes,New Brunswick,J0N 0Z3,Canada,748434514,William@place.com
Ethan,Taylor,306,Bliss Street,Clarington,Northwest Territories,E4S 3C4,Canada,449105882,Ethan@null
Liam,Brown,356,Ascot Avenue,Windsor,Nunavut,J9T 3H4,Canada,1369466274,Liam@man.com
James,Jones,265,Bilby Street,Richmond,Newfoundland and Labrador,H0H 3C9,Canada,910752464,James@money.com
Jacob,Williams,350,Cambridge Street,Whitby,Quebec,E4M 2G2,Canada,1223986387,Jacob@world.com
William,Williams,39,Atlantic Street,Kamloops,Nunavut,G0H 2P3,Canada,1239790871,William@student.com
Alexander,Brown,269,Bayne Street,Sherbrooke,Newfoundland and Labrador,J9T 3H4,Canada,627348064,Alexander@problem.com
Jacob,,183,Clayton Park Drive,Saint John,Nova Scotia,L0N 3J2,Canada,979821914,Jacob@point.com
Liam,Moore,427,Claymore Avenue,Whitby,Saskatchewan,E7E 3T7,Canada,812493047,Liam@child.com
Alexander,Williams,257,Brenton Place,St. Catharines,Nunavut,V8C 0S2,Canada,1139573323,Alexander@month.com
