First Name,Last Name,Street Number,Street,City,Province,Postal Code,Country,Phone Number,email Address
Jacob,Thomas,143,Cardiff Place,Victoria,New Brunswick,E4S 3C4,Canada,805265872,Jacob@case.com
"",Jackson,382,Attenborough Court,Kawartha Lakes,Saskatchewan,L9R 0A0,Canada,1379231398,null@story.com
William,Jones,479,Chelton Woods Lane,Kelowna,Nova Scotia,B3V 2V1,Canada,728098853,William@time.com
Ethan,Thomas,110,Armada Drive,Surrey,Prince Edward Island,T1L 2H8,Canada,167358465,Ethan@number.com
William,Moore,47,Ardwell Avenue,Abbotsford,Northwest Territories,J9T 3H4,Canada,627028035,William@program.com
William,Williams,267,Burns Drive,Victoria,New Brunswick,J0J 3V6,Canada,929553510,William@life.com
Alexander,Jackson,268,Carrington Place,Kamloops,Nunavut,J9P 1C6,Canada,1336989052,Alexander@part.com
Ethan,Wilson,9,Argyle Street,Winnipeg,Nunavut,J1S 0R4,Canada,865484334,Ethan@word.com
Ethan,,314,Bedford Highway,Maple Ridge,New Brunswick,"L4A 0T3 ",Canada,839701935,Ethan@null
"",Thomas,277,Burns Drive,Sarnia,Prince Edward Island,E5V 3X5,Canada,505563364,null@mother.com
Liam,Thomas,142,Catamaran Road,Drummondville,Nunavut,B3V 2V1,Canada,908315230,Liam@week.com
Jacob,Thomas,451,Cedar Street,Nanaimo,Nunavut,L3V 1Y8,Canada,862113195,Jacob@life.com
Ethan,Thomas,144,Barkton Lane,Whitby,,J9P 1C6,Canada,359743739,Ethan@day.com
Alexander,Moore,387,Arvida Avenue,Guelph,Prince Edward Island,J0J 3V6,Canada,473620653,Alexander@water.com
Liam,Moore,275,Bonaventure Drive,Guelph,Newfoundland and Labrador,E5V 3X5,Canada,803150041,Liam@way.com
