First Name,Last Name,Street Number,Street,City,Province,Postal Code,Country,Phone Number,email Address
William,Thomas,220,Blenheim Terrace,Cambridge,Yukon,L0N 3J2,Canada,1206663105,William@place.com
William,Jackson,466,Argyle Street,Peterborough,Newfoundland and Labrador,N5C 2J8,Canada,414953433,William@number.com
Jacob,Taylor,497,Armcrescent West Avenue,Moncton,Newfoundland and Labrador,"B0T 0Y5 ",Canada,586627395,Jacob@question.com
Alexander,Thomas,261,Cherry Lane,Aurora,Northwest Territories,N5C 2J8,Canada,647999207,Alexander@man.com
James,,391,Admirals Way,Richmond,Nunavut,V8C 0S2,Canada,1188573362,James@week.com
James,Jackson,38,Chadwick Place,Aurora,Alberta,E4M 2G2,Canada,567798583,James@Mr.com
Ethan,Taylor,398,Beechwood Terrace,Halton Hills,Newfoundland and Labrador,J9T 3H4,Canada,1350183812,Ethan@group.com
Ethan,Johnson,169,Bonaventure Drive,Kawartha Lakes,New Brunswick,E4M 2G2,Canada,284123063,Ethan@lot.com
James,Miller,394,Beaufort Avenue,Red Deer,Northwest Territories,G3E 2K4,Canada,139255440,James@point.com
William,Taylor,20,Blue Willow Court,Moncton,Northwest Territories,G6X 2L1,Canada,898911140,William@room.com
Alexander,Moore,494,Clayder Lane,Langley,Nunavut,B2E 0X4,Canada,809721152,Alexander@month.com
Ethan,Thomas,289,Bridges Street,Windsor,New Brunswick,E4S 3C4,Canada,435144162,Ethan@man.com
William,Jackson,322,Birches Drive,Guelph,Nunavut,E4S 3C4,Canada,663355852,William@lot.com
William,Miller,155,Artz Street,Pickering,Northwest Territories,L3V 1Y8,Canada,1134051353,William@family.com
William,Jackson,286,Braemount Drive,Whitby,Alberta,V8B 1P6,Canada,740532968,William@program.com
Ethan,Miller,76,Carlina Court,Oakville,Nova Scotia,N8A 0B3,Canada,921155863,Ethan@number.com
"",Johnson,287,Amirault Court,Grande Prairie,Alberta,G0H 2P3,Canada,129778112,null@life.com
Jacob,,248,Carroll Lane,Quebec City,Prince Edward Island,J9T 3H4,Canada,774909684,Jacob@night.com
William,,448,Charlotte Lane,Niagara Falls,Prince Edward Island,J0N 0Z3,Canada,756731979,William@life.com
Ethan,Taylor,24,Birmingham Street,Saint-Hyacinthe,Northwest Territories,"L4A 0T3 ",Canada,1005613752,Ethan@woman.com
"",Thomas,243,Bobolink Street,Longueuil,Nunavut,G3E 2K4,Canada,163630483,null@group.com
