First Name,Last Name,Street Number,Street,City,Province,Postal Code,Country,Phone Number,email Address
James,Miller,417,Chocolate Lake Road,Sault Ste. Marie,New Brunswick,J1S 0R4,Canada,998957201,James@home.com
Mason,Williams,57,Bedros Lane,Brantford,Prince Edward Island,V8B 1P6,Canada,1101405774,Mason@fact.com
Mason,Davis,159,Birchview Drive,Longueuil,Yukon,G0H 2P3,Canada,300873595,Mason@country.com
Ethan,Wilson,264,Bright Street,Vancouver,Newfoundland and Labrador,J9P 1C6,Canada,421341876,Ethan@government.com
Jacob,Johnson,295,Alm-a Ramp,Sherbrooke,Northwest Territories,G6X 2L1,Canada,982581860,Jacob@word.com
Alexander,Johnson,495,Centre Gate,Fredericton,Prince Edward Island,H0H 3C9,Canada,545167514,Alexander@man.com
Liam,Johnson,483,Belmont On The Arm,Markham,Manitoba,T1L 2H8,Canada,1391927010,Liam@way.com
Mason,Johnson,16,Archibald Avenue,Hamilton,Nunavut,B2E 0X4,Canada,921979954,Mason@right.com
Liam,Wilson,315,Centre Gate,New Westminster,Prince Edward Island,N5C 2J8,Canada,552823771,Liam@part.com
Liam,Williams,113,Aurora Avenue,Cambridge,Nunavut,E7E 3T7,Canada,1328287064,Liam@student.com
Alexander,Thomas,377,Bedford Row,Wood Buffalo,Northwest Territories,H3J 3P2,Canada,443239631,Alexander@woman.com
James,Anderson,341,Alm-e Ramp,Gatineau,Alberta,H9S 1R4,Canada,150876367,James@family.com
Alexander,Johnson,175,Brockhurst Close,Abbotsford,Alberta,,Canada,1287616321,Alexander@man.com
Jacob,,23,Adams Avenue,Kamloops,New Brunswick,G6X 2L1,Canada,425692357,Jacob@number.com
Ethan,Thomas,249,Cherry Street,Cambridge,British Columbia,V8C 0S2,Canada,659829029,Ethan@system.com
Alexander,Johnson,457,Albert Place,Edmonton,New Brunswick,N5C 2J8,Canada,129792408,Alexander@part.com
Jacob,Williams,227,Armcrescent West Avenue,Brampton,Nunavut,J9P 1C6,Canada,1229149326,Jacob@program.com
Jacob,Anderson,464,Anchor Drive,Guelph,New Brunswick,"V1K 1V0 ",Canada,927542033,Jacob@work.com
William,Moore,53,Anchor Drive,Aurora,Alberta,E4S 3C4,Canada,575080333,William@eye.com
Ethan,Jackson,418,Cedarbrae Lane,Belleville,Northwest Territories,"V1K 1V0 ",Canada,1078977092,Ethan@way.com
"",Davis,201,Birchview Drive,Saskatoon,Newfoundland and Labrador,B2E 0X4,Canada,282131288,null@case.com
James,Williams,174,Bison Crescent,Fredericton,Alberta,"V1K 1V0 ",Canada,1184838722,James@state.com
James,Wilson,196,Carriageway Crescent,Belleville,Nunavut,J9T 3H4,Canada,312684635,James@book.com
