First Name,Last Name,Street Number,Street,City,Province,Postal Code,Country,Phone Number,email Address
Ethan,Taylor,497,Campbell Drive,Maple Ridge,Prince Edward Island,J9P 1C6,Canada,536216367,Ethan@week.com
"",Miller,220,Blue Willow Court,Fredericton,Saskatchewan,"V1K 1V0 ",Canada,372243123,null@point.com
Liam,Moore,89,Cabot Place,Maple Ridge,Nova Scotia,N4N 0B9,Canada,423507675,Liam@system.com
Ethan,Brown,491,Chartwell Lane,Belleville,Manitoba,N8A 0B3,Canada,1252474328,Ethan@number.com
Jacob,Miller,226,Carroll Lane,Mirabel,Nunavut,J1S 0R4,Canada,265673037,Jacob@number.com
Jacob,Davis,134,Charles Street,Cambridge,Alberta,G3E 2K4,Canada,210038394,Jacob@company.com
Mason,Taylor,411,Burgee Run,Brampton,Manitoba,E4M 2G2,Canada,480083905,Mason@water.com
Ethan,Moore,274,Chain Rock Drive,Cambridge,Northwest Territories,J0J 3V6,Canada,190635526,Ethan@group.com
William,Anderson,149,Berkshire Close,Milton,British Columbia,E7E 3T7,Canada,212537936,William@right.com
Ethan,Moore,358,Argyle Street,Richmond,New Brunswick,J0N 0Z3,Canada,1178023557,Ethan@student.com
Alexander,,21,Aldergrove Drive,Whitby,Northwest Territories,L0N 3J2,Canada,645993210,Alexander@work.com
Liam,,58,Annandale Street,Prince George,Newfoundland and Labrador,T1L 2H8,Canada,306058034,Liam@point.com
"",Moore,351,Carriageway Crescent,Calgary,Yukon,L9R 0A0,Canada,1375728906,null@time.com
Mason,Miller,207,Burgee Run,Brantford,British Columbia,,Canada,642549872,Mason@job.com
James,Brown,318,Bridget Avenue,Milton,Prince Edward Island,B2E 0X4,Canada,739000850,James@room.com
William,Jackson,437,"Alm-../../view.php?place=Alm-# Ramp, Halifax, ns, CANADA Ramp",Chilliwack,Prince Edward Island,N8H 2H6,Canada,618317849,William@man.com
Liam,Miller,254,Alex Street,Repentigny,Northwest Territories,K1B 3B2,Canada,271143638,Liam@night.com
Alexander,Davis,296,Burns Drive,Saint John,Quebec,J9T 3H4,Canada,1358930295,Alexander@company.com
Ethan,Johnson,132,Chestnut Street,Laval,Prince Edward Island,G3H 0B4,Canada,985807772,Ethan@book.com
Liam,Williams,157,Birchdale Avenue,Victoria,Nunavut,T1L 2H8,Canada,1073956672,Liam@room.com
Mason,Thomas,5,Burns Drive,Whitby,New Brunswick,J0J 3V6,Canada,100924425,Mason@room.com
Ethan,Johnson,16,Albert Street,Greater Sudbury,Newfoundland and Labrador,V8B 1P6,Canada,1167957926,Ethan@work.com
