First Name,Last Name,Street Number,Street,City,Province,Postal Code,Country,Phone Number,email Address
Ethan,Anderson,402,Aldergrove Drive,Drummondville,Prince Edward Island,L9R 0A0,Canada,1152457554,Ethan@fact.com
Liam,Taylor,443,Brigadier Court,Quebec City,Prince Edward Island,T1L 2H8,Canada,790668226,Liam@mother.com
James,Jackson,137,Chester Avenue,Prince George,Nova Scotia,J9P 1C6,Canada,322527027,James@lot.com
Ethan,Miller,76,Berkshire Close,Calgary,Nunavut,J9P 1C6,Canada,354007459,Ethan@hand.com
William,Anderson,201,Cambridge Street,Sherbrooke,Alberta,G6X 2L1,Canada,270154924,William@world.com
Jacob,Miller,180,Albert Street,Saguenay,Nunavut,B2E 0X4,Canada,1173392268,Jacob@world.com
Liam,Taylor,163,Artz Street,Cambridge,Alberta,"V1K 1V0 ",Canada,642290260,Liam@place.com
Ethan,Wilson,277,Chocolate Lake Road,Burnaby,Nova Scotia,H3J 3P2,Canada,1260066078,Ethan@null
James,Thomas,152,Armcrescent West Avenue,Delta,Nunavut,B2E 0X4,Canada,933977677,James@lot.com
