First Name,Last Name,Street Number,Street,City,Province,Postal Code,Country,Phone Number,email Address
Alexander,Brown,81,Botany Terrace,Cape Breton,British Columbia,N8A 0B3,Canada,558954664,Alexander@time.com
"",Davis,476,Briarwood Crescent,Quebec City,Alberta,E4M 2G2,Canada,1391121139,null@child.com
"",Taylor,157,Altavista Lane,Markham,Nunavut,J9P 1C6,Canada,704296103,null@point.com
Jacob,Anderson,328,Bristol Place,Moncton,New Brunswick,G3E 2K4,Canada,860735153,Jacob@month.com
Liam,,220,Carroll Lane,Surrey,Alberta,G6X 2L1,Canada,1162513942,Liam@group.com
Mason,Jones,9,Carlina Court,Victoria,Nunavut,J1S 0R4,Canada,119054025,Mason@woman.com
Ethan,Moore,120,Bedford Windsor Ramp,North Bay,Manitoba,G6X 2L1,Canada,1301106255,Ethan@right.com
Alexander,Williams,231,Braeburn Road,Calgary,Saskatchewan,G3H 0B4,Canada,351844474,Alexander@job.com
"",Davis,23,Ashton Lane,Terrebonne,Nunavut,G6X 2L1,Canada,1112586474,null@country.com
William,Brown,283,Camelot Lane,Mississauga,New Brunswick,L9R 0A0,Canada,196461202,William@hand.com
Ethan,Jones,462,Chelmsford Place,Belleville,Prince Edward Island,J0N 0Z3,Canada,468410806,Ethan@room.com
Mason,Williams,229,Blink Bonnie Terrace,Sherbrooke,Manitoba,L9R 0A0,Canada,498586114,Mason@child.com
William,Moore,134,Briar Lane,Medicine Hat,Nunavut,"B0T 0Y5 ",Canada,710546214,William@day.com
Jacob,Taylor,233,Carmichael Street,Whitby,Northwest Territories,T1L 2H8,Canada,272258011,Jacob@Mr.com
Alexander,Thomas,30,Alex Street,Halifax,Newfoundland and Labrador,B3V 2V1,Canada,966836022,Alexander@hand.com
Ethan,Thomas,376,Boulderwood Road,Kingston,Newfoundland and Labrador,"L4A 0T3 ",Canada,1061792647,Ethan@place.com
Ethan,Williams,416,Castine Way,Aurora,Nunavut,N8A 0B3,Canada,1370450773,Ethan@country.com
Mason,Anderson,369,Canary Crescent,Kitchener,Nunavut,L4A 0T0,Canada,318921036,Mason@place.com
Mason,Thomas,299,Armcrescent West Avenue,Gatineau,Nunavut,,Canada,342643817,Mason@way.com
Liam,Anderson,431,Carriageway Crescent,Fredericton,Nova Scotia,"L4A 0T3 ",Canada,398369811,Liam@state.com
"",Brown,171,Acadia Street,North Vancouver,Nunavut,V8B 1P6,Canada,1320144526,null@business.com
Ethan,Anderson,29,Bedford Row,Saanich,Newfoundland and Labrador,G6X 2L1,Canada,302259607,Ethan@family.com
Mason,Miller,131,Barclay Avenue,Niagara Falls,Northwest Territories,G3H 0B4,Canada,370035798,Mason@room.com
Liam,Davis,431,Burgee Run,Airdrie,Nunavut,L0N 3J2,Canada,1367331694,Liam@group.com
"",Davis,239,Botany Terrace,Clarington,,L3V 1Y8,Canada,858876173,null@room.com
Liam,Wilson,18,Brenton Street,Saint-JÃ©rÃ´me,Newfoundland and Labrador,B2E 0X4,Canada,982963674,Liam@hand.com
Ethan,Moore,376,Barracks Drive,Sherbrooke,Quebec,N8A 0B3,Canada,304719520,Ethan@hand.com
Mason,Jackson,106,Aurora Avenue,Prince George,Newfoundland and Labrador,E7E 3T7,Canada,831264388,Mason@day.com
Ethan,,254,Braeburn Road,Grande Prairie,Quebec,G0H 2P3,Canada,841082737,Ethan@people.com
Alexander,Thomas,409,Carlton Street,Saanich,New Brunswick,G3E 2K4,Canada,586787842,Alexander@place.com
Jacob,Taylor,389,Armcrescent East Drive,Abbotsford,Nova Scotia,H3J 3P2,Canada,287714333,Jacob@water.com
Mason,,147,Banbury Close,Moncton,Nunavut,L4A 0T0,Canada,742017404,Mason@room.com
"",Anderson,86,Buddy Daye Street,Mississauga,Prince Edward Island,N4N 0B9,Canada,763571898,null@year.com
Jacob,Johnson,80,Chadwick Place,Gatineau,British Columbia,L0N 3J2,Canada,931338910,Jacob@year.com
Alexander,Thomas,481,Ashburn Avenue,Hamilton,Prince Edward Island,J0N 0Z3,Canada,302002295,Alexander@family.com
James,Johnson,176,Bronson Avenue,Brampton,Prince Edward Island,L0N 3J2,Canada,1113599079,James@room.com
William,Wilson,377,Armview Avenue,St. Albert,Saskatchewan,E5V 3X5,Canada,552069392,William@job.com
