First Name,Last Name,Street Number,Street,City,Province,Postal Code,Country,Phone Number,email Address
Liam,Thomas,458,Birchfield Crescent,Halifax,Newfoundland and Labrador,J9T 3H4,Canada,1188792589,Liam@child.com
Ethan,Wilson,184,Alton Drive,Brantford,Nova Scotia,G0H 2P3,Canada,954000065,Ethan@month.com
"",Brown,338,Blue Jay Street,Prince George,Manitoba,N5C 2J8,Canada,388171978,null@night.com
William,,204,Angus L Macdonald Bridge,Edmonton,Quebec,J0J 3V6,Canada,189064820,William@night.com
William,Jackson,68,Clifton Street,Calgary,Nova Scotia,L9R 0A0,Canada,237755675,William@story.com
James,,23,Bridget Avenue,Gatineau,Newfoundland and Labrador,G6X 2L1,Canada,337079487,James@woman.com
Alexander,Davis,489,Alm-a Ramp,Niagara Falls,Nova Scotia,B2E 0X4,Canada,748024136,Alexander@eye.com
"",Johnson,180,Belmont Road,Prince George,Yukon,K1B 3B2,Canada,1335260610,null@year.com
"",,234,Bower Road,Lethbridge,Nova Scotia,H9S 1R4,Canada,764658522,null@thing.com
William,Williams,433,Bonaventure Drive,Kamloops,Nova Scotia,B2E 0X4,Canada,552426312,William@lot.com
