First Name,Last Name,Street Number,Street,City,Province,Postal Code,Country,Phone Number,email Address
"",Brown,97,Battery 18th Road,Saint-JÃ©rÃ´me,British Columbia,L0N 3J2,Canada,455235211,null@right.com
Ethan,Wilson,402,Bluestone Road,Peterborough,Nunavut,"L4A 0T3 ",Canada,1185914984,Ethan@number.com
Alexander,Anderson,367,Andrew Street,Winnipeg,Quebec,E4M 2G2,Canada,770644638,Alexander@life.com
William,,5,Chipstone Close,North Vancouver,Nunavut,H0H 3C9,Canada,768436249,William@business.com
Liam,,167,Balwearie Lane,Saguenay,Alberta,K1B 3B2,Canada,109669156,Liam@point.com
Alexander,Brown,341,Castlepark Grove,Ajax,Nunavut,V8B 1P6,Canada,858094849,Alexander@company.com
Mason,Jackson,421,Centre Gate,Chilliwack,Nunavut,,Canada,685252046,Mason@life.com
Alexander,Brown,138,Athlone Avenue,Kitchener,Yukon,H3J 3P2,Canada,208093014,Alexander@eye.com
Alexander,Jackson,22,Carmichael Street,Repentigny,Nunavut,J9T 3H4,Canada,848237190,Alexander@part.com
William,,58,Alm-c Ramp,Moncton,Prince Edward Island,N4N 0B9,Canada,1116789950,William@program.com
James,Brown,66,Bristol Place,Port Coquitlam,Newfoundland and Labrador,"B0T 0Y5 ",Canada,1321796991,James@book.com
Liam,Johnson,29,Campbell Drive,Saint-JÃ©rÃ´me,Nova Scotia,J9T 3H4,Canada,352293431,Liam@eye.com
Mason,Williams,473,Armcrescent East Drive,Drummondville,British Columbia,B3V 2V1,Canada,969547639,Mason@country.com
"",Wilson,326,Bellevue Avenue,Oakville,Northwest Territories,N8H 2H6,Canada,1231929099,null@eye.com
William,Taylor,435,Alm-a Ramp,LÃ©vis,Northwest Territories,G6X 2L1,Canada,597942323,William@room.com
Ethan,Thomas,192,Bellevue Avenue,Waterloo,Alberta,L0N 3J2,Canada,133586485,Ethan@right.com
James,Wilson,122,Bermuda Avenue,Halifax,Nova Scotia,G3E 2K4,Canada,1011323493,James@Mr.com
Mason,Davis,114,Adams Avenue,Regina,Nunavut,N8H 2H6,Canada,551157711,Mason@system.com
Alexander,Miller,374,Birmingham Street,Saint-JÃ©rÃ´me,Saskatchewan,E7E 3T7,Canada,860585965,Alexander@room.com
Alexander,Brown,465,Buddy Daye Street,Granby,,G3E 2K4,Canada,690716413,Alexander@room.com
James,Davis,260,Bond Street,Halifax,,J1S 0R4,Canada,1021548787,James@school.com
James,Anderson,399,Balwearie Lane,Clarington,Nunavut,G0H 2P3,Canada,739927539,James@eye.com
James,,212,Cartaret Street,Windsor,New Brunswick,H0H 3C9,Canada,169280243,James@room.com
James,Jones,60,Arnold Drive,Terrebonne,New Brunswick,B2E 0X4,Canada,980550900,James@home.com
Alexander,Taylor,417,Armdale Rotary,Belleville,Alberta,N8A 0B3,Canada,1197248991,Alexander@woman.com
Liam,Brown,136,Beachstone Drive,Kawartha Lakes,Yukon,L4A 0T0,Canada,724210714,Liam@people.com
Jacob,Miller,143,Albert Walker Drive,Hamilton,Alberta,K1B 3B2,Canada,843398550,Jacob@day.com
"",Thomas,320,Campbell Drive,London,Northwest Territories,G3E 2K4,Canada,781237925,null@fact.com
"",Miller,346,Clinton Avenue,Saint John,Newfoundland and Labrador,N5C 2J8,Canada,819191890,null@point.com
Alexander,,323,Bright Place,Welland,Newfoundland and Labrador,E4M 2G2,Canada,528690759,Alexander@country.com
William,Jackson,354,Birchwood Drive,Windsor,Nunavut,J9P 1C6,Canada,1013921213,William@question.com
William,Brown,69,Agricola Street,Montreal,Saskatchewan,N8A 0B3,Canada,297695634,William@day.com
William,Jones,468,Circle Drive,Vaughan,Nova Scotia,J9P 1C6,Canada,992776122,William@lot.com
James,Taylor,338,Blowers Street,Whitby,Newfoundland and Labrador,E5V 3X5,Canada,1346837431,James@case.com
"",Miller,247,Bayne St Ramp,Regina,Prince Edward Island,L4A 0T0,Canada,770095006,null@home.com
Jacob,Taylor,315,Balcomes Drive,Kitchener,Nunavut,G3H 0B4,Canada,977231728,Jacob@state.com
William,Jones,279,Armstrong Court,Oakville,Newfoundland and Labrador,"V1K 1V0 ",Canada,918843783,William@place.com
Mason,Thomas,434,Brewer Court,New Westminster,Prince Edward Island,L4A 0T0,Canada,722234372,Mason@point.com
Jacob,Moore,215,Alm-a Ramp,Sarnia,Newfoundland and Labrador,"B0T 0Y5 ",Canada,122807678,Jacob@night.com
Jacob,,312,Bland Street,Greater Sudbury,Nunavut,J0J 3V6,Canada,557503594,Jacob@group.com
Alexander,Wilson,240,Clayder Lane,Clarington,Nunavut,N5C 2J8,Canada,1087048544,Alexander@place.com
