First Name,Last Name,Street Number,Street,City,Province,Postal Code,Country,Phone Number,email Address
Ethan,Brown,225,Bloomfield Street,Red Deer,Quebec,J0N 0Z3,Canada,1106901704,Ethan@life.com
Alexander,Thomas,355,Bald Eagle Place,Mississauga,Alberta,"B0T 0Y5 ",Canada,1368539743,Alexander@case.com
William,Davis,375,Carmichael Street,Lethbridge,Alberta,G6X 2L1,Canada,710010873,William@school.com
"",Jones,180,Bridges Street,Burnaby,Manitoba,L4A 0T0,Canada,899300855,null@thing.com
Jacob,Anderson,231,Avon Crescent,Welland,Northwest Territories,N5C 2J8,Canada,1066646189,Jacob@money.com
Ethan,Jones,467,Brunswick Street,Blainville,Northwest Territories,J9T 3H4,Canada,1137940068,Ethan@day.com
Jacob,Williams,265,Blue Jay Street,Mirabel,Northwest Territories,B3V 2V1,Canada,799543124,Jacob@lot.com
Liam,Anderson,332,Bell Road,Brantford,Newfoundland and Labrador,"V1K 1V0 ",Canada,443766195,Liam@right.com
Jacob,,368,Artz Street,Halifax,Nova Scotia,B2E 0X4,Canada,159648531,Jacob@story.com
James,Williams,60,Braeburn Road,Airdrie,Prince Edward Island,J1S 0R4,Canada,603609583,James@day.com
Alexander,Moore,104,Birchview Drive,Ajax,Newfoundland and Labrador,J0N 0Z3,Canada,204234207,Alexander@group.com
Mason,Jackson,163,Brenton Street,Chatham-Kent,New Brunswick,L9R 0A0,Canada,1376607068,Mason@system.com
James,Davis,247,Chain Rock Drive,Brampton,Prince Edward Island,J0N 0Z3,Canada,807406727,James@way.com
Jacob,Wilson,95,Alm-a Ramp,Windsor,Prince Edward Island,L4A 0T0,Canada,1287194099,Jacob@way.com
Alexander,Miller,251,Bayers Road,Richmond,Saskatchewan,J1S 0R4,Canada,1130793759,Alexander@year.com
Ethan,Jackson,242,Bonaventure Drive,Delta,Yukon,L9R 0A0,Canada,930844923,Ethan@life.com
Ethan,Thomas,72,Attenborough Court,Richmond Hill,Prince Edward Island,L3V 1Y8,Canada,211088979,Ethan@story.com
"",Thomas,171,Brigadier Court,Fredericton,Nunavut,T1L 2H8,Canada,1162037888,null@country.com
Ethan,Moore,239,Chain Lake Drive,Brantford,Saskatchewan,L0N 3J2,Canada,781121455,Ethan@right.com
Mason,Miller,324,Blowers Street,Saguenay,Alberta,"B0T 0Y5 ",Canada,820001959,Mason@hand.com
Ethan,Taylor,496,Balcomes Drive,Markham,Prince Edward Island,J0J 3V6,Canada,902709492,Ethan@system.com
James,Jones,167,Archibald Avenue,Brossard,Prince Edward Island,V8C 0S2,Canada,721279471,James@word.com
Liam,Thomas,74,Cedarbrae Lane,Cape Breton,Prince Edward Island,N8H 2H6,Canada,304188214,Liam@null
James,Brown,411,Beechwood Terrace,Nanaimo,British Columbia,K1B 3B2,Canada,619748683,James@school.com
Ethan,Thomas,210,Alton Drive,Windsor,Alberta,G0H 2P3,Canada,981143989,Ethan@mother.com
Jacob,Taylor,247,Bayers Road,Saguenay,Nunavut,,Canada,183506425,Jacob@water.com
"",Davis,497,Ardwell Avenue,Saint-JÃ©rÃ´me,New Brunswick,L3V 1Y8,Canada,829450005,null@group.com
William,,369,Ashton Lane,St. Catharines,Newfoundland and Labrador,E5V 3X5,Canada,215304157,William@place.com
Alexander,Jones,425,Aurora Avenue,Clarington,Newfoundland and Labrador,J0J 3V6,Canada,547502813,Alexander@right.com
Mason,Williams,86,Auburn Avenue,,Northwest Territories,"L4A 0T3 ",Canada,696321167,Mason@business.com
Ethan,Wilson,13,Angus L Macdonald Bridge,London,Newfoundland and Labrador,G3H 0B4,Canada,133606786,Ethan@country.com
William,Taylor,347,Benalder Lane,Vaughan,Alberta,N8A 0B3,Canada,1033435325,William@company.com
"",Jones,214,Chebucto Road,Terrebonne,Alberta,G0H 2P3,Canada,470908847,null@null
William,Miller,119,Bright Street,Cape Breton,Prince Edward Island,N4N 0B9,Canada,1179583216,William@lot.com
"",Taylor,204,Carroll Lane,Laval,Prince Edward Island,G6X 2L1,Canada,1143022372,null@word.com
Ethan,,127,,Delta,Alberta,B2E 0X4,Canada,952117494,Ethan@case.com
"",Wilson,388,Cedarbrae Lane,Brantford,Newfoundland and Labrador,E7E 3T7,Canada,754297767,null@lot.com
Mason,Jackson,237,Blowers Street,Milton,Northwest Territories,K1B 3B2,Canada,766612521,Mason@null
Mason,Williams,300,Chain Lake Drive,Guelph,Newfoundland and Labrador,"B0T 0Y5 ",Canada,132833555,Mason@right.com
