First Name,Last Name,Street Number,Street,City,Province,Postal Code,Country,Phone Number,email Address
"",,2,Birchfield Crescent,Aurora,Yukon,B3V 2V1,Canada,1156615837,null@year.com
"",Jones,10,Ashburn Avenue,Saguenay,Alberta,B3V 2V1,Canada,603408765,null@problem.com
Jacob,Brown,472,Bridgeview Drive,Edmonton,Nova Scotia,G0H 2P3,Canada,1230326070,Jacob@month.com
Ethan,,246,Cabot Street,Saint-Jean-sur-Richelieu,Nunavut,J0J 3V6,Canada,863382479,Ethan@right.com
James,Anderson,224,Circle Drive,Greater Sudbury,New Brunswick,G0H 2P3,Canada,223663065,James@home.com
"",Jones,407,Cairnwell Close,Repentigny,Yukon,L0N 3J2,Canada,198166284,null@eye.com
James,Wilson,492,Annandale Street,Laval,Alberta,"B0T 0Y5 ",Canada,691719290,James@word.com
Ethan,Jones,81,Cherry Street,Lethbridge,Nunavut,T1L 2H8,Canada,1014769094,Ethan@month.com
Alexander,Johnson,341,Caitland Court,Niagara Falls,New Brunswick,L9R 0A0,Canada,310184624,Alexander@book.com
Ethan,Moore,26,Almon Street,Richmond,Nova Scotia,B2E 0X4,Canada,102562733,Ethan@null
Ethan,Jackson,180,Cloverdale Road,Richmond Hill,Manitoba,L3V 1Y8,Canada,1359360382,Ethan@word.com
Ethan,Williams,472,Berts Drive,Repentigny,Northwest Territories,L9R 0A0,Canada,499511530,Ethan@hand.com
Ethan,Thomas,405,Bloomfield Street,Halton Hills,Saskatchewan,J0N 0Z3,Canada,1051546006,Ethan@Mr.com
Ethan,,384,Albert Street,Saint John,Nunavut,"B0T 0Y5 ",Canada,1309891870,Ethan@woman.com
Ethan,Jones,476,Bison Crescent,Wood Buffalo,Nunavut,G0H 2P3,Canada,327086307,Ethan@hand.com
"",Moore,93,Braeburn Road,Chatham-Kent,Alberta,E4M 2G2,Canada,995468638,null@way.com
James,Moore,302,Acorn Road,Ottawa,Northwest Territories,J0J 3V6,Canada,316024134,James@week.com
Alexander,Wilson,195,Broadholme Lane,Markham,Newfoundland and Labrador,B3V 2V1,Canada,934442943,Alexander@hand.com
Ethan,Williams,253,Bond Street,Barrie,Nova Scotia,L4A 0T0,Canada,383933802,Ethan@water.com
William,Johnson,205,Berts Drive,Saanich,Nunavut,B2E 0X4,Canada,1002703431,William@child.com
Alexander,Wilson,491,Brook Street,Oshawa,Prince Edward Island,L0N 3J2,Canada,1219145328,Alexander@week.com
"",Jackson,500,Armview Terrace,Grande Prairie,Northwest Territories,J9T 3H4,Canada,1120897712,null@group.com
