First Name,Last Name,Street Number,Street,City,Province,Postal Code,Country,Phone Number,email Address
"",Miller,108,Armdale Rotary,Kingston,Yukon,J0J 3V6,Canada,1227903586,null@system.com
Liam,Jackson,145,Buffers Lane,Kawartha Lakes,Newfoundland and Labrador,N5C 2J8,Canada,669653469,Liam@question.com
Mason,Wilson,68,Armshore Drive,Newmarket,Prince Edward Island,,Canada,1156724564,Mason@thing.com
Ethan,Jones,4,Brigadier Court,Grande Prairie,Newfoundland and Labrador,L9R 0A0,Canada,855318612,Ethan@week.com
"",Jones,398,Blue Jay Street,Strathcona County,Nova Scotia,T1L 2H8,Canada,1046523101,null@hand.com
Ethan,Jackson,301,Blowers Street,Port Coquitlam,Prince Edward Island,E7E 3T7,Canada,772102459,Ethan@question.com
William,Miller,43,Bosun Run,Sault Ste. Marie,Nova Scotia,E4S 3C4,Canada,536425012,William@Mr.com
"",Miller,41,Clifton Street,Wood Buffalo,Northwest Territories,N5C 2J8,Canada,608084238,null@study.com
William,Jones,10,Albert Street,Cape Breton,Nunavut,G3H 0B4,Canada,189144916,William@school.com
Alexander,Anderson,498,Bedford Highway,Niagara Falls,Northwest Territories,V8C 0S2,Canada,430188144,Alexander@hand.com
Liam,Jackson,241,Chisholm Avenue,Burnaby,Northwest Territories,N8A 0B3,Canada,401542228,Liam@work.com
William,Jones,252,Brycedale Lane,Brantford,Yukon,B3V 2V1,Canada,722088941,William@null
Ethan,Williams,439,Armada Drive,Montreal,Nunavut,G6X 2L1,Canada,1205329702,Ethan@company.com
Liam,Davis,226,Bromley Road,Ajax,Nunavut,L0N 3J2,Canada,745087025,Liam@study.com
Alexander,Davis,336,Clovis Avenue,North Vancouver,Newfoundland and Labrador,N8A 0B3,Canada,970013792,Alexander@day.com
Liam,Miller,92,Carlina Court,Sault Ste. Marie,Northwest Territories,E5V 3X5,Canada,1010585949,Liam@right.com
"",Jones,44,Belmont Road,Niagara Falls,Northwest Territories,H9S 1R4,Canada,1020385529,null@question.com
Alexander,Jackson,358,Bryden Avenue,Saint John,Alberta,K1B 3B2,Canada,719393706,Alexander@world.com
William,Williams,280,Bedford Highway Ramp,Maple Ridge,Saskatchewan,L9R 0A0,Canada,807798570,William@number.com
Ethan,Anderson,299,Bristol Place,Ajax,Prince Edward Island,H9S 1R4,Canada,513847074,Ethan@home.com
James,Thomas,120,Bayne St Ramp,Saint-Jean-sur-Richelieu,Newfoundland and Labrador,L0N 3J2,Canada,897300828,James@group.com
Liam,Miller,23,Brussels Street,Medicine Hat,Newfoundland and Labrador,J1S 0R4,Canada,312061642,Liam@program.com
William,Miller,14,Bright Place,North Vancouver,Yukon,G3H 0B4,Canada,827788554,William@woman.com
"",Brown,458,Ashburn Avenue,Port Coquitlam,Nova Scotia,K1B 3B2,Canada,247157969,null@job.com
