First Name,Last Name,Street Number,Street,City,Province,Postal Code,Country,Phone Number,email Address
Jacob,Jackson,428,Avon Crescent,Richmond Hill,Nunavut,G0H 2P3,Canada,335586112,Jacob@question.com
"",Anderson,16,Aster Court,Newmarket,Alberta,G3H 0B4,Canada,403350200,null@fact.com
Alexander,Jackson,264,Burns Drive,Saint-JÃ©rÃ´me,New Brunswick,T1L 2H8,Canada,145282244,Alexander@week.com
"",Williams,389,Aurora Avenue,Burnaby,New Brunswick,J1S 0R4,Canada,1083249663,null@business.com
James,Williams,315,Alm-b Ramp,Saint-Jean-sur-Richelieu,Nunavut,L0N 3J2,Canada,720180782,James@week.com
James,Jones,271,Benalder Lane,Blainville,Nunavut,N5C 2J8,Canada,156107035,James@child.com
Ethan,Jones,255,Basinview Drive,Peterborough,British Columbia,E4M 2G2,Canada,890070387,Ethan@lot.com
Jacob,Williams,461,Bedros Lane,Brampton,British Columbia,B3V 2V1,Canada,1066929551,Jacob@part.com
Mason,Williams,235,Bellevue Avenue,Victoria,Nunavut,L9R 0A0,Canada,865350594,Mason@government.com
William,Wilson,205,Alm-b Ramp,Wood Buffalo,Nunavut,N8H 2H6,Canada,1339815624,William@work.com
Ethan,Davis,300,Chebucto Road,Port Coquitlam,New Brunswick,"V1K 1V0 ",Canada,155717896,Ethan@people.com
Jacob,Jones,339,Ardwell Avenue,Maple Ridge,Prince Edward Island,J0N 0Z3,Canada,1397072692,Jacob@null
"",Thomas,307,Brenton Street,Clarington,Nunavut,G6X 2L1,Canada,289947771,null@null
Jacob,Moore,57,Bridget Avenue,Surrey,Saskatchewan,J0J 3V6,Canada,941697816,Jacob@government.com
Liam,Johnson,292,Basinview Drive,Richmond Hill,Saskatchewan,N8A 0B3,Canada,1242101276,Liam@problem.com
Alexander,Wilson,60,Battery Drive,Halton Hills,Quebec,J9P 1C6,Canada,1114982117,Alexander@state.com
