First Name,Last Name,Street Number,Street,City,Province,Postal Code,Country,Phone Number,email Address
James,Jones,9,Abrams Way,Norfolk County,Northwest Territories,N8H 2H6,Canada,955690369,James@right.com
Ethan,Anderson,64,Archibald Avenue,Waterloo,Prince Edward Island,E5V 3X5,Canada,216623253,Ethan@book.com
Ethan,Anderson,295,Bishop Street,Drummondville,Newfoundland and Labrador,G3H 0B4,Canada,1258465090,Ethan@program.com
Ethan,Brown,126,Bristol Place,Peterborough,Nunavut,"B0T 0Y5 ",Canada,1306196161,Ethan@place.com
Jacob,Williams,66,Belmont On The Arm,Clarington,Newfoundland and Labrador,B3V 2V1,Canada,1067045253,Jacob@study.com
Liam,Miller,116,Ascot Avenue,,New Brunswick,J9T 3H4,Canada,237219940,Liam@fact.com
Alexander,Taylor,318,Carriageway Crescent,Terrebonne,Northwest Territories,G3E 2K4,Canada,552663886,Alexander@thing.com
William,Williams,113,Carmichael Street,Windsor,Alberta,B3V 2V1,Canada,504571810,William@child.com
Alexander,Thomas,73,Berkshire Close,Saskatoon,Prince Edward Island,E7E 3T7,Canada,479970437,Alexander@job.com
Alexander,Brown,196,Bayers Road,Milton,Northwest Territories,G0H 2P3,Canada,651202617,Alexander@country.com
Alexander,Johnson,298,Brodick Lane,Whitby,Manitoba,J9T 3H4,Canada,920646335,Alexander@child.com
Ethan,Jones,291,Cascade Drive,Aurora,Yukon,G3E 2K4,Canada,199008113,Ethan@time.com
James,,375,Ardwell Avenue,,Newfoundland and Labrador,E7E 3T7,Canada,448126169,James@life.com
"",Thomas,332,Auburn Avenue,Kamloops,British Columbia,V8C 0S2,Canada,751053930,null@Mr.com
"",Taylor,202,Chadwick Place,Maple Ridge,Manitoba,T1L 2H8,Canada,329544873,null@system.com
James,Jones,318,Archibald Avenue,Newmarket,Newfoundland and Labrador,J1S 0R4,Canada,172952368,James@company.com
Mason,Moore,10,Attenborough Court,Whitby,Nova Scotia,K1B 3B2,Canada,1086766293,Mason@hand.com
Ethan,Brown,436,Cloverdale Road,Trois-RiviÃ¨res,Prince Edward Island,J9P 1C6,Canada,580361836,Ethan@time.com
"",Thomas,81,Bently Drive,Calgary,New Brunswick,E4S 3C4,Canada,601959595,null@room.com
"",Anderson,302,Carriageway Crescent,Cape Breton,New Brunswick,G3E 2K4,Canada,983555557,null@work.com
"",Moore,398,Chipstone Close,Calgary,Northwest Territories,"V1K 1V0 ",Canada,1039900181,null@world.com
William,Brown,229,Benjamin Green Drive,St. Albert,Northwest Territories,T1L 2H8,Canada,487945874,William@part.com
"",Jackson,288,Chessvale Close,Red Deer,Prince Edward Island,G0H 2P3,Canada,194486985,null@night.com
"",Anderson,164,Arvida Avenue,Granby,Alberta,H9S 1R4,Canada,568466564,null@room.com
