First Name,Last Name,Street Number,Street,City,Province,Postal Code,Country,Phone Number,email Address
Jacob,,55,Armview Terrace,Milton,Nova Scotia,N4N 0B9,Canada,1088680742,Jacob@way.com
James,Anderson,133,Camelot Lane,Maple Ridge,New Brunswick,B3V 2V1,Canada,726031980,James@thing.com
William,Davis,146,Alm-a Ramp,Winnipeg,Newfoundland and Labrador,"L4A 0T3 ",Canada,1021958698,William@child.com
Ethan,Jackson,429,Brook Street,Cape Breton,Nunavut,B3V 2V1,Canada,256799943,Ethan@Mr.com
Alexander,Moore,408,Bronson Avenue,Belleville,,J9T 3H4,Canada,131246805,Alexander@group.com
James,Johnson,179,Chebucto Lane,Cambridge,British Columbia,J0N 0Z3,Canada,476478618,James@case.com
"",Miller,8,Bedford Row,Sault Ste. Marie,Nunavut,L4A 0T0,Canada,323179861,null@mother.com
"",,67,Bond Street,Wood Buffalo,Alberta,N5C 2J8,Canada,1353569718,null@thing.com
"",Anderson,263,Cascade Drive,Kawartha Lakes,Prince Edward Island,L0N 3J2,Canada,528844555,null@company.com
Ethan,Davis,487,Bison Crescent,Peterborough,Northwest Territories,E4S 3C4,Canada,1396436525,Ethan@month.com
Mason,,456,Castine Way,Kitchener,Manitoba,J0N 0Z3,Canada,1002027853,Mason@room.com
"",Jones,464,Alm-b Ramp,New Westminster,Nunavut,V8B 1P6,Canada,299772068,null@point.com
Ethan,Wilson,450,Bridgeview Drive,Calgary,Alberta,L9R 0A0,Canada,1379529958,Ethan@program.com
Jacob,Thomas,8,Bedford Row,North Vancouver,Alberta,"B0T 0Y5 ",Canada,1077031201,Jacob@lot.com
Mason,Davis,119,Aikenhead Road,Halifax,Alberta,G3H 0B4,Canada,344654386,Mason@problem.com
Alexander,Johnson,385,Altavista Lane,Pickering,Prince Edward Island,B2E 0X4,Canada,344025366,Alexander@government.com
Liam,Thomas,176,Brodick Lane,Halton Hills,Nova Scotia,K1B 3B2,Canada,476423301,Liam@story.com
Ethan,,28,Balmoral Road,Niagara Falls,Nunavut,E4S 3C4,Canada,453474267,Ethan@country.com
"",Miller,5,Barracks Drive,Brampton,Northwest Territories,J0N 0Z3,Canada,964987320,null@hand.com
Jacob,Johnson,38,Artillery Place,Regina,Saskatchewan,G6X 2L1,Canada,1212799640,Jacob@day.com
Liam,Brown,250,Banbury Close,Blainville,Manitoba,G0H 2P3,Canada,101689878,Liam@hand.com
Liam,Brown,166,Bosun Run,Richmond Hill,Manitoba,H0H 3C9,Canada,1256531530,Liam@woman.com
Liam,Anderson,191,Brighton Avenue,Winnipeg,Yukon,L4A 0T0,Canada,1330579691,Liam@part.com
