First Name,Last Name,Street Number,Street,City,Province,Postal Code,Country,Phone Number,email Address
Liam,Jackson,492,Clinton Avenue,Niagara Falls,Northwest Territories,H3J 3P2,Canada,728743619,Liam@day.com
William,Miller,90,Briarwood Crescent,Kamloops,Newfoundland and Labrador,B3V 2V1,Canada,205480793,William@world.com
William,Moore,75,Cabot Street,Newmarket,Nunavut,N8A 0B3,Canada,1141404607,William@man.com
Alexander,Wilson,282,Bromley Road,Caledon,Newfoundland and Labrador,"B0T 0Y5 ",Canada,1168709625,Alexander@family.com
James,Wilson,142,Alm-a Ramp,Kawartha Lakes,Nunavut,"B0T 0Y5 ",Canada,757927571,James@water.com
Jacob,Moore,83,Buffers Lane,Sherbrooke,Nunavut,E7E 3T7,Canada,1052911070,Jacob@eye.com
Ethan,Moore,116,Benjamin Green Drive,Surrey,Prince Edward Island,J1S 0R4,Canada,433863789,Ethan@school.com
Mason,Jones,442,Cedarbank Terrace,LÃ©vis,Prince Edward Island,H9S 1R4,Canada,690382151,Mason@program.com
William,Taylor,298,Bilby Street,Ottawa,Alberta,G6X 2L1,Canada,805133614,William@hand.com
James,Johnson,282,Allan Street,Saint-JÃ©rÃ´me,Alberta,L3V 1Y8,Canada,1363664877,James@story.com
Jacob,Miller,301,Brunswick Street,Cambridge,Saskatchewan,B3V 2V1,Canada,394563669,Jacob@month.com
James,Moore,103,Bedford Row,Wood Buffalo,Nunavut,G3E 2K4,Canada,1316607718,James@country.com
Jacob,,343,Buddy Daye Street,Richmond,Northwest Territories,G6X 2L1,Canada,535352601,Jacob@mother.com
Ethan,Miller,210,Beresford Road,Red Deer,Manitoba,"L4A 0T3 ",Canada,1171841029,Ethan@question.com
"",Johnson,357,Bayview Road,Lethbridge,Prince Edward Island,N8A 0B3,Canada,973561935,null@student.com
Jacob,Miller,393,Bayers Road,Sault Ste. Marie,Newfoundland and Labrador,H9S 1R4,Canada,260769710,Jacob@Mr.com
Jacob,Moore,355,Claymore Avenue,Strathcona County,Alberta,G3H 0B4,Canada,148942248,Jacob@year.com
William,Wilson,274,Barracks Drive,Saint John,Saskatchewan,E5V 3X5,Canada,425520128,William@week.com
Mason,Davis,405,Cabot Street,Blainville,Alberta,V8C 0S2,Canada,1218875694,Mason@woman.com
William,Jackson,343,Belmont Road,Aurora,Prince Edward Island,"L4A 0T3 ",Canada,640545160,William@company.com
Liam,Anderson,324,Cavendish Road,Regina,Saskatchewan,H0H 3C9,Canada,382497829,Liam@question.com
"",Brown,297,Bald Eagle Place,Port Coquitlam,Newfoundland and Labrador,N5C 2J8,Canada,920817712,null@word.com
Mason,Thomas,167,Annandale Street,Chilliwack,Northwest Territories,J9P 1C6,Canada,770971548,Mason@study.com
Liam,Jackson,350,Clayder Lane,Montreal,Northwest Territories,N4N 0B9,Canada,1063624372,Liam@life.com
Alexander,Anderson,441,Brockhurst Close,Waterloo,Alberta,L0N 3J2,Canada,1042885505,Alexander@hand.com
"",Miller,464,Amirault Court,Medicine Hat,Manitoba,H9S 1R4,Canada,459499245,null@home.com
William,Davis,326,Canary Crescent,Drummondville,Nunavut,"V1K 1V0 ",Canada,286326011,William@government.com
Jacob,Davis,203,Cherry Street,Saskatoon,Manitoba,"V1K 1V0 ",Canada,1119327157,Jacob@system.com
Jacob,Johnson,105,Balmoral Road,Oakville,,G6X 2L1,Canada,935879329,Jacob@time.com
William,Miller,409,Claymore Avenue,Regina,Yukon,J9P 1C6,Canada,292308432,William@right.com
Mason,,79,Bedford Row,Saint-JÃ©rÃ´me,Saskatchewan,E7E 3T7,Canada,217293028,Mason@word.com
James,Brown,415,Bedros Lane,Lethbridge,Manitoba,E5V 3X5,Canada,511067763,James@room.com
Alexander,Thomas,301,Cabot Place,Mirabel,Newfoundland and Labrador,J1S 0R4,Canada,511560372,Alexander@system.com
"",,67,Brussels Street,Hamilton,Nova Scotia,J1S 0R4,Canada,1238939951,null@work.com
Ethan,Johnson,47,Cherry Street,Drummondville,Newfoundland and Labrador,J1S 0R4,Canada,774260159,Ethan@child.com
