First Name,Last Name,Street Number,Street,City,Province,Postal Code,Country,Phone Number,email Address
Ethan,Williams,167,Birches Drive,London,Manitoba,E4S 3C4,Canada,1280253934,Ethan@question.com
James,Thomas,79,Berlin Street,Kawartha Lakes,Saskatchewan,N4N 0B9,Canada,944089022,James@time.com
Ethan,Williams,451,Brockhurst Close,Kawartha Lakes,Saskatchewan,H3J 3P2,Canada,357772332,Ethan@thing.com
"",Jones,458,Boulderwood Road,Whitby,Quebec,E5V 3X5,Canada,1036421653,null@company.com
Ethan,Miller,105,Claymore Avenue,Cape Breton,Nova Scotia,J0J 3V6,Canada,1304980232,Ethan@book.com
Mason,Davis,366,Bakers Drive,Welland,Saskatchewan,J0N 0Z3,Canada,107916773,Mason@woman.com
Ethan,Brown,274,Breen Avenue,Trois-RiviÃ¨res,Alberta,J0J 3V6,Canada,794593310,Ethan@lot.com
Jacob,Taylor,7,Carnation Crescent,Grande Prairie,Saskatchewan,G3E 2K4,Canada,1239874939,Jacob@word.com
Jacob,Jones,492,Armshore Drive,Repentigny,Nunavut,E7E 3T7,Canada,1201166439,Jacob@work.com
