First Name,Last Name,Street Number,Street,City,Province,Postal Code,Country,Phone Number,email Address
Jacob,Jackson,431,Bilton Lane,Gatineau,New Brunswick,G6X 2L1,Canada,595020488,Jacob@student.com
William,Thomas,447,Charles Street,Brantford,Alberta,V8B 1P6,Canada,649575400,William@room.com
Mason,Davis,304,Brewer Court,Peterborough,Saskatchewan,E4S 3C4,Canada,1326109229,Mason@week.com
Liam,Johnson,249,Bobolink Street,Chilliwack,Nova Scotia,V8C 0S2,Canada,239301312,Liam@money.com
Alexander,Miller,498,Chain Rock Drive,Aurora,Northwest Territories,L9R 0A0,Canada,696167554,Alexander@child.com
