First Name,Last Name,Street Number,Street,City,Province,Postal Code,Country,Phone Number,email Address
Liam,Williams,429,Braeburn Road,Calgary,Nunavut,G3E 2K4,Canada,1356444513,Liam@question.com
Alexander,Thomas,177,Banbury Close,Kawartha Lakes,,V8C 0S2,Canada,910110868,Alexander@day.com
Ethan,Anderson,293,Barkton Lane,Oakville,Prince Edward Island,N8A 0B3,Canada,761112862,Ethan@family.com
Liam,Anderson,60,Ashton Lane,Drummondville,British Columbia,J9P 1C6,Canada,712153532,Liam@Mr.com
Alexander,Thomas,323,Barracks Drive,London,Saskatchewan,V8C 0S2,Canada,638256670,Alexander@study.com
William,Davis,414,Artz Street,Victoria,Northwest Territories,E4M 2G2,Canada,337817153,William@part.com
"",Jackson,341,Bauer Street,New Westminster,Alberta,N8H 2H6,Canada,1244332879,null@group.com
"",Williams,123,Annandale Street,Sarnia,Prince Edward Island,N8A 0B3,Canada,1402646791,null@problem.com
Jacob,Brown,422,Central Avenue,Brantford,Newfoundland and Labrador,H0H 3C9,Canada,756921036,Jacob@night.com
Jacob,Brown,408,Clearview Street,Norfolk County,New Brunswick,H3J 3P2,Canada,353097561,Jacob@program.com
Jacob,Taylor,446,Africville Road,Vancouver,Saskatchewan,N4N 0B9,Canada,681371649,Jacob@hand.com
James,Jackson,424,Altavista Lane,Trois-RiviÃ¨res,,L0N 3J2,Canada,1401255031,James@case.com
Liam,Wilson,442,Abbott Drive,Markham,Newfoundland and Labrador,N8A 0B3,Canada,698820249,Liam@right.com
Liam,Johnson,457,,Saguenay,Prince Edward Island,T1L 2H8,Canada,282142906,Liam@day.com
Ethan,Wilson,67,Armoury Place,Regina,Nova Scotia,H9S 1R4,Canada,470226835,Ethan@money.com
Liam,Williams,322,Carrington Place,Saint-JÃ©rÃ´me,Alberta,N5C 2J8,Canada,436643052,Liam@year.com
"",Williams,16,Bishop Street,Strathcona County,Newfoundland and Labrador,N4N 0B9,Canada,607599321,null@government.com
Ethan,Johnson,241,Berlin Street,Saint-JÃ©rÃ´me,New Brunswick,N4N 0B9,Canada,1178598144,Ethan@problem.com
Jacob,Williams,107,Chessvale Close,Brantford,Alberta,K1B 3B2,Canada,1175185847,Jacob@week.com
William,Jackson,351,Blue Willow Court,Drummondville,Nunavut,E4S 3C4,Canada,239109060,William@number.com
James,Johnson,273,Bermuda Avenue,Newmarket,Prince Edward Island,H3J 3P2,Canada,906416063,James@number.com
William,Davis,419,Birches Drive,Windsor,Newfoundland and Labrador,V8C 0S2,Canada,736120250,William@place.com
Mason,Taylor,392,Bristol Place,Nanaimo,Prince Edward Island,,Canada,791655538,Mason@state.com
Mason,Davis,435,Alm-d Ramp,Gatineau,Newfoundland and Labrador,B2E 0X4,Canada,593625930,Mason@woman.com
Liam,Moore,221,Bermuda Avenue,Lethbridge,Prince Edward Island,E4S 3C4,Canada,334560863,Liam@water.com
James,Wilson,405,Basinview Drive,Quebec City,Yukon,T1L 2H8,Canada,403181550,James@word.com
"",Johnson,231,Charles Street,Victoria,Prince Edward Island,N4N 0B9,Canada,907349303,null@number.com
"",Davis,351,Blowers Street,Brampton,Prince Edward Island,H9S 1R4,Canada,586421925,null@woman.com
