First Name,Last Name,Street Number,Street,City,Province,Postal Code,Country,Phone Number,email Address
"",Wilson,459,Annandale Street,Clarington,Newfoundland and Labrador,K1B 3B2,Canada,1187031239,null@point.com
Jacob,Williams,366,Claymore Avenue,North Vancouver,Newfoundland and Labrador,J9T 3H4,Canada,1315231908,Jacob@night.com
Ethan,Wilson,19,Argyle Street,Gatineau,Northwest Territories,L9R 0A0,Canada,1238805613,Ethan@state.com
James,Thomas,223,Caxton Close,North Vancouver,Prince Edward Island,V8B 1P6,Canada,1125662242,James@night.com
"",Wilson,449,Arvida Avenue,Caledon,Nunavut,T1L 2H8,Canada,261819454,null@hand.com
Liam,Johnson,492,Albert Walker Drive,Markham,Newfoundland and Labrador,"L4A 0T3 ",Canada,1295140739,Liam@people.com
"",Johnson,247,Annandale Street,Drummondville,British Columbia,H3J 3P2,Canada,722234860,null@night.com
"",Johnson,193,Albemarle Street,Longueuil,New Brunswick,K1B 3B2,Canada,717931977,null@man.com
Ethan,Jones,222,Bedford Row,Cape Breton,Nunavut,L0N 3J2,Canada,1350990700,Ethan@time.com
Liam,Brown,192,Carroll Lane,Abbotsford,Manitoba,J0N 0Z3,Canada,1129139628,Liam@life.com
Liam,Jones,353,Amirault Court,Welland,Saskatchewan,E4S 3C4,Canada,647341076,Liam@government.com
Ethan,Jones,237,Belmont Road,Saint John,Nova Scotia,J9T 3H4,Canada,908250566,Ethan@people.com
Mason,Wilson,311,Benjamin Green Drive,Caledon,Manitoba,,Canada,629805923,Mason@year.com
James,Moore,86,Alm-c Ramp,Vancouver,Saskatchewan,H3J 3P2,Canada,915736334,James@right.com
Mason,Thomas,203,Caxton Close,St. Albert,Prince Edward Island,E5V 3X5,Canada,822603992,Mason@number.com
Alexander,Jackson,476,Bermuda Avenue,Kawartha Lakes,New Brunswick,E4S 3C4,Canada,876699223,Alexander@group.com
Ethan,Anderson,186,Carrington Place,North Vancouver,Quebec,V8B 1P6,Canada,280523890,Ethan@night.com
Alexander,Taylor,260,Albert Street,Saint John,Yukon,L9R 0A0,Canada,143475471,Alexander@day.com
Ethan,Anderson,67,Albert Place,Milton,Saskatchewan,H0H 3C9,Canada,679687446,Ethan@world.com
Mason,Williams,185,Bower Road,Kitchener,Alberta,K1B 3B2,Canada,1351108791,Mason@case.com
James,Moore,94,Centre Gate,Kingston,Nova Scotia,G0H 2P3,Canada,1393689961,James@family.com
William,Jackson,455,Blink Bonnie Terrace,Newmarket,Northwest Territories,B3V 2V1,Canada,138532392,William@null
Alexander,Davis,240,Altavista Lane,Surrey,Alberta,J1S 0R4,Canada,147040839,Alexander@night.com
William,Anderson,357,Carroll Lane,Vancouver,Northwest Territories,N5C 2J8,Canada,1188288361,William@home.com
Mason,Wilson,141,Acadia Street,Delta,Nunavut,,Canada,1343476079,Mason@water.com
James,Davis,279,Armview Terrace,Burnaby,New Brunswick,H3J 3P2,Canada,354741797,James@right.com
Alexander,Jackson,198,Brycedale Lane,Peterborough,Nova Scotia,G6X 2L1,Canada,1085788436,Alexander@people.com
Ethan,Miller,77,Caxton Close,Saint-JÃ©rÃ´me,Northwest Territories,J1S 0R4,Canada,1080993651,Ethan@right.com
William,Jackson,435,Chessvale Close,Langley,Nunavut,L9R 0A0,Canada,817947639,William@people.com
"",Moore,143,Bishop Street,Maple Ridge,Alberta,"B0T 0Y5 ",Canada,177431515,null@group.com
"",Jackson,279,Armada Drive,Delta,,J9P 1C6,Canada,270194787,null@question.com
Ethan,Brown,426,,Moncton,Northwest Territories,E4M 2G2,Canada,1022735107,Ethan@story.com
Ethan,Davis,273,Buddy Daye Street,Saint John,Prince Edward Island,"L4A 0T3 ",Canada,1311980771,Ethan@null
William,Moore,346,Bluestone Road,Cape Breton,Yukon,B3V 2V1,Canada,242000953,William@day.com
Alexander,Jones,81,Cairnwell Close,Thunder Bay,Alberta,E5V 3X5,Canada,300009375,Alexander@time.com
"",Jones,267,Clifton Street,Saint-JÃ©rÃ´me,Nunavut,G6X 2L1,Canada,215779296,null@program.com
"",Wilson,246,Battery Drive,Saint John,Newfoundland and Labrador,G0H 2P3,Canada,1322836783,null@book.com
Mason,Brown,494,Chelsea Lane,Victoria,Northwest Territories,B2E 0X4,Canada,626900714,Mason@school.com
Ethan,Miller,208,Aster Court,Chilliwack,,B2E 0X4,Canada,1165831070,Ethan@woman.com
Jacob,,193,Arthur Street,Halton Hills,British Columbia,B2E 0X4,Canada,132715241,Jacob@place.com
