First Name,Last Name,Street Number,Street,City,Province,Postal Code,Country,Phone Number,email Address
William,Jackson,460,Ashton Lane,Grande Prairie,Alberta,H9S 1R4,Canada,784109249,William@month.com
Jacob,Williams,85,Auburn Avenue,Terrebonne,New Brunswick,,Canada,649051828,Jacob@right.com
Mason,Wilson,431,Carrington Place,Sherbrooke,New Brunswick,"L4A 0T3 ",Canada,1246420391,Mason@place.com
Alexander,,337,Aikens Avenue,Saskatoon,Nova Scotia,G0H 2P3,Canada,195338821,Alexander@business.com
William,Thomas,340,Battery 18th Road,Surrey,Northwest Territories,L4A 0T0,Canada,1258624012,William@home.com
"",Miller,299,Cavendish Road,LÃ©vis,Nunavut,B3V 2V1,Canada,566950068,null@woman.com
William,Davis,290,Caxton Close,Drummondville,Manitoba,H3J 3P2,Canada,1106272564,William@money.com
Alexander,Thomas,98,Acorn Road,Prince George,Prince Edward Island,L4A 0T0,Canada,923934565,Alexander@fact.com
James,Jones,62,Cascade Drive,Chatham-Kent,,G3H 0B4,Canada,142347953,James@null
Alexander,Miller,235,Belmont Road,Longueuil,Prince Edward Island,H3J 3P2,Canada,794972160,Alexander@lot.com
Liam,Jackson,457,Carroll Lane,LÃ©vis,Newfoundland and Labrador,B2E 0X4,Canada,932463007,Liam@people.com
Alexander,Williams,280,Banbury Close,Ottawa,,,Canada,1319098514,Alexander@week.com
Mason,Taylor,88,Armdale Rotary,Medicine Hat,New Brunswick,J0J 3V6,Canada,524798012,Mason@water.com
"",Jones,42,Blue Thistle Road,Caledon,Manitoba,N8A 0B3,Canada,813482251,null@mother.com
"",Anderson,344,Adams Avenue,Winnipeg,New Brunswick,G0H 2P3,Canada,1230112221,null@question.com
Mason,Miller,412,Brigadier Court,Kawartha Lakes,Newfoundland and Labrador,J9T 3H4,Canada,303901802,Mason@place.com
"",Anderson,253,Bedford Row,Niagara Falls,Alberta,H0H 3C9,Canada,299036883,null@government.com
"",Williams,391,Bayne St Ramp,Richmond Hill,Prince Edward Island,T1L 2H8,Canada,1091281915,null@month.com
Liam,Anderson,340,Artillery Place,Richmond Hill,Prince Edward Island,H3J 3P2,Canada,147387542,Liam@group.com
Liam,Jones,290,Ashton Lane,North Vancouver,Alberta,G0H 2P3,Canada,1380429608,Liam@week.com
William,Williams,52,Chocolate Lake Road,St. John's,Alberta,J0N 0Z3,Canada,1034449560,William@number.com
James,Johnson,173,Braeburn Road,Repentigny,Northwest Territories,L9R 0A0,Canada,1201166506,James@company.com
William,Johnson,439,Bristol Place,Regina,New Brunswick,E7E 3T7,Canada,627352213,William@case.com
James,Davis,153,Bosun Run,Trois-RiviÃ¨res,Northwest Territories,K1B 3B2,Canada,912201740,James@right.com
"",Jones,405,Clifton Street,Belleville,Saskatchewan,,Canada,1188198502,null@case.com
William,Davis,297,Armshore Drive,Sherbrooke,Prince Edward Island,N5C 2J8,Canada,1002777847,William@week.com
