First Name,Last Name,Street Number,Street,City,Province,Postal Code,Country,Phone Number,email Address
"",Wilson,403,Bliss Street,Saint-Hyacinthe,British Columbia,G3E 2K4,Canada,1018917578,null@business.com
Alexander,Miller,346,Clearview Street,Thunder Bay,Quebec,V8B 1P6,Canada,178875842,Alexander@family.com
Jacob,Jackson,439,Alm-b Ramp,Medicine Hat,Prince Edward Island,G3E 2K4,Canada,575329137,Jacob@man.com
"",Davis,463,Carroll Lane,Vaughan,Saskatchewan,N8A 0B3,Canada,956631891,null@student.com
William,Williams,270,Bobolink Street,Victoria,Prince Edward Island,H0H 3C9,Canada,1306292693,William@story.com
"",Davis,363,Aikenhead Road,Thunder Bay,Alberta,B3V 2V1,Canada,748579593,null@fact.com
Ethan,Davis,54,Agricola Street,London,Prince Edward Island,"V1K 1V0 ",Canada,402055532,Ethan@point.com
Alexander,Jackson,347,Boulderwood Road,Fredericton,Manitoba,L3V 1Y8,Canada,1047716300,Alexander@home.com
Jacob,Taylor,434,Bonaventure Drive,Saguenay,Saskatchewan,"B0T 0Y5 ",Canada,1078571646,Jacob@month.com
Alexander,Wilson,266,Aurora Avenue,Saint John,Saskatchewan,G3H 0B4,Canada,228655141,Alexander@business.com
"",Johnson,365,Botany Terrace,North Vancouver,Alberta,J9T 3H4,Canada,1342503869,null@way.com
Mason,Brown,417,Blue Jay Street,Cape Breton,Northwest Territories,T1L 2H8,Canada,788779672,Mason@story.com
"",Johnson,445,Albert Place,Maple Ridge,Alberta,,Canada,593310544,null@book.com
Mason,Anderson,177,Clifton Street,Coquitlam,New Brunswick,J0J 3V6,Canada,1233223256,Mason@fact.com
James,Anderson,111,Bridges Street,Cambridge,Prince Edward Island,N5C 2J8,Canada,108170578,James@group.com
Ethan,Jackson,80,Balwearie Lane,Kamloops,Yukon,G3H 0B4,Canada,831994076,Ethan@right.com
