First Name,Last Name,Street Number,Street,City,Province,Postal Code,Country,Phone Number,email Address
Liam,Anderson,413,Broadholme Lane,Barrie,Prince Edward Island,J9T 3H4,Canada,379134954,Liam@business.com
William,Jackson,20,Archibald Avenue,Blainville,British Columbia,L3V 1Y8,Canada,292127829,William@life.com
"",Williams,421,Beaufort Avenue,Saanich,Yukon,J9T 3H4,Canada,632672106,null@world.com
William,Moore,150,Blowers Street,Milton,British Columbia,H0H 3C9,Canada,1221717584,William@right.com
"",Jackson,23,Bermuda Avenue,Calgary,Prince Edward Island,"B0T 0Y5 ",Canada,436682819,null@system.com
Alexander,Brown,450,Chain Rock Drive,Strathcona County,Northwest Territories,B2E 0X4,Canada,214111409,Alexander@world.com
"",Moore,278,Carnation Crescent,North Vancouver,Saskatchewan,"B0T 0Y5 ",Canada,339353035,null@part.com
"",Jones,319,Atlantic Street,St. Albert,Manitoba,"V1K 1V0 ",Canada,1381854196,null@program.com
"",Williams,111,Attenborough Court,Quebec City,Quebec,G6X 2L1,Canada,706827842,null@point.com
"",Moore,333,Artz Street,Peterborough,Nova Scotia,B2E 0X4,Canada,1235738025,null@day.com
Ethan,Williams,10,Alderwood Drive,Granby,Yukon,K1B 3B2,Canada,1368431341,Ethan@way.com
"",Williams,437,Aldergrove Drive,Waterloo,Alberta,E4M 2G2,Canada,1126039348,null@fact.com
William,Anderson,445,Armoury Place,Halifax,Alberta,J0J 3V6,Canada,728411574,William@program.com
"",Williams,216,Balmoral Road,Brantford,Prince Edward Island,G3E 2K4,Canada,1139157553,null@study.com
Liam,Brown,135,Clayton Park Drive,Brampton,Prince Edward Island,L3V 1Y8,Canada,1331811610,Liam@study.com
Alexander,Williams,154,Carroll Lane,Montreal,Manitoba,N8A 0B3,Canada,1276655848,Alexander@point.com
William,Wilson,493,Alm-a Ramp,Saint-Hyacinthe,Nova Scotia,K1B 3B2,Canada,263554282,William@government.com
Jacob,Moore,363,Aurora Avenue,Oakville,Alberta,N8A 0B3,Canada,848801414,Jacob@country.com
Liam,Johnson,139,Bond Street,Calgary,Saskatchewan,T1L 2H8,Canada,909381769,Liam@company.com
Mason,Johnson,12,Attenborough Court,Abbotsford,Northwest Territories,G6X 2L1,Canada,1395339262,Mason@year.com
James,Johnson,90,Ballantrae Lane,Fredericton,Northwest Territories,N8H 2H6,Canada,967373018,James@word.com
Mason,Anderson,323,Binney Street,Norfolk County,Nunavut,E7E 3T7,Canada,933537236,Mason@system.com
Ethan,Jones,93,Attenborough Court,Richmond Hill,Manitoba,J9T 3H4,Canada,1239564672,Ethan@state.com
Alexander,Anderson,55,Brook Street,Surrey,Northwest Territories,T1L 2H8,Canada,1084014167,Alexander@point.com
Ethan,Jones,392,Broadholme Lane,Strathcona County,Quebec,G3E 2K4,Canada,1322258119,Ethan@company.com
Ethan,Jackson,202,Abercrombie Lane,Fredericton,Northwest Territories,"B0T 0Y5 ",Canada,539758296,Ethan@day.com
"",,19,Buffers Lane,Clarington,Nunavut,H0H 3C9,Canada,326353081,null@job.com
"",Taylor,214,Briar Lane,Ottawa,Prince Edward Island,L3V 1Y8,Canada,326853468,null@system.com
Mason,Anderson,456,Artz Street,Quebec City,Nunavut,V8B 1P6,Canada,1001251239,Mason@day.com
Liam,Thomas,356,Bridgeview Drive,Ajax,Nunavut,B3V 2V1,Canada,1294655864,Liam@job.com
Liam,Williams,330,Armview Terrace,St. Catharines,Newfoundland and Labrador,E4M 2G2,Canada,266150991,Liam@week.com
