First Name,Last Name,Street Number,Street,City,Province,Postal Code,Country,Phone Number,email Address
Mason,Jackson,460,Cairnwell Close,North Vancouver,Prince Edward Island,G6X 2L1,Canada,387299347,Mason@Mr.com
James,Taylor,52,Armcrescent East Drive,Brantford,Quebec,K1B 3B2,Canada,652399459,James@case.com
Alexander,Thomas,331,Castle Hill Drive,Aurora,Yukon,"V1K 1V0 ",Canada,554753682,Alexander@question.com
Ethan,Taylor,437,Bedford Highway Ramp,Saskatoon,Manitoba,E4M 2G2,Canada,318856449,Ethan@right.com
Mason,,90,Banbury Close,Prince George,Nunavut,E5V 3X5,Canada,681193784,Mason@man.com
"",Brown,463,Clinton Avenue,Guelph,Prince Edward Island,G0H 2P3,Canada,1077325219,null@story.com
William,Anderson,158,Bellevue Avenue,Laval,Nunavut,B2E 0X4,Canada,600885458,William@system.com
Ethan,Johnson,8,Buddy Daye Street,LÃ©vis,,N4N 0B9,Canada,259590174,Ethan@life.com
Mason,Taylor,373,Caxton Close,Oakville,Manitoba,H0H 3C9,Canada,1330301100,Mason@mother.com
Ethan,Wilson,230,Clearview Street,Repentigny,Northwest Territories,E7E 3T7,Canada,105451094,Ethan@hand.com
"",,475,Albert Place,Prince George,New Brunswick,L0N 3J2,Canada,203087351,null@water.com
Jacob,Johnson,272,Carmichael Street,St. Catharines,Northwest Territories,N5C 2J8,Canada,1210844178,Jacob@point.com
Mason,,434,Alex Street,Trois-RiviÃ¨res,Prince Edward Island,E4S 3C4,Canada,183714286,Mason@number.com
Ethan,Moore,221,Briar Place,Strathcona County,Northwest Territories,J0J 3V6,Canada,554729626,Ethan@room.com
Alexander,Jones,38,Cabot Place,Markham,Quebec,B2E 0X4,Canada,405428166,Alexander@room.com
Liam,Davis,286,Apollo Court,Newmarket,Northwest Territories,L4A 0T0,Canada,1334368578,Liam@system.com
Ethan,Wilson,146,Bright Place,Newmarket,Alberta,B2E 0X4,Canada,1277245708,Ethan@fact.com
Alexander,Taylor,32,Belmont Road,Clarington,New Brunswick,B2E 0X4,Canada,520981985,Alexander@eye.com
Mason,Johnson,48,Chain Lake Drive,Whitby,Newfoundland and Labrador,E4S 3C4,Canada,1072981171,Mason@word.com
William,Davis,217,Armshore Drive,Medicine Hat,Quebec,H0H 3C9,Canada,1005970886,William@job.com
Liam,Thomas,480,Battery 18th Road,Cambridge,Prince Edward Island,H3J 3P2,Canada,452199059,Liam@story.com
Jacob,Miller,386,Barkton Lane,North Vancouver,Prince Edward Island,G6X 2L1,Canada,1100809681,Jacob@right.com
Ethan,Moore,12,Alton Drive,Victoria,Alberta,N8H 2H6,Canada,1073204669,Ethan@government.com
Liam,Williams,124,Brackley Place,Halifax,Northwest Territories,E4S 3C4,Canada,1124612523,Liam@water.com
"",Williams,151,Chipstone Close,North Vancouver,Northwest Territories,"L4A 0T3 ",Canada,404640920,null@country.com
Alexander,Anderson,164,Benalder Lane,St. Albert,Quebec,J9T 3H4,Canada,1107206547,Alexander@job.com
Ethan,Thomas,11,Chelsea Lane,Brampton,Quebec,G3H 0B4,Canada,955762563,Ethan@lot.com
Ethan,Taylor,225,Alderwood Drive,Airdrie,Nova Scotia,J9T 3H4,Canada,639714270,Ethan@money.com
William,Jones,62,Charlotte Lane,Brossard,New Brunswick,T1L 2H8,Canada,1037533472,William@people.com
Alexander,Anderson,167,Bromley Road,Maple Ridge,Alberta,K1B 3B2,Canada,1368099021,Alexander@system.com
Mason,Moore,45,Catamaran Road,St. Albert,Nova Scotia,N4N 0B9,Canada,1266794723,Mason@world.com
