First Name,Last Name,Street Number,Street,City,Province,Postal Code,Country,Phone Number,email Address
Ethan,Jones,344,Beachstone Drive,Maple Ridge,British Columbia,B2E 0X4,Canada,722542800,Ethan@eye.com
Mason,Jones,387,Bosun Run,Sarnia,Northwest Territories,H3J 3P2,Canada,164624351,Mason@part.com
William,,250,Battery 18th Road,Welland,Quebec,N8H 2H6,Canada,914778934,William@company.com
Ethan,Davis,104,Basinview Drive,Guelph,Manitoba,G3H 0B4,Canada,1306794116,Ethan@time.com
Alexander,Johnson,52,Bonaventure Drive,Victoria,Prince Edward Island,L9R 0A0,Canada,312742962,Alexander@family.com
James,Williams,479,Carnation Crescent,Wood Buffalo,Nunavut,L0N 3J2,Canada,1154903661,James@problem.com
James,Jackson,342,Cedarbrae Lane,Hamilton,Newfoundland and Labrador,N4N 0B9,Canada,502686283,James@Mr.com
James,Moore,127,Altavista Lane,Burnaby,Manitoba,G0H 2P3,Canada,308249153,James@year.com
Ethan,Johnson,88,Brewer Court,Windsor,Northwest Territories,G0H 2P3,Canada,530055048,Ethan@family.com
Jacob,Moore,152,Cairnwell Close,Red Deer,Saskatchewan,J0J 3V6,Canada,859338341,Jacob@problem.com
"",Jones,125,Armoury Place,North Bay,Saskatchewan,J0N 0Z3,Canada,406736675,null@number.com
Ethan,Wilson,180,Chebucto Lane,Winnipeg,Alberta,H9S 1R4,Canada,595352457,Ethan@group.com
Mason,Miller,44,Alex Street,New Westminster,Alberta,E7E 3T7,Canada,834125295,Mason@problem.com
Jacob,Johnson,91,Cedarbrae Lane,Kitchener,Prince Edward Island,J0N 0Z3,Canada,992788574,Jacob@null
Mason,Taylor,85,Armcrescent East Drive,Drummondville,British Columbia,J1S 0R4,Canada,602510599,Mason@hand.com
"",Davis,486,Brigadier Court,Quebec City,Quebec,G0H 2P3,Canada,427125485,null@day.com
Jacob,,105,Bethany Way,Oakville,Prince Edward Island,"V1K 1V0 ",Canada,968092961,Jacob@world.com
"",Jackson,200,Battery Drive,Richmond,Manitoba,"B0T 0Y5 ",Canada,359628695,null@system.com
Ethan,Anderson,371,Chain Rock Drive,Mississauga,Nunavut,L3V 1Y8,Canada,1187904659,Ethan@way.com
