First Name,Last Name,Street Number,Street,City,Province,Postal Code,Country,Phone Number,email Address
William,Anderson,95,Clifton Street,Regina,Saskatchewan,J0N 0Z3,Canada,242789530,William@room.com
Mason,Anderson,13,Bauer Street,Sault Ste. Marie,Nova Scotia,"V1K 1V0 ",Canada,623809544,Mason@month.com
"",,323,Bently Drive,Welland,New Brunswick,B2E 0X4,Canada,1025882150,null@night.com
Jacob,Jackson,167,Camelot Lane,Saint-Hyacinthe,Yukon,,Canada,463695312,Jacob@fact.com
Alexander,Moore,157,Briar Lane,Terrebonne,New Brunswick,L0N 3J2,Canada,794264727,Alexander@school.com
James,Moore,373,Archibald Avenue,Kitchener,,H9S 1R4,Canada,1011951733,James@woman.com
William,Williams,237,Chebucto Road,Richmond Hill,Alberta,N8H 2H6,Canada,393842017,William@company.com
Liam,Jones,462,Berlin Street,Newmarket,New Brunswick,T1L 2H8,Canada,717315882,Liam@day.com
James,Jones,344,Bridget Avenue,Regina,Prince Edward Island,J9P 1C6,Canada,394683095,James@company.com
Liam,Moore,312,Briar Place,Cape Breton,Yukon,H0H 3C9,Canada,1234697305,Liam@program.com
Mason,Jones,77,Camelot Lane,Surrey,Prince Edward Island,,Canada,388637286,Mason@country.com
Liam,Miller,316,Castle Hill Drive,Thunder Bay,Nova Scotia,,Canada,218957904,Liam@study.com
"",Jackson,350,Bronson Avenue,Granby,Northwest Territories,G6X 2L1,Canada,1064373345,null@point.com
Liam,,427,Brenton Place,London,Alberta,N4N 0B9,Canada,327565729,Liam@time.com
William,Anderson,130,Clearview Street,Chilliwack,Nova Scotia,E4M 2G2,Canada,1111526172,William@thing.com
