First Name,Last Name,Street Number,Street,City,Province,Postal Code,Country,Phone Number,email Address
William,Moore,242,Almon Street,St. John's,Newfoundland and Labrador,T1L 2H8,Canada,1265919332,William@program.com
James,Jones,395,Bobolink Street,Victoria,Newfoundland and Labrador,G3H 0B4,Canada,465390639,James@company.com
Ethan,Jones,146,Carrington Place,Coquitlam,Alberta,J0N 0Z3,Canada,1169218515,Ethan@lot.com
Liam,Williams,480,Borden Street,Calgary,Prince Edward Island,H3J 3P2,Canada,980492749,Liam@study.com
Ethan,Moore,74,Clinton Avenue,Oakville,Nunavut,G3E 2K4,Canada,1261360692,Ethan@part.com
James,Davis,43,Alm-a Ramp,Richmond Hill,British Columbia,G0H 2P3,Canada,1395084088,James@case.com
James,Jones,225,Blowers Street,Montreal,Newfoundland and Labrador,G0H 2P3,Canada,1064046988,James@place.com
William,Williams,13,Birchwood Drive,Sherbrooke,Nunavut,,Canada,730004250,William@world.com
Ethan,Thomas,389,Bishop Street,Maple Ridge,Manitoba,,Canada,1372524276,Ethan@hand.com
Alexander,Wilson,4,Catamaran Road,Winnipeg,New Brunswick,N5C 2J8,Canada,278997311,Alexander@year.com
Alexander,Thomas,382,Bliss Street,Langley,Manitoba,"V1K 1V0 ",Canada,1321148283,Alexander@lot.com
Liam,Anderson,324,Chestnut Street,Brantford,Northwest Territories,N8H 2H6,Canada,1170055247,Liam@hand.com
James,Brown,204,Benjamin Green Drive,Edmonton,Northwest Territories,G3H 0B4,Canada,534422352,James@student.com
Alexander,Jones,98,Beechwood Terrace,Fredericton,Nunavut,J9P 1C6,Canada,496480889,Alexander@hand.com
"",Wilson,361,Bedford Highway Ramp,Maple Ridge,Nunavut,,Canada,353719048,null@place.com
Alexander,Moore,461,Apollo Court,Halifax,Prince Edward Island,N5C 2J8,Canada,862679961,Alexander@problem.com
"",Wilson,222,Blink Bonnie Terrace,Sarnia,Prince Edward Island,H3J 3P2,Canada,1409609824,null@room.com
Liam,Jones,170,Blink Bonnie Terrace,Grande Prairie,Newfoundland and Labrador,N8A 0B3,Canada,624711625,Liam@program.com
James,Brown,403,Bond Street,Moncton,Yukon,H9S 1R4,Canada,608702468,James@government.com
Liam,Taylor,489,Cascade Drive,Wood Buffalo,Northwest Territories,,Canada,684363510,Liam@room.com
Alexander,Thomas,223,Allan Street,Moncton,Alberta,N5C 2J8,Canada,1282217905,Alexander@book.com
William,Johnson,500,Binney Street,Moncton,Manitoba,L9R 0A0,Canada,747408372,William@life.com
William,Anderson,318,Cloverdale Road,Niagara Falls,Prince Edward Island,E4M 2G2,Canada,1340324457,William@hand.com
