First Name,Last Name,Street Number,Street,City,Province,Postal Code,Country,Phone Number,email Address
Ethan,Moore,131,Castlepark Grove,Abbotsford,Yukon,J1S 0R4,Canada,524823525,Ethan@job.com
William,Moore,166,Braeside Lane,New Westminster,Newfoundland and Labrador,B3V 2V1,Canada,976786469,William@night.com
Alexander,Williams,406,Camelot Lane,Ajax,Manitoba,G6X 2L1,Canada,591892978,Alexander@right.com
Ethan,,164,Chipstone Close,Ottawa,Nova Scotia,N4N 0B9,Canada,807961809,Ethan@day.com
"",Davis,60,Belle Aire Terrace,Greater Sudbury,New Brunswick,L9R 0A0,Canada,1055192112,null@group.com
Liam,,119,Brewer Court,Burnaby,Manitoba,B3V 2V1,Canada,967474866,Liam@word.com
