First Name,Last Name,Street Number,Street,City,Province,Postal Code,Country,Phone Number,email Address
"",,261,Atlantic Street,North Vancouver,Northwest Territories,G0H 2P3,Canada,917087548,null@study.com
Ethan,Anderson,351,Churchill Drive,Oakville,Saskatchewan,G6X 2L1,Canada,1287874563,Ethan@thing.com
Jacob,Taylor,311,Ash Lake Court,Saguenay,Northwest Territories,N5C 2J8,Canada,620498509,Jacob@company.com
Jacob,Moore,398,Barracks Drive,Aurora,Nunavut,B3V 2V1,Canada,295524536,Jacob@water.com
James,Miller,249,Chain Lake Drive,North Bay,Newfoundland and Labrador,G3E 2K4,Canada,318774990,James@right.com
Ethan,Moore,60,Birchview Drive,Burnaby,Newfoundland and Labrador,G3E 2K4,Canada,956447799,Ethan@Mr.com
Alexander,Taylor,392,Clayton Park Drive,Trois-RiviÃ¨res,Prince Edward Island,E4M 2G2,Canada,802146310,Alexander@company.com
"",Moore,341,Blue Thistle Road,Saint-Hyacinthe,Northwest Territories,J9T 3H4,Canada,327530748,null@story.com
