First Name,Last Name,Street Number,Street,City,Province,Postal Code,Country,Phone Number,email Address
James,Brown,141,Clayton Park Drive,Kitchener,Newfoundland and Labrador,"L4A 0T3 ",Canada,679059471,James@life.com
"",Johnson,120,Bristol Place,Mississauga,Alberta,"L4A 0T3 ",Canada,322785752,null@question.com
James,Williams,162,Archibald Avenue,Saanich,Manitoba,E4M 2G2,Canada,1201690001,James@week.com
"",Brown,159,Blue Jay Street,Regina,Newfoundland and Labrador,N8H 2H6,Canada,341160284,null@number.com
William,Moore,14,Armcrescent West Avenue,Halifax,Newfoundland and Labrador,"L4A 0T3 ",Canada,246849815,William@null
Ethan,Anderson,435,Catamaran Road,Saint-Hyacinthe,Prince Edward Island,L4A 0T0,Canada,120433825,Ethan@family.com
"",Jones,437,Clifton Street,Belleville,Northwest Territories,E5V 3X5,Canada,1117248004,null@study.com
"",Jones,115,Almon Street,Sault Ste. Marie,Northwest Territories,T1L 2H8,Canada,201080738,null@book.com
James,,96,Albion Road,Terrebonne,Nunavut,E7E 3T7,Canada,917631978,James@system.com
James,Williams,376,Auburn Avenue,Coquitlam,Northwest Territories,N5C 2J8,Canada,915654538,James@money.com
Ethan,Thomas,82,Brigadier Court,Markham,Manitoba,"B0T 0Y5 ",Canada,1055861745,Ethan@right.com
"",,333,Cavendish Road,Niagara Falls,Alberta,E7E 3T7,Canada,853398586,null@business.com
Liam,,8,Blink Bonnie Terrace,Edmonton,Quebec,G6X 2L1,Canada,441905823,Liam@year.com
James,Anderson,190,Birchdale Avenue,Port Coquitlam,Saskatchewan,V8B 1P6,Canada,1017643261,James@system.com
Ethan,Taylor,64,Ascot Avenue,Sault Ste. Marie,Nunavut,J9T 3H4,Canada,892408474,Ethan@hand.com
Ethan,Johnson,356,Barkton Lane,Cape Breton,Yukon,N4N 0B9,Canada,860802601,Ethan@month.com
James,Miller,131,Bland Street,Kamloops,Prince Edward Island,H9S 1R4,Canada,950731343,James@week.com
Ethan,Taylor,39,Bloomingdale Terrace,Kitchener,Newfoundland and Labrador,"L4A 0T3 ",Canada,449957477,Ethan@world.com
Alexander,Thomas,96,Bellevue Avenue,Maple Ridge,Northwest Territories,"L4A 0T3 ",Canada,663767103,Alexander@week.com
Ethan,,444,Ashton Lane,Nanaimo,Quebec,J9P 1C6,Canada,573154998,Ethan@night.com
Liam,Thomas,175,Brockhurst Close,Maple Ridge,Nunavut,J9T 3H4,Canada,313638926,Liam@day.com
William,Taylor,224,Bryden Avenue,Markham,New Brunswick,"V1K 1V0 ",Canada,990215008,William@business.com
"",Brown,14,Cambridge Street,Terrebonne,Nunavut,L4A 0T0,Canada,775532272,null@right.com
Ethan,Williams,80,Birchdale Avenue,Nanaimo,Yukon,E5V 3X5,Canada,556292867,Ethan@business.com
Ethan,Taylor,69,Almon Street,Quebec City,Manitoba,E7E 3T7,Canada,1348687017,Ethan@home.com
James,Wilson,38,Belmont Road,Norfolk County,,J9P 1C6,Canada,385078576,James@lot.com
Liam,Jones,56,Brockhurst Close,Brossard,Saskatchewan,H3J 3P2,Canada,1124609812,Liam@home.com
Alexander,Moore,355,Artillery Place,Trois-RiviÃ¨res,Alberta,B3V 2V1,Canada,360669894,Alexander@right.com
"",Davis,121,Chessvale Close,Ajax,Saskatchewan,E5V 3X5,Canada,526941279,null@water.com
Liam,Williams,415,Archibald Avenue,Repentigny,Nunavut,N5C 2J8,Canada,503768935,Liam@world.com
Alexander,Anderson,279,Broadholme Lane,Cape Breton,Northwest Territories,J9T 3H4,Canada,947267160,Alexander@government.com
Jacob,Davis,391,Bishop Street,Coquitlam,Nunavut,J1S 0R4,Canada,581740028,Jacob@program.com
