First Name,Last Name,Street Number,Street,City,Province,Postal Code,Country,Phone Number,email Address
William,,145,Bronson Avenue,Mississauga,British Columbia,E5V 3X5,Canada,378736350,William@fact.com
Mason,Miller,135,Altavista Lane,Hamilton,Prince Edward Island,"V1K 1V0 ",Canada,1205468544,Mason@program.com
James,Williams,146,Ascot Avenue,Richmond,Nunavut,N8A 0B3,Canada,137024321,James@woman.com
"",Moore,199,Brenton Street,Red Deer,Manitoba,J1S 0R4,Canada,667487181,null@book.com
"",Williams,288,Bright Place,Brantford,Nunavut,K1B 3B2,Canada,977598903,null@business.com
James,Miller,21,Bloomfield Street,Moncton,Nunavut,"L4A 0T3 ",Canada,580206970,James@year.com
Ethan,,150,Cambridge Street,Saint-Jean-sur-Richelieu,Newfoundland and Labrador,"B0T 0Y5 ",Canada,114386469,Ethan@question.com
James,Anderson,287,Botany Terrace,Terrebonne,New Brunswick,J0J 3V6,Canada,645870159,James@part.com
Alexander,Davis,164,Ballantrae Lane,Sault Ste. Marie,Northwest Territories,G3E 2K4,Canada,166451366,Alexander@life.com
"",Johnson,229,Brook Street,Gatineau,Nunavut,L4A 0T0,Canada,816942178,null@null
James,,181,Abercrombie Lane,Halton Hills,Northwest Territories,E5V 3X5,Canada,847449520,James@state.com
James,,421,Ashdale Avenue,Whitby,Saskatchewan,B3V 2V1,Canada,200707975,James@woman.com
Jacob,Brown,141,Ballantrae Lane,Saint-JÃ©rÃ´me,Alberta,G6X 2L1,Canada,278683703,Jacob@company.com
William,Brown,166,Bethany Way,Mirabel,Manitoba,H0H 3C9,Canada,278801065,William@point.com
