First Name,Last Name,Street Number,Street,City,Province,Postal Code,Country,Phone Number,email Address
Liam,Johnson,90,Buffers Lane,Maple Ridge,Alberta,G6X 2L1,Canada,379575631,Liam@mother.com
Liam,Brown,301,Bobolink Street,Abbotsford,Manitoba,V8B 1P6,Canada,234437472,Liam@null
Jacob,Anderson,255,Broadholme Lane,Milton,British Columbia,V8B 1P6,Canada,469828232,Jacob@part.com
William,Jones,326,Alton Drive,St. Albert,Yukon,N4N 0B9,Canada,633728542,William@group.com
Alexander,Anderson,40,Albert Place,New Westminster,Prince Edward Island,V8B 1P6,Canada,1264998459,Alexander@child.com
James,Brown,409,Albert Place,Victoria,Nova Scotia,J9P 1C6,Canada,1309020145,James@number.com
Alexander,Anderson,117,Auburn Avenue,St. Catharines,Yukon,J0J 3V6,Canada,1370554951,Alexander@room.com
"",Thomas,77,Carlton Street,Drummondville,Alberta,J1S 0R4,Canada,1078731877,null@state.com
Liam,Jones,418,Belle Aire Terrace,Trois-RiviÃ¨res,Alberta,L3V 1Y8,Canada,382475784,Liam@government.com
Liam,Davis,476,Alton Drive,Mirabel,Manitoba,N8A 0B3,Canada,1389419569,Liam@fact.com
"",Jackson,198,Barkton Lane,Norfolk County,Quebec,V8C 0S2,Canada,1198535414,null@family.com
Jacob,Brown,241,Birkdale Crescent,Norfolk County,Prince Edward Island,N8H 2H6,Canada,1133266628,Jacob@government.com
Jacob,Miller,332,Barkton Lane,Mirabel,Newfoundland and Labrador,L3V 1Y8,Canada,162576732,Jacob@year.com
James,Moore,174,Bland Street,Blainville,Prince Edward Island,J9T 3H4,Canada,545210894,James@number.com
"",Thomas,231,Cabot Back Lane,Newmarket,Manitoba,K1B 3B2,Canada,838731403,null@way.com
Ethan,Thomas,453,Canary Crescent,Kitchener,Northwest Territories,N4N 0B9,Canada,320234249,Ethan@day.com
Ethan,Davis,41,Church Street,Burnaby,Northwest Territories,E4M 2G2,Canada,780365949,Ethan@country.com
Jacob,Johnson,82,Admirals Way,Abbotsford,Saskatchewan,J0N 0Z3,Canada,1074155249,Jacob@question.com
Alexander,,15,Cartaret Street,Brossard,Nunavut,H3J 3P2,Canada,222148159,Alexander@system.com
Ethan,Miller,481,Brenton Place,New Westminster,Newfoundland and Labrador,N5C 2J8,Canada,300735221,Ethan@thing.com
James,Anderson,54,Chelton Woods Lane,Norfolk County,New Brunswick,G6X 2L1,Canada,1299697740,James@week.com
William,Taylor,122,Apollo Court,Norfolk County,Yukon,L3V 1Y8,Canada,573755355,William@company.com
"",Brown,435,Acorn Road,Whitby,Yukon,V8C 0S2,Canada,1283602262,null@day.com
Liam,Thomas,211,Bridgeview Drive,Victoria,Prince Edward Island,G3E 2K4,Canada,665987474,Liam@home.com
Jacob,Davis,470,Caxton Close,Terrebonne,Nova Scotia,K1B 3B2,Canada,324324242,Jacob@question.com
James,Moore,141,Bishop Street,Prince George,Nova Scotia,G3H 0B4,Canada,455696246,James@Mr.com
Jacob,Davis,283,Armdale Rotary,Regina,Quebec,V8B 1P6,Canada,1065453313,Jacob@place.com
James,Miller,216,Bald Eagle Place,St. John's,British Columbia,G3E 2K4,Canada,156573245,James@world.com
William,Taylor,50,Bliss Street,Prince George,Newfoundland and Labrador,G3E 2K4,Canada,1162127387,William@business.com
"",Brown,201,Chessvale Close,Saguenay,Northwest Territories,E4S 3C4,Canada,1394680055,null@hand.com
Ethan,Taylor,7,Charlotte Lane,Saint-JÃ©rÃ´me,Yukon,H3J 3P2,Canada,1399250262,Ethan@study.com
William,,195,Braeburn Road,Surrey,Newfoundland and Labrador,G6X 2L1,Canada,950217723,William@place.com
Mason,Jones,306,Auburn Avenue,Port Coquitlam,Alberta,N5C 2J8,Canada,240243809,Mason@fact.com
"",Jones,466,Aster Court,Maple Ridge,Newfoundland and Labrador,B2E 0X4,Canada,154941175,null@state.com
Alexander,Thomas,320,Armoury Place,Moncton,Saskatchewan,N5C 2J8,Canada,155621340,Alexander@night.com
Ethan,,375,Alm-a Ramp,Grande Prairie,New Brunswick,N4N 0B9,Canada,501542396,Ethan@Mr.com
Liam,Miller,145,Carlina Court,Oshawa,Prince Edward Island,J1S 0R4,Canada,355783288,Liam@place.com
Alexander,Taylor,28,Armview Terrace,Moncton,Nunavut,L3V 1Y8,Canada,1188418018,Alexander@work.com
Jacob,Thomas,417,Carnation Crescent,Kawartha Lakes,Northwest Territories,J0J 3V6,Canada,877022524,Jacob@word.com
