First Name,Last Name,Street Number,Street,City,Province,Postal Code,Country,Phone Number,email Address
Alexander,Johnson,436,Cedarbrae Lane,Halton Hills,Manitoba,B2E 0X4,Canada,213060077,Alexander@group.com
Alexander,Thomas,374,Cartaret Street,New Westminster,New Brunswick,T1L 2H8,Canada,909990521,Alexander@man.com
Jacob,Davis,14,Armdale Rotary,Montreal,Nunavut,H3J 3P2,Canada,359678335,Jacob@week.com
Ethan,Jones,152,Chester Avenue,Repentigny,New Brunswick,N4N 0B9,Canada,541920628,Ethan@eye.com
Jacob,Wilson,494,Cabot Back Lane,Brossard,Nunavut,J0J 3V6,Canada,1106334665,Jacob@word.com
Ethan,Jones,321,Ardwell Avenue,Norfolk County,Prince Edward Island,E5V 3X5,Canada,1145217925,Ethan@life.com
Jacob,Johnson,164,Clearview Street,Fredericton,Alberta,L0N 3J2,Canada,1226696142,Jacob@right.com
Liam,Thomas,161,Basinview Drive,Aurora,Newfoundland and Labrador,E4M 2G2,Canada,808674613,Liam@world.com
"",Jackson,474,Ashdale Avenue,Chatham-Kent,Nova Scotia,B2E 0X4,Canada,751579216,null@problem.com
Liam,Moore,176,Barracks Drive,Peterborough,Newfoundland and Labrador,N8H 2H6,Canada,195969489,Liam@family.com
James,Jones,392,Broadholme Lane,Repentigny,Yukon,J0J 3V6,Canada,309019294,James@money.com
"",Anderson,296,Camelot Lane,Saanich,New Brunswick,L4A 0T0,Canada,425154581,null@study.com
"",Williams,422,Balcomes Drive,North Vancouver,Yukon,J0N 0Z3,Canada,1111955228,null@lot.com
