First Name,Last Name,Street Number,Street,City,Province,Postal Code,Country,Phone Number,email Address
James,Taylor,229,Brenton Street,Vaughan,Nova Scotia,B3V 2V1,Canada,718557445,James@day.com
Jacob,Miller,212,Bakers Drive,Brantford,Prince Edward Island,H9S 1R4,Canada,1058184059,Jacob@home.com
Mason,Taylor,184,Breen Avenue,Norfolk County,Nova Scotia,N8A 0B3,Canada,870551174,Mason@question.com
Mason,Taylor,474,Briarwood Crescent,Oshawa,,"B0T 0Y5 ",Canada,1279924183,Mason@fact.com
Jacob,,299,Artz Street,Saint-Hyacinthe,Newfoundland and Labrador,V8C 0S2,Canada,260509809,Jacob@thing.com
Liam,Brown,122,Briar Place,Blainville,Northwest Territories,N8A 0B3,Canada,305445091,Liam@week.com
"",Moore,254,Armcrescent East Drive,Welland,Alberta,J9P 1C6,Canada,834980792,null@night.com
Ethan,Williams,192,Atlantic Street,Terrebonne,Nova Scotia,J0J 3V6,Canada,918862550,Ethan@day.com
Ethan,Williams,471,Ash Lake Court,Victoria,Nunavut,H0H 3C9,Canada,661603312,Ethan@company.com
James,Thomas,54,Alm-a Ramp,Hamilton,Newfoundland and Labrador,E5V 3X5,Canada,157972547,James@money.com
"",Jackson,249,Bayview Road,Halton Hills,Newfoundland and Labrador,N8H 2H6,Canada,984316598,null@day.com
"",Thomas,76,Birchdale Avenue,Greater Sudbury,British Columbia,J9T 3H4,Canada,1038270337,null@program.com
Ethan,Anderson,228,Apollo Court,Trois-RiviÃ¨res,British Columbia,N8A 0B3,Canada,1096664977,Ethan@state.com
Mason,Miller,459,Ashton Lane,Nanaimo,British Columbia,J9T 3H4,Canada,235218448,Mason@right.com
Liam,Thomas,77,Blenheim Terrace,Thunder Bay,Manitoba,N8A 0B3,Canada,1099612925,Liam@government.com
"",Jackson,489,Bromley Road,Quebec City,Prince Edward Island,G3H 0B4,Canada,396220845,null@people.com
"",Jackson,83,Bayers Road,Brantford,Nova Scotia,"B0T 0Y5 ",Canada,863145048,null@home.com
William,Miller,127,Chocolate Lake Road,Whitby,Saskatchewan,N5C 2J8,Canada,769715570,William@month.com
"",Johnson,256,Bayne St Ramp,Blainville,Yukon,L4A 0T0,Canada,314432232,null@home.com
Jacob,Williams,336,Chelton Woods Lane,Windsor,Quebec,J9P 1C6,Canada,952645912,Jacob@study.com
William,Wilson,492,Briar Lane,Chilliwack,Alberta,G6X 2L1,Canada,870672195,William@month.com
Ethan,Wilson,220,Bedford Highway Ramp,Kawartha Lakes,Nova Scotia,V8C 0S2,Canada,896891291,Ethan@question.com
Jacob,Jackson,240,Brussels Street,Airdrie,Newfoundland and Labrador,,Canada,750401450,Jacob@case.com
"",Davis,458,Albemarle Street,Prince George,Alberta,G0H 2P3,Canada,845038145,null@room.com
Ethan,Jackson,339,Archibald Avenue,Brantford,,J1S 0R4,Canada,507945513,Ethan@story.com
Ethan,Davis,109,Ash Lake Court,Delta,Newfoundland and Labrador,H0H 3C9,Canada,234498326,Ethan@null
Liam,Taylor,217,Artz Street,Saint-JÃ©rÃ´me,Alberta,G0H 2P3,Canada,842809657,Liam@lot.com
William,Jones,102,Bayne Street,Trois-RiviÃ¨res,Nunavut,T1L 2H8,Canada,864429693,William@null
Ethan,Johnson,74,Annandale Street,Regina,Saskatchewan,G3H 0B4,Canada,617158818,Ethan@government.com
Mason,Moore,448,Alex Street,Saint-Jean-sur-Richelieu,New Brunswick,B3V 2V1,Canada,349516105,Mason@right.com
Liam,Moore,103,Abrams Way,Barrie,Prince Edward Island,N8A 0B3,Canada,497309586,Liam@night.com
Alexander,Taylor,11,Chartwell Lane,Markham,Prince Edward Island,V8B 1P6,Canada,1084883317,Alexander@case.com
"",Thomas,405,Bridges Street,Coquitlam,Nova Scotia,E4M 2G2,Canada,800744703,null@mother.com
Liam,Brown,249,Bilton Lane,Brampton,Alberta,G3E 2K4,Canada,853859964,Liam@money.com
