First Name,Last Name,Street Number,Street,City,Province,Postal Code,Country,Phone Number,email Address
Liam,Anderson,270,Carmichael Street,Coquitlam,Newfoundland and Labrador,L4A 0T0,Canada,391577781,Liam@lot.com
Jacob,Brown,256,Beaufort Avenue,Caledon,British Columbia,E7E 3T7,Canada,291414515,Jacob@work.com
Ethan,Jackson,393,"Alm-../../view.php?place=Alm-# Ramp, Halifax, ns, CANADA Ramp",Belleville,Newfoundland and Labrador,L3V 1Y8,Canada,899798652,Ethan@hand.com
Alexander,,346,Ascot Avenue,Hamilton,Nova Scotia,E7E 3T7,Canada,388028341,Alexander@hand.com
Jacob,Williams,208,Birchview Drive,Sherbrooke,,"B0T 0Y5 ",Canada,659201974,Jacob@part.com
Ethan,Taylor,286,Alm-a Ramp,Medicine Hat,Newfoundland and Labrador,"B0T 0Y5 ",Canada,498079209,Ethan@study.com
Mason,Anderson,476,Birch Cove Lane,Wood Buffalo,Prince Edward Island,V8B 1P6,Canada,228956340,Mason@part.com
"",Brown,414,Alumni Crescent,Vaughan,Newfoundland and Labrador,H3J 3P2,Canada,789051882,null@government.com
