First Name,Last Name,Street Number,Street,City,Province,Postal Code,Country,Phone Number,email Address
James,Miller,463,Catamaran Road,Newmarket,Newfoundland and Labrador,L3V 1Y8,Canada,886117497,James@part.com
Jacob,Wilson,143,Athlone Avenue,Abbotsford,Northwest Territories,V8B 1P6,Canada,530448704,Jacob@life.com
Mason,Jackson,191,Amberwood Court,St. Catharines,Prince Edward Island,J0N 0Z3,Canada,1061449638,Mason@child.com
Alexander,Jones,319,Blenheim Terrace,Granby,,J9P 1C6,Canada,1206541404,Alexander@day.com
William,,208,Carlina Court,Belleville,Northwest Territories,B3V 2V1,Canada,1147947076,William@thing.com
William,Miller,486,Brockhurst Close,North Bay,,"B0T 0Y5 ",Canada,222710389,William@program.com
Ethan,Johnson,318,Beresford Road,Oshawa,Northwest Territories,,Canada,475057170,Ethan@life.com
Liam,Williams,498,Amirault Court,Cape Breton,Saskatchewan,E4S 3C4,Canada,1123370496,Liam@part.com
Alexander,Jones,116,Alex Street,Montreal,Saskatchewan,"L4A 0T3 ",Canada,1175241478,Alexander@mother.com
Alexander,Williams,442,Andrew Street,Mississauga,Prince Edward Island,L4A 0T0,Canada,1117078729,Alexander@student.com
William,Jones,194,Brighton Avenue,New Westminster,Manitoba,H3J 3P2,Canada,470076535,William@man.com
Ethan,Jones,44,Canterbury Close,Regina,New Brunswick,B2E 0X4,Canada,631660705,Ethan@government.com
Alexander,Williams,308,Alm-c Ramp,North Vancouver,Manitoba,H9S 1R4,Canada,275972281,Alexander@home.com
