First Name,Last Name,Street Number,Street,City,Province,Postal Code,Country,Phone Number,email Address
Jacob,Davis,46,Albemarle Street,Newmarket,Newfoundland and Labrador,J0J 3V6,Canada,174098110,Jacob@woman.com
Ethan,Moore,249,Birchdale Avenue,Edmonton,Nunavut,L0N 3J2,Canada,272400860,Ethan@room.com
William,Thomas,487,Arnold Drive,Sault Ste. Marie,Manitoba,J9T 3H4,Canada,1253455554,William@way.com
Alexander,Wilson,464,Chebucto Lane,Abbotsford,Quebec,G3E 2K4,Canada,894760643,Alexander@question.com
"",Jackson,226,Amberwood Court,Welland,Northwest Territories,L3V 1Y8,Canada,130652666,null@thing.com
"",Jones,269,Circle Drive,Maple Ridge,New Brunswick,B2E 0X4,Canada,918809222,null@study.com
Jacob,Taylor,134,Balwearie Lane,Caledon,Alberta,J9P 1C6,Canada,377157567,Jacob@question.com
James,Taylor,357,Amirault Court,Sherbrooke,Nunavut,H3J 3P2,Canada,336556179,James@school.com
Jacob,Taylor,449,Banbury Close,Medicine Hat,Northwest Territories,H3J 3P2,Canada,1162969550,Jacob@hand.com
Liam,Taylor,86,Chisholm Avenue,Moncton,Northwest Territories,V8C 0S2,Canada,412684526,Liam@mother.com
Mason,Williams,44,Chisholm Avenue,Richmond Hill,Manitoba,E7E 3T7,Canada,891473433,Mason@business.com
Mason,Williams,205,Alm-a Ramp,London,Prince Edward Island,B2E 0X4,Canada,1243267002,Mason@hand.com
Jacob,Thomas,278,Brussels Street,Calgary,Prince Edward Island,L4A 0T0,Canada,252519836,Jacob@child.com
Alexander,Miller,189,Burgee Run,Chilliwack,Northwest Territories,V8B 1P6,Canada,259312302,Alexander@money.com
Ethan,Davis,419,Binney Street,St. Catharines,Quebec,L4A 0T0,Canada,939961357,Ethan@group.com
Liam,Anderson,396,Clovis Avenue,St. Albert,Nova Scotia,N5C 2J8,Canada,863646492,Liam@null
William,Anderson,429,Birchwood Drive,Gatineau,Alberta,,Canada,702575114,William@system.com
Alexander,Thomas,444,Birch Street,Brantford,Prince Edward Island,H3J 3P2,Canada,579288590,Alexander@mother.com
Mason,Davis,169,Bloomfield Street,Pickering,Alberta,N4N 0B9,Canada,392578487,Mason@home.com
Ethan,Miller,55,Carriageway Crescent,Prince George,Alberta,L0N 3J2,Canada,1231136941,Ethan@null
Ethan,Miller,442,Braeside Lane,Longueuil,New Brunswick,L0N 3J2,Canada,1099284403,Ethan@lot.com
Alexander,Thomas,198,Battery Drive,New Westminster,Nunavut,B2E 0X4,Canada,489124299,Alexander@company.com
Liam,Wilson,344,Campbell Drive,Markham,Yukon,J0J 3V6,Canada,1043218131,Liam@system.com
"",Miller,398,Africville Road,Fredericton,Prince Edward Island,J9T 3H4,Canada,803805729,null@room.com
James,Williams,4,Chessvale Close,Prince George,Prince Edward Island,,Canada,700611933,James@null
"",Miller,317,Church Street,Granby,Quebec,H3J 3P2,Canada,304624687,null@world.com
"",,368,Bronson Avenue,Terrebonne,Saskatchewan,G3H 0B4,Canada,811439199,null@null
Mason,Miller,45,Castle Hill Drive,Saint John,Nunavut,K1B 3B2,Canada,696434432,Mason@life.com
Alexander,,316,Campbell Drive,Victoria,Quebec,T1L 2H8,Canada,1213375102,Alexander@state.com
Alexander,Johnson,119,Bayers Road,Medicine Hat,British Columbia,,Canada,124239573,Alexander@lot.com
James,Miller,245,Cedar Street,Lethbridge,Nunavut,N8A 0B3,Canada,496021291,James@question.com
Alexander,Davis,336,Bayne St Ramp,Quebec City,Nova Scotia,B2E 0X4,Canada,1112352609,Alexander@water.com
"",Anderson,177,Alex Street,Quebec City,Prince Edward Island,J9T 3H4,Canada,543588354,null@company.com
Alexander,Thomas,205,Brewer Court,Delta,Nunavut,K1B 3B2,Canada,585300783,Alexander@hand.com
William,Jones,485,Bloomingdale Terrace,Kingston,Nunavut,L0N 3J2,Canada,410240245,William@man.com
Mason,Thomas,333,Bedford Row,Newmarket,Alberta,"V1K 1V0 ",Canada,120677153,Mason@fact.com
Ethan,Anderson,219,Brewer Court,Kamloops,,H0H 3C9,Canada,956091100,Ethan@number.com
Mason,Jackson,27,Bluestone Road,Markham,Prince Edward Island,L4A 0T0,Canada,1019723654,Mason@part.com
Alexander,,267,Bellevue Avenue,Kawartha Lakes,Nova Scotia,J0N 0Z3,Canada,1315314619,Alexander@time.com
Mason,Brown,447,Brenton Street,Cape Breton,Manitoba,G3H 0B4,Canada,762235739,Mason@null
