First Name,Last Name,Street Number,Street,City,Province,Postal Code,Country,Phone Number,email Address
"",Jones,206,Ardwell Avenue,Delta,Alberta,L3V 1Y8,Canada,1276171670,null@state.com
Jacob,Anderson,3,Admirals Way,Laval,,"B0T 0Y5 ",Canada,187156735,Jacob@Mr.com
Liam,Anderson,157,Autumn Drive,New Westminster,Manitoba,V8C 0S2,Canada,153887917,Liam@money.com
Liam,Moore,359,Brenton Street,Brampton,Newfoundland and Labrador,G3H 0B4,Canada,578624233,Liam@place.com
"",Anderson,346,Bridges Street,London,New Brunswick,K1B 3B2,Canada,1215638522,null@school.com
William,Jones,192,Abercrombie Lane,Port Coquitlam,Alberta,"V1K 1V0 ",Canada,1081133266,William@life.com
