First Name,Last Name,Street Number,Street,City,Province,Postal Code,Country,Phone Number,email Address
James,Moore,270,Braeburn Road,LÃ©vis,Newfoundland and Labrador,H9S 1R4,Canada,1146220855,James@world.com
Ethan,Jackson,471,Bethany Way,Brantford,Nova Scotia,J0N 0Z3,Canada,547243230,Ethan@lot.com
William,Wilson,335,Altavista Lane,St. Albert,Quebec,"V1K 1V0 ",Canada,950343889,William@year.com
Alexander,,312,Bellevue Avenue,Victoria,Nova Scotia,T1L 2H8,Canada,1213126938,Alexander@question.com
Liam,Jackson,435,Aldergrove Drive,Vancouver,Newfoundland and Labrador,J9T 3H4,Canada,180535737,Liam@country.com
Alexander,Brown,292,Brussels Street,Greater Sudbury,New Brunswick,B2E 0X4,Canada,946883667,Alexander@program.com
Alexander,Anderson,291,Birches Drive,Welland,Saskatchewan,N8A 0B3,Canada,1209309398,Alexander@company.com
"",Anderson,99,Barrington Street,Sault Ste. Marie,Prince Edward Island,E7E 3T7,Canada,892710745,null@month.com
William,,129,Brewer Court,Port Coquitlam,Saskatchewan,J1S 0R4,Canada,1003774421,William@work.com
William,Taylor,157,Braemount Drive,Niagara Falls,Prince Edward Island,E4S 3C4,Canada,1170155199,William@water.com
Jacob,Williams,79,Chebucto Lane,Gatineau,Newfoundland and Labrador,J0J 3V6,Canada,1102192694,Jacob@part.com
Mason,Williams,386,Blue Jay Street,Langley,Nova Scotia,N5C 2J8,Canada,774115815,Mason@child.com
"",Williams,406,Cherry Lane,Barrie,Nunavut,,Canada,840254627,null@number.com
"",Moore,285,Alderwood Drive,Red Deer,Alberta,G3H 0B4,Canada,1403431254,null@lot.com
Liam,Moore,175,Chain Rock Drive,Fredericton,Prince Edward Island,J0N 0Z3,Canada,1381465800,Liam@room.com
Alexander,Anderson,458,Bedford Highway,North Bay,Prince Edward Island,L3V 1Y8,Canada,161809007,Alexander@group.com
Alexander,,46,Cabot Place,Blainville,Prince Edward Island,E4S 3C4,Canada,1360444258,Alexander@question.com
Alexander,Jones,82,Bermuda Avenue,Strathcona County,Northwest Territories,G3E 2K4,Canada,1165582161,Alexander@system.com
Alexander,Jones,453,Bedford Highway Ramp,Vancouver,British Columbia,V8B 1P6,Canada,635069550,Alexander@woman.com
Jacob,Thomas,337,Charlotte Lane,Red Deer,Nunavut,L4A 0T0,Canada,784503073,Jacob@state.com
Liam,Anderson,376,Bright Place,Regina,British Columbia,N4N 0B9,Canada,306465068,Liam@money.com
William,Moore,81,Buffers Lane,Winnipeg,Newfoundland and Labrador,,Canada,1058369405,William@week.com
Alexander,Johnson,461,Burgee Run,Saint-Hyacinthe,New Brunswick,H3J 3P2,Canada,1138804938,Alexander@thing.com
"",Jackson,197,Carroll Lane,Brantford,Alberta,K1B 3B2,Canada,1408069477,null@study.com
Mason,Miller,5,Brodick Lane,Halton Hills,Northwest Territories,N4N 0B9,Canada,445255114,Mason@man.com
Jacob,Anderson,493,Birchwood Drive,Quebec City,Quebec,J0N 0Z3,Canada,1259045630,Jacob@job.com
Jacob,Brown,339,Altavista Lane,Saint John,Yukon,E4M 2G2,Canada,121909297,Jacob@government.com
Liam,Anderson,34,Ashton Lane,North Vancouver,Nova Scotia,N8A 0B3,Canada,427862394,Liam@money.com
