First Name,Last Name,Street Number,Street,City,Province,Postal Code,Country,Phone Number,email Address
"",,271,Berts Drive,North Vancouver,Nova Scotia,V8B 1P6,Canada,1321225089,null@night.com
"",Thomas,346,Cavendish Road,Greater Sudbury,Prince Edward Island,G0H 2P3,Canada,1322810287,null@book.com
William,Miller,75,Church Street,Saint-JÃ©rÃ´me,Prince Edward Island,G3H 0B4,Canada,1320547942,William@night.com
James,Williams,35,Chartwell Lane,Guelph,,L4A 0T0,Canada,677896550,James@program.com
James,Jones,453,Bedford Highway Ramp,Richmond,Yukon,V8B 1P6,Canada,1343818936,James@state.com
"",Thomas,308,Castine Way,Belleville,Prince Edward Island,G3E 2K4,Canada,687318506,null@government.com
"",Wilson,233,Caxton Close,Longueuil,Nunavut,L3V 1Y8,Canada,320235906,null@week.com
Ethan,Taylor,314,Athlone Avenue,Moncton,,B2E 0X4,Canada,449329723,Ethan@way.com
Mason,Williams,39,Bedford Highway,Prince George,Alberta,B2E 0X4,Canada,180552398,Mason@way.com
James,Anderson,290,Bedford Windsor Ramp,Prince George,Nova Scotia,K1B 3B2,Canada,977894309,James@company.com
Alexander,Thomas,197,Carrington Place,Newmarket,Nunavut,G3E 2K4,Canada,687091155,Alexander@null
Ethan,Jones,112,Albemarle Street,Cape Breton,Prince Edward Island,G3H 0B4,Canada,1183102753,Ethan@program.com
Alexander,Davis,333,Cascade Drive,Repentigny,Saskatchewan,V8C 0S2,Canada,143774216,Alexander@year.com
Liam,Jones,198,Bellevue Avenue,Kamloops,British Columbia,L4A 0T0,Canada,999582075,Liam@word.com
William,Taylor,363,Auburn Avenue,Wood Buffalo,Yukon,G3E 2K4,Canada,830079406,William@water.com
William,Davis,13,Barrington Street,Sault Ste. Marie,Nunavut,B2E 0X4,Canada,542654462,William@program.com
Liam,Jackson,51,Armoury Place,New Westminster,Alberta,N5C 2J8,Canada,1361789139,Liam@people.com
"",,22,Bakers Drive,Norfolk County,New Brunswick,J0J 3V6,Canada,244847083,null@part.com
Jacob,Johnson,424,Chessvale Close,Port Coquitlam,Nova Scotia,B3V 2V1,Canada,706256719,Jacob@mother.com
Jacob,Williams,477,Bosun Run,Aurora,Manitoba,N8H 2H6,Canada,708428896,Jacob@group.com
Alexander,Moore,55,Autumn Drive,Mirabel,Northwest Territories,H0H 3C9,Canada,850802443,Alexander@group.com
Mason,Williams,83,Castle Hill Drive,Cape Breton,Northwest Territories,N5C 2J8,Canada,1066956817,Mason@country.com
"",Moore,148,Braemount Drive,Peterborough,Prince Edward Island,"L4A 0T3 ",Canada,808256828,null@country.com
Mason,Taylor,373,Alm-d Ramp,Wood Buffalo,Quebec,E4M 2G2,Canada,251755900,Mason@book.com
Alexander,Miller,59,Armview Avenue,Niagara Falls,Prince Edward Island,L3V 1Y8,Canada,523106277,Alexander@way.com
Liam,Jones,78,Alm-a Ramp,Sherbrooke,Newfoundland and Labrador,,Canada,721531310,Liam@thing.com
Ethan,Brown,263,Battery 18th Road,Peterborough,Saskatchewan,"B0T 0Y5 ",Canada,1315104912,Ethan@day.com
Mason,Williams,320,Basinview Drive,Thunder Bay,Manitoba,G3E 2K4,Canada,1255512185,Mason@way.com
Liam,Wilson,326,Brigadier Court,Airdrie,Prince Edward Island,G3E 2K4,Canada,769646730,Liam@place.com
Ethan,Moore,64,Adelaide Avenue,Victoria,Manitoba,H9S 1R4,Canada,1205573658,Ethan@null
Ethan,Jones,31,Ballantrae Lane,Burnaby,Northwest Territories,J9T 3H4,Canada,1337143134,Ethan@child.com
Jacob,Brown,32,Bright Place,Windsor,Alberta,H3J 3P2,Canada,634559989,Jacob@case.com
