First Name,Last Name,Street Number,Street,City,Province,Postal Code,Country,Phone Number,email Address
James,Thomas,459,Bayview Road,Sault Ste. Marie,New Brunswick,"L4A 0T3 ",Canada,1255595726,James@study.com
William,Taylor,253,Abercrombie Lane,Cambridge,Nunavut,G3E 2K4,Canada,827037965,William@right.com
Jacob,Jones,200,Carrington Place,Saint John,Nunavut,N8A 0B3,Canada,815542430,Jacob@word.com
"",Williams,123,Armdale Rotary,St. Catharines,Newfoundland and Labrador,E5V 3X5,Canada,792796112,null@word.com
Liam,Williams,302,Bower Road,Greater Sudbury,Saskatchewan,L4A 0T0,Canada,647360552,Liam@right.com
Jacob,Davis,213,Beachstone Drive,St. Catharines,Prince Edward Island,V8B 1P6,Canada,1174709244,Jacob@people.com
Alexander,Williams,119,Bryden Avenue,Belleville,Alberta,E4M 2G2,Canada,364686960,Alexander@night.com
Alexander,Miller,13,Argyle Street,Kitchener,,J1S 0R4,Canada,953416294,Alexander@school.com
William,,322,Alma Crescent,Moncton,Quebec,E7E 3T7,Canada,640856579,William@question.com
"",Jones,126,Bishop Street,Clarington,Nunavut,V8C 0S2,Canada,278773587,null@week.com
Mason,,91,Cascade Drive,Blainville,Quebec,"B0T 0Y5 ",Canada,571397057,Mason@fact.com
William,Anderson,479,Berts Drive,Medicine Hat,Quebec,G0H 2P3,Canada,1123858821,William@family.com
"",Wilson,494,Brodick Lane,Regina,Manitoba,G0H 2P3,Canada,473359187,null@story.com
"",Jackson,280,Alderwood Drive,Sherbrooke,,"L4A 0T3 ",Canada,589057445,null@way.com
"",Brown,119,Chester Avenue,Sault Ste. Marie,New Brunswick,E7E 3T7,Canada,440162622,null@country.com
William,Miller,395,Armstrong Court,Grande Prairie,New Brunswick,V8B 1P6,Canada,1280134696,William@month.com
William,Wilson,41,Armcrescent West Avenue,Brossard,British Columbia,E5V 3X5,Canada,787633883,William@family.com
James,Johnson,65,Brenton Street,Brampton,New Brunswick,G3E 2K4,Canada,479648530,James@place.com
James,Davis,468,Beechwood Terrace,Ottawa,Nova Scotia,J0N 0Z3,Canada,556420691,James@student.com
Liam,Miller,421,Brodick Lane,Saanich,Manitoba,J0J 3V6,Canada,1039635623,Liam@world.com
Alexander,Miller,299,Birches Drive,Milton,Alberta,J0J 3V6,Canada,794681820,Alexander@government.com
Liam,Jones,268,Arthur Street,New Westminster,New Brunswick,T1L 2H8,Canada,619535695,Liam@student.com
Liam,Davis,273,Burgee Run,Drummondville,Nunavut,L3V 1Y8,Canada,660936678,Liam@woman.com
James,Davis,334,Birkdale Crescent,Windsor,British Columbia,G0H 2P3,Canada,1201131604,James@question.com
"",Anderson,438,Arthur Street,Winnipeg,Saskatchewan,L4A 0T0,Canada,570985090,null@Mr.com
James,Williams,458,Bayne St Ramp,Port Coquitlam,Northwest Territories,K1B 3B2,Canada,1148483740,James@fact.com
William,Williams,217,Centre Gate,Drummondville,Prince Edward Island,J0J 3V6,Canada,1119487706,William@program.com
Liam,Miller,436,Barkton Lane,Fredericton,Prince Edward Island,B3V 2V1,Canada,1136388172,Liam@group.com
"",Thomas,31,Banbury Close,Kitchener,Nunavut,"B0T 0Y5 ",Canada,998673066,null@month.com
"",Johnson,23,Battery Drive,Barrie,Manitoba,N8A 0B3,Canada,941305148,null@question.com
Mason,Taylor,320,Blink Bonnie Terrace,Airdrie,Nunavut,E7E 3T7,Canada,920343072,Mason@life.com
"",,352,Ash Lake Court,Milton,Prince Edward Island,H0H 3C9,Canada,488687851,null@business.com
Ethan,Anderson,130,Cherry Street,Belleville,,V8C 0S2,Canada,560520545,Ethan@company.com
Jacob,Wilson,73,Attenborough Court,New Westminster,Nova Scotia,H0H 3C9,Canada,365221574,Jacob@group.com
