First Name,Last Name,Street Number,Street,City,Province,Postal Code,Country,Phone Number,email Address
Liam,Jackson,273,Chadwick Place,Windsor,Prince Edward Island,L3V 1Y8,Canada,123739992,Liam@book.com
William,Jones,225,Bakers Drive,Drummondville,Alberta,"B0T 0Y5 ",Canada,588815729,William@study.com
William,Davis,85,Allan Street,Chatham-Kent,Prince Edward Island,"B0T 0Y5 ",Canada,782877859,William@right.com
Liam,Thomas,426,Bosun Run,Milton,Northwest Territories,V8C 0S2,Canada,585745252,Liam@system.com
Liam,Jackson,8,Cloverdale Road,Chilliwack,New Brunswick,H0H 3C9,Canada,1066654059,Liam@place.com
Alexander,Johnson,190,Aikens Avenue,Cambridge,Nova Scotia,J9P 1C6,Canada,845486533,Alexander@night.com
"",Moore,40,Clinton Avenue,LÃ©vis,Northwest Territories,J1S 0R4,Canada,521372294,null@child.com
James,Jackson,165,Botany Terrace,Clarington,Nunavut,N5C 2J8,Canada,507397945,James@state.com
William,Davis,69,Bayers Road,Kitchener,New Brunswick,J1S 0R4,Canada,113504632,William@home.com
Alexander,Taylor,48,Ahern Avenue,Brampton,Alberta,"L4A 0T3 ",Canada,1347746068,Alexander@people.com
Liam,Moore,254,Alm-a Ramp,Gatineau,Nova Scotia,V8B 1P6,Canada,679103761,Liam@job.com
Alexander,Moore,95,Canterbury Close,Moncton,Nova Scotia,G6X 2L1,Canada,1027015565,Alexander@mother.com
Mason,Wilson,308,Charlton Avenue,Brampton,Yukon,N8A 0B3,Canada,717464130,Mason@world.com
Mason,,151,Brenton Place,Waterloo,Saskatchewan,N8H 2H6,Canada,427602048,Mason@hand.com
James,,248,Armcrescent West Avenue,Abbotsford,Prince Edward Island,J0N 0Z3,Canada,1307144580,James@fact.com
"",Moore,26,Chester Avenue,Mirabel,Prince Edward Island,"L4A 0T3 ",Canada,995250952,null@work.com
Alexander,Moore,75,Cedarbrae Lane,Hamilton,Nunavut,G3E 2K4,Canada,785484194,Alexander@family.com
Mason,Davis,98,Aikens Avenue,St. Albert,Newfoundland and Labrador,J0J 3V6,Canada,797790671,Mason@place.com
Ethan,Davis,356,Bright Street,Hamilton,Northwest Territories,E7E 3T7,Canada,1092717194,Ethan@study.com
"",Davis,124,Arvida Avenue,Airdrie,Alberta,V8B 1P6,Canada,703455843,null@Mr.com
"",Thomas,440,Chebucto Lane,Moncton,Nova Scotia,L0N 3J2,Canada,1057443917,null@home.com
James,Jackson,201,Cabot Back Lane,Gatineau,British Columbia,J9T 3H4,Canada,872813378,James@hand.com
Liam,Williams,230,Cherry Lane,Welland,Northwest Territories,J0N 0Z3,Canada,780188635,Liam@hand.com
"",Wilson,45,Birch Cove Lane,Saint John,Prince Edward Island,N4N 0B9,Canada,100558612,null@case.com
Ethan,Taylor,407,Armdale Rotary,Moncton,Northwest Territories,,Canada,824773917,Ethan@study.com
James,Miller,15,Chain Rock Drive,Strathcona County,Prince Edward Island,G3H 0B4,Canada,607795922,James@group.com
Ethan,,186,Aldergrove Drive,Blainville,Northwest Territories,J0J 3V6,Canada,925348793,Ethan@study.com
Liam,Johnson,142,Blue Thistle Road,New Westminster,New Brunswick,G3E 2K4,Canada,583770343,Liam@life.com
Ethan,Brown,339,Barracks Drive,Surrey,Prince Edward Island,T1L 2H8,Canada,1003302275,Ethan@child.com
Ethan,Brown,72,Bald Eagle Place,Clarington,Northwest Territories,T1L 2H8,Canada,440095093,Ethan@country.com
Jacob,Thomas,178,Chain Rock Drive,Burnaby,Northwest Territories,,Canada,236424745,Jacob@child.com
Mason,Miller,137,Abercrombie Lane,Pickering,Nunavut,E4M 2G2,Canada,751965353,Mason@time.com
Mason,Williams,101,Chartwell Lane,Winnipeg,Newfoundland and Labrador,L0N 3J2,Canada,840218398,Mason@company.com
Ethan,Jackson,170,Carroll Lane,Oakville,Nova Scotia,H9S 1R4,Canada,340559876,Ethan@state.com
Ethan,Johnson,100,Blink Bonnie Terrace,Sherbrooke,Manitoba,G0H 2P3,Canada,200415149,Ethan@water.com
"",Thomas,118,Ashburn Avenue,Newmarket,Nunavut,N8A 0B3,Canada,747886302,null@state.com
Jacob,Wilson,129,Aster Court,Saint-Hyacinthe,Newfoundland and Labrador,J1S 0R4,Canada,558129137,Jacob@day.com
