First Name,Last Name,Street Number,Street,City,Province,Postal Code,Country,Phone Number,email Address
Alexander,Miller,87,Avon Crescent,Greater Sudbury,Alberta,B3V 2V1,Canada,297805990,Alexander@money.com
Mason,Williams,203,Carnation Crescent,Drummondville,Nunavut,"L4A 0T3 ",Canada,375950558,Mason@people.com
Ethan,Anderson,92,Armview Avenue,St. Catharines,Prince Edward Island,E7E 3T7,Canada,1402969983,Ethan@mother.com
Mason,Thomas,101,Church Street,Markham,Manitoba,L0N 3J2,Canada,956541094,Mason@place.com
William,Thomas,85,Alm-b Ramp,Trois-RiviÃ¨res,Newfoundland and Labrador,G6X 2L1,Canada,741510330,William@number.com
"",Williams,499,Aukland Place,Oshawa,Prince Edward Island,J1S 0R4,Canada,585478494,null@number.com
Mason,Jackson,431,Alm-e Ramp,St. Albert,Prince Edward Island,"B0T 0Y5 ",Canada,269482017,Mason@place.com
Mason,Jones,49,Berkshire Close,Aurora,Alberta,L0N 3J2,Canada,714312862,Mason@problem.com
