First Name,Last Name,Street Number,Street,City,Province,Postal Code,Country,Phone Number,email Address
Jacob,Jackson,61,Bellevue Avenue,Saskatoon,Alberta,B3V 2V1,Canada,1389242075,Jacob@place.com
Mason,Brown,126,Buddy Daye Street,Saskatoon,Nunavut,G3E 2K4,Canada,575788199,Mason@word.com
Alexander,Thomas,358,Bedros Lane,Strathcona County,Saskatchewan,N5C 2J8,Canada,243789761,Alexander@number.com
William,,435,Aster Court,Vancouver,Saskatchewan,V8C 0S2,Canada,1231287240,William@school.com
Alexander,Davis,401,Birch Street,Kitchener,Alberta,N5C 2J8,Canada,212585802,Alexander@job.com
Ethan,Jackson,93,Birchfield Crescent,Medicine Hat,Northwest Territories,V8B 1P6,Canada,659238973,Ethan@word.com
