First Name,Last Name,Street Number,Street,City,Province,Postal Code,Country,Phone Number,email Address
William,Jackson,154,Argyle Street,Saskatoon,Nunavut,L0N 3J2,Canada,1022420805,William@month.com
James,Miller,76,Ahern Avenue,Thunder Bay,Saskatchewan,J9T 3H4,Canada,330992042,James@point.com
Alexander,Jones,58,Bright Place,North Vancouver,New Brunswick,G3E 2K4,Canada,920100942,Alexander@money.com
William,Taylor,213,Bridgeview Drive,Prince George,Northwest Territories,"L4A 0T3 ",Canada,870301293,William@study.com
"",Miller,331,Blowers Street,Prince George,Nova Scotia,V8C 0S2,Canada,1383608232,null@way.com
Mason,Jones,322,Bloomfield Street,Victoria,Nunavut,J0N 0Z3,Canada,543812430,Mason@thing.com
Alexander,Anderson,357,Chelsea Lane,Sherbrooke,Alberta,L4A 0T0,Canada,1137642901,Alexander@hand.com
Jacob,Taylor,368,Briar Lane,Newmarket,Quebec,B3V 2V1,Canada,380946507,Jacob@lot.com
Ethan,Jackson,360,Cherry Street,Terrebonne,Manitoba,J0N 0Z3,Canada,754866368,Ethan@school.com
"",Brown,362,Cardiff Place,Vancouver,Alberta,H0H 3C9,Canada,1307451748,null@state.com
Alexander,Wilson,11,Beresford Road,Drummondville,Yukon,G0H 2P3,Canada,933763792,Alexander@case.com
Mason,Taylor,269,Charlotte Lane,Saint-JÃ©rÃ´me,Saskatchewan,"L4A 0T3 ",Canada,859583357,Mason@eye.com
William,Jackson,366,Bluestone Road,Saint-Jean-sur-Richelieu,Prince Edward Island,K1B 3B2,Canada,286997939,William@money.com
James,Brown,326,Blue Jay Street,Kelowna,New Brunswick,"V1K 1V0 ",Canada,857340767,James@number.com
William,Moore,403,Braeburn Road,Pickering,Nova Scotia,E5V 3X5,Canada,722604982,William@night.com
Alexander,Taylor,368,Balcomes Drive,Abbotsford,Prince Edward Island,G6X 2L1,Canada,242971131,Alexander@country.com
Ethan,Brown,486,Birches Drive,Chatham-Kent,Prince Edward Island,G3H 0B4,Canada,190648989,Ethan@Mr.com
Liam,Moore,431,Caxton Close,Brossard,Newfoundland and Labrador,H9S 1R4,Canada,771714380,Liam@people.com
Ethan,Miller,389,Church Street,Kawartha Lakes,Nunavut,B3V 2V1,Canada,193700651,Ethan@place.com
Ethan,Moore,441,Charlton Avenue,Nanaimo,Newfoundland and Labrador,"V1K 1V0 ",Canada,1072795206,Ethan@country.com
Ethan,Williams,307,Albemarle Street,Coquitlam,Nova Scotia,N4N 0B9,Canada,1145564596,Ethan@way.com
"",Miller,71,Cascade Drive,Waterloo,Yukon,J1S 0R4,Canada,920180925,null@way.com
James,Davis,304,Bilton Lane,Brantford,Nunavut,B2E 0X4,Canada,1151677603,James@time.com
"",Taylor,438,Chelton Woods Lane,Nanaimo,New Brunswick,L0N 3J2,Canada,1022626804,null@part.com
James,Davis,457,Bryden Avenue,Surrey,Nunavut,V8C 0S2,Canada,238666804,James@hand.com
Jacob,Davis,413,Bronson Avenue,Hamilton,Nova Scotia,G0H 2P3,Canada,1270579587,Jacob@business.com
Liam,Moore,352,Cabot Back Lane,Clarington,Quebec,E4M 2G2,Canada,1163584866,Liam@Mr.com
Ethan,Brown,40,Beresford Road,Caledon,New Brunswick,G3H 0B4,Canada,546972338,Ethan@Mr.com
Ethan,Thomas,103,Bluestone Road,Granby,Northwest Territories,B3V 2V1,Canada,588039143,Ethan@place.com
Ethan,Davis,292,Acorn Road,Pickering,Nunavut,V8B 1P6,Canada,440854339,Ethan@year.com
Alexander,Davis,101,Birchfield Crescent,Kamloops,Nunavut,E4S 3C4,Canada,728907348,Alexander@fact.com
Ethan,Wilson,330,Ballantrae Lane,Coquitlam,Nova Scotia,"V1K 1V0 ",Canada,443033321,Ethan@woman.com
Ethan,Wilson,440,Aikenhead Road,Blainville,Northwest Territories,J1S 0R4,Canada,365820481,Ethan@fact.com
Alexander,Williams,6,Aukland Place,Belleville,Nunavut,E4M 2G2,Canada,118496516,Alexander@child.com
