First Name,Last Name,Street Number,Street,City,Province,Postal Code,Country,Phone Number,email Address
Ethan,Johnson,199,Brigadier Court,Welland,Prince Edward Island,E4S 3C4,Canada,583648588,Ethan@word.com
"",Anderson,142,Cavendish Road,Red Deer,New Brunswick,B3V 2V1,Canada,1136179635,null@month.com
"",Moore,23,Bond Street,Mississauga,Prince Edward Island,J0J 3V6,Canada,1007796518,null@story.com
James,Anderson,447,Caxton Close,Saint-Hyacinthe,Alberta,"B0T 0Y5 ",Canada,860479382,James@child.com
Jacob,Thomas,285,Bermuda Avenue,Cape Breton,Prince Edward Island,N4N 0B9,Canada,816043299,Jacob@school.com
Liam,,51,Blue Thistle Road,Kawartha Lakes,Nova Scotia,V8B 1P6,Canada,729350296,Liam@book.com
Alexander,Brown,308,Ahern Avenue,Moncton,Nova Scotia,L9R 0A0,Canada,273980491,Alexander@word.com
"",Moore,404,Claymore Avenue,Cape Breton,Alberta,T1L 2H8,Canada,176629464,null@lot.com
James,Brown,155,Blue Thistle Road,St. John's,Prince Edward Island,J9P 1C6,Canada,630253761,James@business.com
