First Name,Last Name,Street Number,Street,City,Province,Postal Code,Country,Phone Number,email Address
James,Thomas,309,Bosun Run,Calgary,Prince Edward Island,V8C 0S2,Canada,925901389,James@family.com
Jacob,Davis,238,Bauer Street,Windsor,Nunavut,N5C 2J8,Canada,214835013,Jacob@study.com
Mason,Taylor,368,Bedros Lane,Brantford,Alberta,H0H 3C9,Canada,1338019904,Mason@work.com
"",Thomas,385,Adelaide Avenue,Montreal,Newfoundland and Labrador,J0J 3V6,Canada,208543735,null@company.com
"",Brown,211,Binney Street,Sherbrooke,New Brunswick,N4N 0B9,Canada,1130692553,null@home.com
"",Davis,217,Carnation Crescent,Pickering,Prince Edward Island,N8A 0B3,Canada,635602885,null@program.com
Alexander,Thomas,294,Armcrescent East Drive,Ajax,Alberta,J0J 3V6,Canada,498483221,Alexander@year.com
Mason,Thomas,278,Arthur Street,Lethbridge,Newfoundland and Labrador,"L4A 0T3 ",Canada,1046910132,Mason@program.com
Ethan,Moore,178,Ashton Lane,Clarington,New Brunswick,J1S 0R4,Canada,322239931,Ethan@week.com
James,Williams,43,Black Street,Port Coquitlam,Nunavut,V8B 1P6,Canada,392368663,James@room.com
Jacob,,130,Basinview Drive,Greater Sudbury,Newfoundland and Labrador,E4M 2G2,Canada,163363001,Jacob@company.com
Alexander,Jackson,459,Beaufort Avenue,Niagara Falls,Saskatchewan,J9P 1C6,Canada,1205563835,Alexander@fact.com
Alexander,Williams,189,Armstrong Court,Airdrie,Prince Edward Island,J9T 3H4,Canada,1253424198,Alexander@life.com
James,Williams,364,Armcrescent West Avenue,Granby,Northwest Territories,"V1K 1V0 ",Canada,1181917484,James@place.com
Jacob,Jackson,111,Beechwood Terrace,Prince George,British Columbia,G3H 0B4,Canada,1391598251,Jacob@way.com
James,Wilson,80,Cascade Drive,Burnaby,Northwest Territories,H3J 3P2,Canada,1349363224,James@system.com
"",,246,Banbury Close,Oakville,Quebec,E5V 3X5,Canada,268839293,null@problem.com
"",Anderson,63,Braemount Drive,Vancouver,Alberta,H9S 1R4,Canada,570908656,null@world.com
Mason,Moore,390,Athlone Avenue,Brantford,British Columbia,L9R 0A0,Canada,865994940,Mason@eye.com
Liam,Jones,256,Benalder Lane,Cape Breton,Prince Edward Island,E5V 3X5,Canada,1047200878,Liam@way.com
