First Name,Last Name,Street Number,Street,City,Province,Postal Code,Country,Phone Number,email Address
Alexander,Williams,116,Bloomingdale Terrace,Saint-JÃ©rÃ´me,Nova Scotia,E7E 3T7,Canada,913596129,Alexander@place.com
Ethan,Anderson,189,Buffers Lane,Welland,Nova Scotia,L3V 1Y8,Canada,1217057613,Ethan@company.com
William,Jones,352,Armview Avenue,Terrebonne,Quebec,N5C 2J8,Canada,872313724,William@company.com
Mason,Johnson,64,Alm-a Ramp,Kelowna,Prince Edward Island,E4M 2G2,Canada,1150682605,Mason@group.com
William,Wilson,162,Cambridge Street,Richmond Hill,Yukon,V8B 1P6,Canada,1088435814,William@life.com
