First Name,Last Name,Street Number,Street,City,Province,Postal Code,Country,Phone Number,email Address
Liam,Moore,497,Basinview Drive,Windsor,Nunavut,E5V 3X5,Canada,1097018365,Liam@year.com
William,Jones,452,Bromley Road,Brantford,Quebec,G6X 2L1,Canada,935233847,William@student.com
James,Thomas,450,Ardwell Avenue,Norfolk County,Alberta,J9T 3H4,Canada,452258443,James@case.com
James,Davis,51,Carrington Place,Airdrie,Alberta,"V1K 1V0 ",Canada,690348011,James@system.com
"",Davis,246,Basinview Drive,Lethbridge,Prince Edward Island,"V1K 1V0 ",Canada,772921784,null@man.com
James,,45,Beresford Road,Halton Hills,Prince Edward Island,N8A 0B3,Canada,807845730,James@life.com
"",Thomas,415,Bronson Avenue,Medicine Hat,Yukon,J0J 3V6,Canada,472321571,null@company.com
Alexander,Jackson,449,Briar Place,Brantford,Newfoundland and Labrador,L9R 0A0,Canada,480613403,Alexander@room.com
Ethan,Jackson,246,Chelton Woods Lane,Peterborough,British Columbia,H9S 1R4,Canada,895148574,Ethan@week.com
Ethan,Moore,461,Briar Place,Surrey,Yukon,B2E 0X4,Canada,1282932715,Ethan@world.com
Alexander,Jones,180,Banbury Close,Blainville,,E5V 3X5,Canada,986200652,Alexander@word.com
Ethan,Williams,395,Aikenhead Road,Airdrie,Prince Edward Island,J9P 1C6,Canada,1188298533,Ethan@Mr.com
Ethan,Thomas,369,"Alm-../../view.php?place=Alm-# Ramp, Halifax, ns, CANADA Ramp",Thunder Bay,,H0H 3C9,Canada,1386303206,Ethan@year.com
Liam,Jackson,134,Arthur Street,Airdrie,Alberta,J1S 0R4,Canada,1006306700,Liam@time.com
James,Miller,456,,Airdrie,Yukon,L0N 3J2,Canada,1225334793,James@people.com
James,Williams,89,Chain Rock Drive,St. John's,Newfoundland and Labrador,H3J 3P2,Canada,1355966141,James@case.com
Alexander,Wilson,348,Clifton Street,Kelowna,New Brunswick,"L4A 0T3 ",Canada,468102489,Alexander@government.com
"",Jackson,69,Alex Street,Caledon,Northwest Territories,J1S 0R4,Canada,1041991576,null@lot.com
Mason,Jones,284,Balmoral Road,St. Catharines,Yukon,H0H 3C9,Canada,115930605,Mason@question.com
James,Jones,210,Braeburn Road,Aurora,Alberta,"L4A 0T3 ",Canada,1164146824,James@case.com
Ethan,Brown,36,Chain Rock Drive,Burnaby,Nunavut,J1S 0R4,Canada,1026049646,Ethan@business.com
Liam,Thomas,52,Cardiff Place,Montreal,British Columbia,K1B 3B2,Canada,544584125,Liam@thing.com
William,Wilson,168,Alumni Crescent,Milton,Prince Edward Island,N8A 0B3,Canada,705255842,William@year.com
Ethan,,266,Canary Crescent,Kawartha Lakes,Northwest Territories,"B0T 0Y5 ",Canada,921624180,Ethan@day.com
"",Jones,164,Centre Gate,North Bay,British Columbia,V8B 1P6,Canada,1149984915,null@word.com
Jacob,Moore,454,Bedford Row,Hamilton,Alberta,H3J 3P2,Canada,510498946,Jacob@thing.com
William,Jackson,148,Almon Street,Greater Sudbury,Northwest Territories,N8H 2H6,Canada,653807402,William@system.com
Mason,Taylor,486,Angus L Macdonald Bridge,Lethbridge,Prince Edward Island,V8C 0S2,Canada,1329060792,Mason@money.com
William,Johnson,348,Cavendish Road,Nanaimo,Northwest Territories,"B0T 0Y5 ",Canada,468817830,William@lot.com
Alexander,Miller,464,Aikens Avenue,Victoria,Nova Scotia,J0J 3V6,Canada,234683767,Alexander@case.com
James,Johnson,317,Bayne Street,Saint-JÃ©rÃ´me,Northwest Territories,J1S 0R4,Canada,207352412,James@group.com
Ethan,Anderson,115,Birch Street,Chilliwack,,L3V 1Y8,Canada,386221093,Ethan@family.com
Mason,Taylor,465,Albemarle Street,Cape Breton,Yukon,V8B 1P6,Canada,242436433,Mason@group.com
Mason,Jones,259,Bridges Street,Saint-JÃ©rÃ´me,Northwest Territories,N8H 2H6,Canada,1220164726,Mason@group.com
James,Taylor,447,Cherry Lane,Norfolk County,Nova Scotia,J0J 3V6,Canada,673912575,James@people.com
James,Jones,33,Bakers Drive,Aurora,Alberta,E4M 2G2,Canada,575715414,James@work.com
"",Moore,209,Circle Drive,Blainville,Nunavut,J0J 3V6,Canada,758651911,null@mother.com
Alexander,Taylor,75,Bridgeview Drive,Maple Ridge,Nunavut,E4M 2G2,Canada,1344563359,Alexander@state.com
Alexander,Davis,185,Barrington Street,North Vancouver,Alberta,B3V 2V1,Canada,200032751,Alexander@system.com
James,Jones,152,Clayton Park Drive,Medicine Hat,Nunavut,L9R 0A0,Canada,994399610,James@Mr.com
William,Davis,34,Blue Willow Court,Quebec City,New Brunswick,J0N 0Z3,Canada,176699967,William@school.com
