First Name,Last Name,Street Number,Street,City,Province,Postal Code,Country,Phone Number,email Address
Liam,Williams,217,Alm-a Ramp,Ajax,Alberta,N8A 0B3,Canada,890190853,Liam@right.com
William,Thomas,250,Bayne Street,Grande Prairie,Nunavut,,Canada,787146976,William@part.com
Mason,Taylor,309,Blue Jay Street,Milton,Nova Scotia,K1B 3B2,Canada,626077825,Mason@state.com
Ethan,Williams,282,Chester Avenue,St. Catharines,Yukon,,Canada,1359920809,Ethan@word.com
James,Anderson,333,Carrington Place,North Bay,Quebec,E4S 3C4,Canada,1154666484,James@story.com
Liam,Jackson,466,Church Street,Cape Breton,Nunavut,L3V 1Y8,Canada,522079677,Liam@money.com
Alexander,Anderson,311,Bently Drive,Sherbrooke,Prince Edward Island,B3V 2V1,Canada,112334384,Alexander@time.com
William,Jones,105,Ardwell Avenue,Moncton,Newfoundland and Labrador,E7E 3T7,Canada,169804558,William@case.com
Ethan,Williams,119,Ashburn Avenue,St. Albert,Yukon,G0H 2P3,Canada,1277249960,Ethan@people.com
Jacob,Anderson,331,Churchill Drive,Greater Sudbury,Nova Scotia,N4N 0B9,Canada,423823021,Jacob@word.com
Alexander,Taylor,134,Ascot Avenue,Lethbridge,Prince Edward Island,"B0T 0Y5 ",Canada,1054558605,Alexander@part.com
Ethan,Jones,389,Armdale Rotary,Sherbrooke,Alberta,J0N 0Z3,Canada,1259917241,Ethan@story.com
James,Davis,364,Birmingham Street,LÃ©vis,Northwest Territories,H9S 1R4,Canada,1218596937,James@family.com
James,Anderson,271,Blenheim Terrace,Calgary,Prince Edward Island,V8C 0S2,Canada,1208346931,James@mother.com
"",Thomas,218,Birchfield Crescent,New Westminster,Prince Edward Island,N8H 2H6,Canada,432569499,null@people.com
Jacob,Davis,298,Alm-a Ramp,Montreal,Alberta,J0N 0Z3,Canada,287692929,Jacob@work.com
Alexander,Taylor,145,Bower Road,,Saskatchewan,"B0T 0Y5 ",Canada,1013808211,Alexander@country.com
"",Williams,229,Bedford Windsor Ramp,Guelph,Yukon,H0H 3C9,Canada,1401314806,null@word.com
Mason,Johnson,89,Angus L Macdonald Bridge,Niagara Falls,British Columbia,G3E 2K4,Canada,834083673,Mason@place.com
Ethan,Thomas,396,Armshore Drive,Chilliwack,Nunavut,L0N 3J2,Canada,154152717,Ethan@government.com
Mason,Taylor,493,Birkdale Crescent,Calgary,Nunavut,"B0T 0Y5 ",Canada,513804318,Mason@point.com
William,Miller,339,Bedford Highway Ramp,Red Deer,Nunavut,"V1K 1V0 ",Canada,739481055,William@people.com
Liam,Williams,13,Apollo Court,Greater Sudbury,Newfoundland and Labrador,N8A 0B3,Canada,1137445153,Liam@place.com
James,Wilson,33,Braemount Drive,Winnipeg,Saskatchewan,N8A 0B3,Canada,413578617,James@part.com
Liam,Brown,343,Abrams Way,Welland,New Brunswick,N8A 0B3,Canada,950408422,Liam@fact.com
William,Jackson,73,Berlin Street,Welland,Yukon,E5V 3X5,Canada,687231668,William@case.com
Mason,Williams,23,Brodick Lane,Windsor,Northwest Territories,E5V 3X5,Canada,824043091,Mason@number.com
Jacob,Williams,429,Belmont Road,Delta,Manitoba,G3E 2K4,Canada,1192435784,Jacob@government.com
