First Name,Last Name,Street Number,Street,City,Province,Postal Code,Country,Phone Number,email Address
Alexander,Jackson,272,Chartwell Lane,Laval,Alberta,"L4A 0T3 ",Canada,128475655,Alexander@thing.com
James,Williams,9,Alex Street,Longueuil,Northwest Territories,E4M 2G2,Canada,974724686,James@water.com
Ethan,Johnson,349,Benalder Lane,Clarington,Nova Scotia,E4S 3C4,Canada,1339057033,Ethan@thing.com
James,Williams,107,Carlina Court,Mirabel,Yukon,L4A 0T0,Canada,1210117871,James@people.com
Ethan,Thomas,163,Bently Drive,Sarnia,Alberta,J0J 3V6,Canada,1365506897,Ethan@man.com
Jacob,Johnson,419,Cedar Street,Hamilton,Quebec,V8B 1P6,Canada,1337693438,Jacob@group.com
Mason,Brown,376,Blue Thistle Road,Blainville,Quebec,G6X 2L1,Canada,846008747,Mason@way.com
Mason,Taylor,363,Chisholm Avenue,Surrey,New Brunswick,N8A 0B3,Canada,313867769,Mason@school.com
"",Williams,4,Birch Cove Lane,Coquitlam,Alberta,E4S 3C4,Canada,106401120,null@study.com
Mason,Brown,140,Cascade Drive,Burnaby,Nova Scotia,G0H 2P3,Canada,701470908,Mason@problem.com
Alexander,Davis,137,Apollo Court,Lethbridge,New Brunswick,H0H 3C9,Canada,690551555,Alexander@story.com
Alexander,Brown,156,Camelot Lane,Saint-Hyacinthe,Northwest Territories,N8H 2H6,Canada,554383458,Alexander@part.com
James,Brown,189,Chelsea Lane,Newmarket,Alberta,N5C 2J8,Canada,153405435,James@hand.com
Ethan,Moore,435,Ahern Avenue,Prince George,Prince Edward Island,G3E 2K4,Canada,222172473,Ethan@country.com
Ethan,Brown,226,Chain Lake Drive,Nanaimo,Prince Edward Island,L3V 1Y8,Canada,1220282274,Ethan@study.com
Ethan,Thomas,430,Barracks Drive,Guelph,Newfoundland and Labrador,K1B 3B2,Canada,582256067,Ethan@month.com
"",Wilson,458,Cascade Drive,Longueuil,Manitoba,"B0T 0Y5 ",Canada,807061624,null@job.com
Alexander,Wilson,312,Bayne Street,Saint-Hyacinthe,Northwest Territories,J0J 3V6,Canada,293471759,Alexander@study.com
William,Miller,270,Caitland Court,Windsor,Prince Edward Island,B2E 0X4,Canada,1208801829,William@hand.com
William,Miller,141,Bedford Windsor Ramp,Sault Ste. Marie,Prince Edward Island,N8A 0B3,Canada,742112221,William@program.com
William,Jones,471,Cloverdale Road,Saint-Jean-sur-Richelieu,Northwest Territories,K1B 3B2,Canada,1077403150,William@family.com
"",Taylor,100,Binney Street,Blainville,Manitoba,T1L 2H8,Canada,396971429,null@part.com
James,Williams,297,Carlton Street,New Westminster,Nunavut,E4M 2G2,Canada,1222728480,James@man.com
"",Taylor,476,Briar Lane,Blainville,Northwest Territories,B2E 0X4,Canada,1072273811,null@problem.com
"",Davis,281,Ashton Lane,St. Catharines,New Brunswick,G0H 2P3,Canada,726768294,null@family.com
Jacob,Jackson,290,Ash Lake Court,Pickering,New Brunswick,H0H 3C9,Canada,1151851384,Jacob@problem.com
Jacob,Brown,256,Brenton Place,Vancouver,Saskatchewan,E4M 2G2,Canada,403485223,Jacob@null
William,Johnson,178,Bethany Way,Sault Ste. Marie,New Brunswick,E4S 3C4,Canada,1078667641,William@work.com
William,Taylor,363,Bright Place,Coquitlam,Nova Scotia,J0J 3V6,Canada,392597442,William@problem.com
Liam,Anderson,287,Bridget Avenue,Sault Ste. Marie,Nova Scotia,L3V 1Y8,Canada,1166585019,Liam@way.com
"",Williams,71,Birchview Drive,Norfolk County,Prince Edward Island,G3E 2K4,Canada,144914847,null@world.com
Ethan,Taylor,39,Armview Avenue,Belleville,Prince Edward Island,T1L 2H8,Canada,339632308,Ethan@hand.com
Ethan,Wilson,346,Birch Cove Lane,New Westminster,,"B0T 0Y5 ",Canada,129055747,Ethan@government.com
"",Moore,197,Bilby Street,Airdrie,Prince Edward Island,V8B 1P6,Canada,258477318,null@state.com
