First Name,Last Name,Street Number,Street,City,Province,Postal Code,Country,Phone Number,email Address
Jacob,Williams,497,Churchill Drive,Quebec City,Prince Edward Island,G0H 2P3,Canada,387573341,Jacob@man.com
"",Thomas,191,Catamaran Road,Surrey,New Brunswick,E7E 3T7,Canada,159750043,null@group.com
Mason,Anderson,331,Birchfield Crescent,Laval,Saskatchewan,J0J 3V6,Canada,837712466,Mason@null
"",Wilson,186,Albert Walker Drive,Waterloo,,V8C 0S2,Canada,1074726139,null@case.com
Liam,Miller,228,Bristol Place,Burlington,Prince Edward Island,L4A 0T0,Canada,817197850,Liam@null
"",Miller,153,Albert Walker Drive,Saanich,Nova Scotia,N8A 0B3,Canada,339019007,null@money.com
James,Jackson,472,Clifton Street,Sault Ste. Marie,Alberta,"B0T 0Y5 ",Canada,691793652,James@question.com
"",Jackson,294,Bayne St Ramp,Strathcona County,Nunavut,V8C 0S2,Canada,1188449203,null@book.com
Mason,Thomas,176,Bald Eagle Place,Blainville,Alberta,J0J 3V6,Canada,1093489625,Mason@job.com
"",Jackson,436,Ballantrae Lane,Port Coquitlam,Prince Edward Island,"B0T 0Y5 ",Canada,1007424911,null@night.com
Ethan,Thomas,21,Armoury Place,Saint-Hyacinthe,Nova Scotia,N5C 2J8,Canada,873755157,Ethan@point.com
Liam,Thomas,107,Blenheim Terrace,Burnaby,Quebec,L3V 1Y8,Canada,143579273,Liam@point.com
Ethan,Jones,476,Armcrescent West Avenue,Greater Sudbury,Northwest Territories,H9S 1R4,Canada,563688383,Ethan@state.com
"",Brown,167,Brook Street,St. John's,Nunavut,B3V 2V1,Canada,553679437,null@book.com
James,Brown,170,Bonaventure Drive,Newmarket,Alberta,N5C 2J8,Canada,1213084471,James@home.com
Liam,Miller,7,Catamaran Road,Airdrie,New Brunswick,L0N 3J2,Canada,1143982991,Liam@work.com
Ethan,Brown,205,Belmont Road,Kitchener,New Brunswick,G6X 2L1,Canada,616469190,Ethan@water.com
James,Jones,376,Alm-a Ramp,Cape Breton,Northwest Territories,J9P 1C6,Canada,706077237,James@group.com
Alexander,Williams,258,Bonaventure Drive,Oakville,Prince Edward Island,N8A 0B3,Canada,1132212142,Alexander@case.com
Mason,Jones,474,Basinview Drive,Halifax,Manitoba,J1S 0R4,Canada,1280231102,Mason@book.com
Ethan,Wilson,362,Armstrong Court,Cape Breton,Alberta,"L4A 0T3 ",Canada,839000029,Ethan@time.com
William,,23,Benalder Lane,Saint-JÃ©rÃ´me,Alberta,N5C 2J8,Canada,828345720,William@place.com
