First Name,Last Name,Street Number,Street,City,Province,Postal Code,Country,Phone Number,email Address
Ethan,,241,Bridget Avenue,St. Albert,Newfoundland and Labrador,N4N 0B9,Canada,742601957,Ethan@right.com
James,Brown,139,Briarwood Crescent,Sarnia,Newfoundland and Labrador,V8B 1P6,Canada,1004686845,James@family.com
"",Jackson,485,Birch Street,Nanaimo,Nunavut,N8A 0B3,Canada,1135622409,null@school.com
Jacob,Brown,238,Cascade Drive,Oshawa,New Brunswick,E4M 2G2,Canada,317871343,Jacob@right.com
James,Johnson,17,Ashdale Avenue,Saskatoon,New Brunswick,L0N 3J2,Canada,663756741,James@country.com
Alexander,Moore,28,Armcrescent West Avenue,Mississauga,Quebec,H9S 1R4,Canada,328714403,Alexander@problem.com
Mason,Moore,245,Chester Avenue,Maple Ridge,British Columbia,G0H 2P3,Canada,1274405968,Mason@way.com
Ethan,Wilson,377,Bedford Windsor Ramp,Wood Buffalo,Manitoba,L9R 0A0,Canada,895608869,Ethan@night.com
Ethan,Miller,465,Artz Street,Chilliwack,Saskatchewan,G3E 2K4,Canada,702809021,Ethan@group.com
Ethan,,22,Apollo Court,Abbotsford,British Columbia,"V1K 1V0 ",Canada,900908746,Ethan@people.com
Liam,Wilson,85,Brewer Court,Halifax,Prince Edward Island,G0H 2P3,Canada,580219934,Liam@study.com
James,,73,Birchwood Drive,Kitchener,Saskatchewan,B3V 2V1,Canada,1195103320,James@right.com
Jacob,Taylor,482,Avon Crescent,North Bay,Newfoundland and Labrador,N5C 2J8,Canada,845825694,Jacob@number.com
Ethan,Moore,168,Cherry Lane,Cape Breton,,L0N 3J2,Canada,842150570,Ethan@school.com
Ethan,Johnson,177,Brighton Avenue,Kingston,Alberta,L9R 0A0,Canada,533618854,Ethan@mother.com
William,Davis,486,Anchor Drive,Gatineau,Prince Edward Island,"L4A 0T3 ",Canada,901986274,William@word.com
Ethan,Johnson,310,Cedarbrae Lane,Clarington,Quebec,J9P 1C6,Canada,823483432,Ethan@country.com
"",Miller,349,Albert Place,Clarington,Prince Edward Island,N8A 0B3,Canada,324060921,null@life.com
James,Johnson,274,Cambridge Street,Drummondville,Nova Scotia,J1S 0R4,Canada,1318301351,James@student.com
Ethan,Taylor,86,Bright Place,Waterloo,Nunavut,"B0T 0Y5 ",Canada,1074283319,Ethan@company.com
Alexander,Moore,469,Cambridge Street,Wood Buffalo,Nova Scotia,N8H 2H6,Canada,574551893,Alexander@child.com
Alexander,Wilson,439,Aikens Avenue,Saint John,Quebec,G3H 0B4,Canada,982236200,Alexander@money.com
Jacob,Jones,260,Barkton Lane,Strathcona County,Quebec,"V1K 1V0 ",Canada,1280470660,Jacob@home.com
Alexander,Moore,4,Chartwell Lane,Port Coquitlam,Northwest Territories,H3J 3P2,Canada,286830716,Alexander@lot.com
Liam,Moore,92,Albert Street,Saint-JÃ©rÃ´me,Yukon,G3E 2K4,Canada,325362968,Liam@work.com
Mason,Moore,325,Armcrescent West Avenue,Abbotsford,Quebec,E7E 3T7,Canada,1274098049,Mason@point.com
"",Jones,363,Bison Crescent,Cape Breton,Nova Scotia,H9S 1R4,Canada,794796278,null@month.com
Jacob,Williams,287,Bellevue Avenue,Aurora,Alberta,N8A 0B3,Canada,289963205,Jacob@day.com
Jacob,Taylor,109,Borden Street,Clarington,Prince Edward Island,L4A 0T0,Canada,122824680,Jacob@program.com
"",Moore,220,Carroll Lane,Norfolk County,New Brunswick,G3E 2K4,Canada,1213257289,null@question.com
James,Wilson,79,Andrew Street,Halton Hills,New Brunswick,N5C 2J8,Canada,1173443981,James@water.com
Mason,Jackson,279,Charlotte Lane,Lethbridge,Yukon,L0N 3J2,Canada,1258123352,Mason@Mr.com
Jacob,Davis,10,Cairnwell Close,Windsor,Nunavut,G0H 2P3,Canada,740246045,Jacob@way.com
"",Thomas,292,Brewer Court,Delta,Yukon,E5V 3X5,Canada,683541240,null@child.com
James,Taylor,445,Birmingham Street,Guelph,New Brunswick,"V1K 1V0 ",Canada,123582330,James@family.com
Mason,Davis,440,Chebucto Lane,Oakville,Yukon,H9S 1R4,Canada,1381585420,Mason@woman.com
Liam,Anderson,80,Black Street,Kawartha Lakes,Prince Edward Island,G0H 2P3,Canada,111900535,Liam@family.com
Ethan,Miller,7,Chebucto Lane,Saint-Jean-sur-Richelieu,Northwest Territories,L0N 3J2,Canada,782365514,Ethan@Mr.com
Jacob,Moore,215,Ashton Lane,Kitchener,Northwest Territories,E4S 3C4,Canada,217935676,Jacob@story.com
James,Jackson,62,Circle Drive,Prince George,Nunavut,L0N 3J2,Canada,589159672,James@student.com
