First Name,Last Name,Street Number,Street,City,Province,Postal Code,Country,Phone Number,email Address
William,Jones,345,Bald Eagle Place,Cambridge,Prince Edward Island,B3V 2V1,Canada,1016796598,William@study.com
Alexander,Williams,286,Armcrescent East Drive,Coquitlam,New Brunswick,N5C 2J8,Canada,724752965,Alexander@number.com
Alexander,,85,Cartaret Street,Kamloops,Nova Scotia,G0H 2P3,Canada,1352853976,Alexander@question.com
"",Taylor,40,Borden Street,Waterloo,Quebec,B2E 0X4,Canada,1382794422,null@family.com
"",Thomas,372,Avon Crescent,Clarington,British Columbia,J9T 3H4,Canada,1389717829,null@null
Mason,Moore,261,Cartaret Street,Red Deer,Alberta,K1B 3B2,Canada,1053487790,Mason@question.com
