First Name,Last Name,Street Number,Street,City,Province,Postal Code,Country,Phone Number,email Address
Jacob,Williams,205,Bloomingdale Terrace,Victoria,Alberta,G3H 0B4,Canada,1409062458,Jacob@year.com
"",Davis,221,Bridget Avenue,Port Coquitlam,Yukon,N8H 2H6,Canada,986269691,null@story.com
"",Taylor,176,Bloomingdale Terrace,New Westminster,Nunavut,L4A 0T0,Canada,1408489364,null@question.com
James,Taylor,421,Buffers Lane,London,Nunavut,"V1K 1V0 ",Canada,975951855,James@study.com
Alexander,Miller,178,Bobolink Street,Sherbrooke,New Brunswick,"L4A 0T3 ",Canada,344331266,Alexander@country.com
