First Name,Last Name,Street Number,Street,City,Province,Postal Code,Country,Phone Number,email Address
"",Miller,399,Birch Street,Sault Ste. Marie,Nunavut,B2E 0X4,Canada,417103772,null@group.com
Jacob,Johnson,264,Carrington Place,Strathcona County,Prince Edward Island,L4A 0T0,Canada,612771259,Jacob@family.com
Liam,Anderson,415,Barrington Street,Cape Breton,Alberta,L0N 3J2,Canada,227476945,Liam@money.com
Jacob,Miller,152,Church Street,Ajax,Nunavut,V8C 0S2,Canada,1079032421,Jacob@part.com
"",Jones,381,Bronson Avenue,Brantford,New Brunswick,H9S 1R4,Canada,1014795104,null@book.com
Mason,Moore,142,Chebucto Road,Medicine Hat,Newfoundland and Labrador,N5C 2J8,Canada,875971283,Mason@program.com
"",Davis,46,Annandale Street,Kawartha Lakes,Nova Scotia,L4A 0T0,Canada,108791963,null@child.com
Ethan,Johnson,198,Blink Bonnie Terrace,Airdrie,Saskatchewan,L0N 3J2,Canada,613287375,Ethan@home.com
William,Jackson,41,Birchview Drive,New Westminster,British Columbia,,Canada,1092894592,William@day.com
Jacob,Jackson,223,Ahern Avenue,Mirabel,Prince Edward Island,J0N 0Z3,Canada,1162128838,Jacob@book.com
Liam,Williams,27,Burgee Run,Surrey,Saskatchewan,H0H 3C9,Canada,270538997,Liam@company.com
Liam,Johnson,210,Bluestone Road,Niagara Falls,Alberta,L3V 1Y8,Canada,1210953676,Liam@program.com
Alexander,Thomas,255,Basinview Drive,Hamilton,Manitoba,B3V 2V1,Canada,1342586271,Alexander@month.com
Alexander,Moore,90,Alm-a Ramp,North Vancouver,Nunavut,"V1K 1V0 ",Canada,1160660527,Alexander@company.com
"",Williams,158,Ashdale Avenue,Saguenay,New Brunswick,H9S 1R4,Canada,938441831,null@day.com
