First Name,Last Name,Street Number,Street,City,Province,Postal Code,Country,Phone Number,email Address
Mason,Jones,431,Carmichael Street,Kelowna,Newfoundland and Labrador,B3V 2V1,Canada,1388605468,Mason@year.com
Ethan,Moore,36,Cloverdale Road,Richmond Hill,Newfoundland and Labrador,V8B 1P6,Canada,460988969,Ethan@point.com
Mason,Thomas,366,Bloomingdale Terrace,Brantford,Prince Edward Island,E5V 3X5,Canada,388000662,Mason@group.com
James,Jackson,367,Clearview Street,Lethbridge,Nunavut,N8A 0B3,Canada,1283274549,James@day.com
Liam,Taylor,308,Boscobel Road,Laval,Prince Edward Island,L9R 0A0,Canada,682092539,Liam@water.com
"",Wilson,223,Andrew Street,Wood Buffalo,Newfoundland and Labrador,H9S 1R4,Canada,212562510,null@book.com
James,Miller,473,Brussels Street,Ottawa,Quebec,E4M 2G2,Canada,1265415194,James@mother.com
Ethan,Anderson,38,Central Avenue,Chilliwack,Yukon,J9P 1C6,Canada,943476459,Ethan@book.com
Jacob,Johnson,473,Bloomingdale Terrace,Quebec City,,N8H 2H6,Canada,506356680,Jacob@Mr.com
James,Jackson,375,Bloomingdale Terrace,Saint-Hyacinthe,Quebec,H0H 3C9,Canada,352156625,James@company.com
James,Jackson,360,Churchill Drive,Blainville,Nunavut,G3H 0B4,Canada,1061763621,James@state.com
Alexander,Williams,475,Amberwood Court,Laval,Quebec,J0J 3V6,Canada,1383480003,Alexander@part.com
Liam,Taylor,448,Clayder Lane,Halifax,Saskatchewan,E4M 2G2,Canada,313330905,Liam@case.com
Ethan,Wilson,67,Blenheim Terrace,Longueuil,New Brunswick,L0N 3J2,Canada,528197406,Ethan@country.com
Jacob,Miller,200,Bland Street,Port Coquitlam,Alberta,K1B 3B2,Canada,869727118,Jacob@problem.com
Ethan,Davis,79,Bedford Highway,Guelph,Quebec,H0H 3C9,Canada,937163627,Ethan@job.com
Jacob,Taylor,319,Battery 18th Road,Thunder Bay,Manitoba,J9P 1C6,Canada,493224521,Jacob@man.com
William,,63,Alm-a Ramp,Aurora,Nunavut,J9T 3H4,Canada,614011125,William@man.com
James,Davis,282,Bedford Highway,Niagara Falls,Prince Edward Island,G3H 0B4,Canada,982279862,James@lot.com
Alexander,Taylor,41,Clifton Street,Welland,Northwest Territories,V8B 1P6,Canada,1242503480,Alexander@country.com
James,Taylor,115,Admirals Way,Grande Prairie,Yukon,"V1K 1V0 ",Canada,1028632016,James@country.com
William,Thomas,423,Bronson Avenue,North Vancouver,Prince Edward Island,E4S 3C4,Canada,706751223,William@business.com
Ethan,Moore,391,Albert Street,North Vancouver,Northwest Territories,E4S 3C4,Canada,370255527,Ethan@year.com
Jacob,Anderson,330,Carriageway Crescent,Sherbrooke,Saskatchewan,N4N 0B9,Canada,771731559,Jacob@people.com
Mason,Johnson,275,Apollo Court,Clarington,Quebec,J9P 1C6,Canada,1300422578,Mason@group.com
"",Jackson,330,Bedros Lane,Saint-JÃ©rÃ´me,Prince Edward Island,E4M 2G2,Canada,451047415,null@system.com
"",Johnson,3,Adams Avenue,Victoria,Manitoba,L0N 3J2,Canada,703167196,null@mother.com
"",Miller,448,Bayers Road,Gatineau,Northwest Territories,E4M 2G2,Canada,882885969,null@case.com
"",Johnson,200,Cascade Drive,Kamloops,Quebec,"B0T 0Y5 ",Canada,984769796,null@week.com
James,Johnson,318,Braeside Lane,Saskatoon,Alberta,E7E 3T7,Canada,1249873192,James@child.com
