First Name,Last Name,Street Number,Street,City,Province,Postal Code,Country,Phone Number,email Address
Liam,Miller,328,Alm-e Ramp,Sault Ste. Marie,Northwest Territories,"V1K 1V0 ",Canada,1125539286,Liam@case.com
William,Anderson,271,Barrington Street,Welland,Nova Scotia,G3E 2K4,Canada,745378061,William@part.com
William,Johnson,199,Cherry Street,Welland,Northwest Territories,K1B 3B2,Canada,1340337083,William@right.com
Liam,Jones,4,Chartwell Lane,Regina,British Columbia,V8B 1P6,Canada,509615528,Liam@eye.com
Alexander,Davis,215,Cascade Drive,Nanaimo,Northwest Territories,E4M 2G2,Canada,1213232578,Alexander@woman.com
Mason,Johnson,205,Armcrescent West Avenue,Caledon,Northwest Territories,E5V 3X5,Canada,766831174,Mason@student.com
"",Brown,234,Bayne Street,Regina,British Columbia,G6X 2L1,Canada,231399701,null@man.com
"",Moore,63,Ballantrae Lane,Brantford,Nova Scotia,J0N 0Z3,Canada,798254396,null@government.com
Mason,,348,Bluestone Road,Saint-JÃ©rÃ´me,Prince Edward Island,L0N 3J2,Canada,577620634,Mason@money.com
Alexander,Jones,12,Beresford Road,Windsor,Prince Edward Island,E5V 3X5,Canada,1376163702,Alexander@question.com
Jacob,Taylor,122,Aikens Avenue,Saint John,Prince Edward Island,L9R 0A0,Canada,704565310,Jacob@night.com
Mason,Jackson,402,Birchview Drive,Saint-JÃ©rÃ´me,British Columbia,B2E 0X4,Canada,871311139,Mason@group.com
Alexander,Jackson,226,Brockhurst Close,Saint John,Northwest Territories,B2E 0X4,Canada,1017776548,Alexander@hand.com
"",Thomas,360,Aikenhead Road,Richmond,Prince Edward Island,H3J 3P2,Canada,1068170920,null@life.com
Ethan,Jones,475,Brenton Street,Saint-JÃ©rÃ´me,Yukon,J0J 3V6,Canada,376412905,Ethan@year.com
Mason,Brown,255,Ashdale Avenue,Mississauga,Nova Scotia,T1L 2H8,Canada,214968179,Mason@money.com
"",Moore,467,Brussels Street,Ajax,Northwest Territories,J0N 0Z3,Canada,293023526,null@right.com
Ethan,Thomas,427,Clovis Avenue,St. John's,New Brunswick,E7E 3T7,Canada,1318400408,Ethan@child.com
Jacob,Anderson,404,Briar Lane,Saint-JÃ©rÃ´me,Alberta,"B0T 0Y5 ",Canada,896140623,Jacob@man.com
"",Johnson,93,Charlotte Lane,St. Catharines,Saskatchewan,N4N 0B9,Canada,386694599,null@system.com
Jacob,Jackson,254,Birch Cove Lane,Quebec City,Northwest Territories,H3J 3P2,Canada,586614366,Jacob@year.com
William,,261,Artillery Place,Pickering,Northwest Territories,H3J 3P2,Canada,1269366834,William@story.com
Alexander,Wilson,221,Abrams Way,Terrebonne,Newfoundland and Labrador,N8A 0B3,Canada,741447243,Alexander@book.com
Mason,Williams,143,Buddy Daye Street,Newmarket,Nova Scotia,H3J 3P2,Canada,845544163,Mason@case.com
William,,216,Alm-b Ramp,Maple Ridge,Prince Edward Island,L4A 0T0,Canada,462502047,William@number.com
Ethan,Jones,22,Ashton Lane,Victoria,Manitoba,V8C 0S2,Canada,642032736,Ethan@night.com
