First Name,Last Name,Street Number,Street,City,Province,Postal Code,Country,Phone Number,email Address
Mason,Johnson,138,Canterbury Close,Cape Breton,Nova Scotia,N5C 2J8,Canada,730406770,Mason@story.com
Ethan,Johnson,201,Birchdale Avenue,Granby,Yukon,E7E 3T7,Canada,1296181819,Ethan@study.com
William,Thomas,432,Chelmsford Place,Surrey,Saskatchewan,J0J 3V6,Canada,495490950,William@group.com
James,Wilson,201,Braeside Lane,Chilliwack,Prince Edward Island,G0H 2P3,Canada,589902864,James@program.com
Mason,Moore,60,Chelsea Lane,Thunder Bay,Nunavut,"L4A 0T3 ",Canada,506151393,Mason@job.com
Mason,Taylor,290,Banbury Close,Guelph,Newfoundland and Labrador,J0J 3V6,Canada,409243881,Mason@point.com
Liam,Taylor,194,Abrams Way,Chilliwack,Alberta,G3H 0B4,Canada,1305580478,Liam@home.com
Mason,Thomas,454,Alm-a Ramp,Burnaby,British Columbia,J1S 0R4,Canada,328515980,Mason@room.com
Liam,Anderson,12,Blue Jay Street,Caledon,Nova Scotia,L9R 0A0,Canada,1019981954,Liam@government.com
William,,101,Bloomingdale Terrace,Kelowna,Alberta,J0J 3V6,Canada,1022703238,William@world.com
Alexander,Moore,148,Clovis Avenue,Kamloops,Nunavut,,Canada,1372836180,Alexander@student.com
Liam,Miller,245,Aster Court,Welland,Alberta,H9S 1R4,Canada,272514243,Liam@book.com
"",Thomas,83,Bronson Avenue,Welland,Prince Edward Island,H0H 3C9,Canada,794321167,null@night.com
"",Wilson,319,Castine Way,Thunder Bay,Alberta,H3J 3P2,Canada,921263630,null@month.com
Mason,Wilson,341,Chebucto Lane,Moncton,Quebec,V8B 1P6,Canada,130385870,Mason@family.com
James,Johnson,186,Basinview Drive,Cape Breton,Prince Edward Island,J9T 3H4,Canada,150445083,James@case.com
"",Brown,434,Barrington Street,Saanich,Nunavut,B2E 0X4,Canada,126614259,null@country.com
Alexander,Williams,65,Carrington Place,Abbotsford,Alberta,N4N 0B9,Canada,1213078369,Alexander@job.com
Alexander,Williams,146,Albion Road,Sarnia,Yukon,G3H 0B4,Canada,1029298153,Alexander@month.com
Alexander,Anderson,339,Alton Drive,Surrey,Northwest Territories,"L4A 0T3 ",Canada,205630698,Alexander@problem.com
Ethan,Anderson,442,Braemount Drive,Gatineau,Prince Edward Island,N8A 0B3,Canada,414143649,Ethan@child.com
William,Anderson,24,Bedford Row,Fredericton,Northwest Territories,G6X 2L1,Canada,886011254,William@school.com
"",Johnson,182,Ashdale Avenue,Niagara Falls,Yukon,B2E 0X4,Canada,271687169,null@part.com
Alexander,Williams,258,Cavendish Road,Sarnia,New Brunswick,N8A 0B3,Canada,1029747330,Alexander@state.com
James,Jackson,317,Clayton Park Drive,Mississauga,British Columbia,G0H 2P3,Canada,1177840661,James@people.com
"",Taylor,393,Brodick Lane,Saint-Jean-sur-Richelieu,New Brunswick,B2E 0X4,Canada,279148186,null@month.com
Alexander,Davis,496,Beresford Road,Milton,Nunavut,J0J 3V6,Canada,1265444059,Alexander@country.com
"",Brown,256,Battery Drive,Vancouver,Nova Scotia,G3E 2K4,Canada,537272440,null@room.com
Mason,Wilson,458,Annandale Street,Chilliwack,Alberta,,Canada,950775582,Mason@way.com
James,Davis,247,Broadholme Lane,Mississauga,Nunavut,V8C 0S2,Canada,915558667,James@state.com
William,Brown,268,Alma Crescent,Kingston,Saskatchewan,N8H 2H6,Canada,455269265,William@group.com
Mason,Moore,378,Almon Street,Coquitlam,Prince Edward Island,H9S 1R4,Canada,656247455,Mason@home.com
"",,236,Carriageway Crescent,Blainville,Northwest Territories,B2E 0X4,Canada,1175962350,null@part.com
Alexander,Moore,192,Borden Street,Repentigny,New Brunswick,J1S 0R4,Canada,664111493,Alexander@mother.com
William,Anderson,283,Blue Willow Court,Quebec City,Prince Edward Island,J9T 3H4,Canada,828827213,William@mother.com
Ethan,Davis,298,Bedford Highway Ramp,Waterloo,New Brunswick,G6X 2L1,Canada,526388745,Ethan@group.com
"",Taylor,47,Briar Place,Regina,Nunavut,N4N 0B9,Canada,720310189,null@word.com
William,Anderson,223,Castlepark Grove,St. John's,Prince Edward Island,"B0T 0Y5 ",Canada,1113224308,William@room.com
Ethan,Taylor,26,Braeburn Road,St. Albert,Northwest Territories,,Canada,1145478883,Ethan@case.com
Liam,Brown,30,Bellevue Avenue,Peterborough,Alberta,L3V 1Y8,Canada,340259632,Liam@student.com
Ethan,Wilson,381,Bower Road,Burnaby,Saskatchewan,G3H 0B4,Canada,693201599,Ethan@null
Alexander,Jones,280,Berts Drive,Delta,Northwest Territories,L0N 3J2,Canada,1155761058,Alexander@company.com
