First Name,Last Name,Street Number,Street,City,Province,Postal Code,Country,Phone Number,email Address
Mason,,386,Ashburn Avenue,Waterloo,Nova Scotia,J9P 1C6,Canada,322195384,Mason@child.com
Liam,Thomas,493,Binney Street,Saint-Jean-sur-Richelieu,Newfoundland and Labrador,G3E 2K4,Canada,885710790,Liam@job.com
Alexander,Moore,152,Artillery Place,Laval,Saskatchewan,"L4A 0T3 ",Canada,1198147939,Alexander@world.com
Alexander,Davis,93,Cabot Place,Medicine Hat,Northwest Territories,H9S 1R4,Canada,1348879310,Alexander@night.com
Liam,Williams,301,Annandale Street,Greater Sudbury,Prince Edward Island,"V1K 1V0 ",Canada,162271785,Liam@people.com
William,Jackson,181,"Alm-../../view.php?place=Alm-# Ramp, Halifax, ns, CANADA Ramp",Gatineau,Yukon,L3V 1Y8,Canada,395383216,William@woman.com
"",Miller,85,Blowers Street,Caledon,New Brunswick,"V1K 1V0 ",Canada,140625815,null@question.com
"",Moore,188,Bayne Street,Burlington,Nova Scotia,"L4A 0T3 ",Canada,976823399,null@right.com
Liam,Anderson,476,Blue Jay Street,Brossard,Saskatchewan,H3J 3P2,Canada,506586756,Liam@way.com
Liam,,203,Cedarbrae Lane,Whitby,Northwest Territories,V8B 1P6,Canada,1077527838,Liam@point.com
Mason,Johnson,434,Chestnut Street,Niagara Falls,Alberta,L3V 1Y8,Canada,236319135,Mason@thing.com
Alexander,Moore,57,Charles Street,Saint John,Prince Edward Island,J0J 3V6,Canada,1266757383,Alexander@home.com
Ethan,Moore,392,"Alm-../../view.php?place=Alm-# Ramp, Halifax, ns, CANADA Ramp",Terrebonne,Nunavut,"L4A 0T3 ",Canada,415964192,Ethan@case.com
Alexander,Moore,498,Beechwood Terrace,Sault Ste. Marie,Alberta,T1L 2H8,Canada,617564306,Alexander@government.com
