First Name,Last Name,Street Number,Street,City,Province,Postal Code,Country,Phone Number,email Address
Mason,Jones,378,Braemount Drive,Brossard,Nunavut,G3E 2K4,Canada,710801054,Mason@right.com
William,Thomas,224,Caxton Close,Prince George,Nunavut,"L4A 0T3 ",Canada,1115166818,William@week.com
Ethan,Moore,42,Camelot Lane,Guelph,Quebec,"V1K 1V0 ",Canada,881722372,Ethan@right.com
Ethan,Thomas,158,Ash Lake Court,Aurora,British Columbia,V8C 0S2,Canada,904004468,Ethan@school.com
Ethan,Brown,79,Bedford Windsor Ramp,North Vancouver,Quebec,L9R 0A0,Canada,1353092389,Ethan@world.com
Ethan,Miller,153,Carnation Crescent,Saint John,Newfoundland and Labrador,E4S 3C4,Canada,1133665266,Ethan@thing.com
William,Brown,474,Charlton Avenue,Airdrie,Northwest Territories,B2E 0X4,Canada,1349657808,William@right.com
