First Name,Last Name,Street Number,Street,City,Province,Postal Code,Country,Phone Number,email Address
"",Williams,26,Bellevue Avenue,Repentigny,Nunavut,K1B 3B2,Canada,446979509,null@day.com
William,Brown,182,Abercrombie Lane,Abbotsford,Prince Edward Island,L4A 0T0,Canada,579751994,William@water.com
William,Thomas,285,Ashdale Avenue,Kawartha Lakes,Saskatchewan,E5V 3X5,Canada,300634755,William@mother.com
James,Brown,282,Castle Hill Drive,Whitby,Newfoundland and Labrador,H9S 1R4,Canada,337648256,James@year.com
Alexander,Jackson,430,Carnation Crescent,Maple Ridge,New Brunswick,L4A 0T0,Canada,668164225,Alexander@story.com
