First Name,Last Name,Street Number,Street,City,Province,Postal Code,Country,Phone Number,email Address
Liam,Taylor,491,Bosun Run,Medicine Hat,British Columbia,G0H 2P3,Canada,1102780535,Liam@time.com
James,Anderson,134,Caitland Court,Laval,Northwest Territories,B3V 2V1,Canada,432668575,James@thing.com
Liam,Taylor,495,Charlotte Lane,Blainville,Northwest Territories,V8B 1P6,Canada,638062532,Liam@country.com
Liam,Anderson,174,Albion Road,Clarington,Yukon,G3H 0B4,Canada,1167879052,Liam@way.com
Liam,Jones,65,Abbott Drive,Burlington,Nova Scotia,N8H 2H6,Canada,1326088378,Liam@right.com
James,Miller,378,Acorn Road,Hamilton,Prince Edward Island,E4S 3C4,Canada,734389271,James@problem.com
James,Anderson,442,Canary Crescent,North Vancouver,Northwest Territories,H9S 1R4,Canada,886016361,James@home.com
Ethan,Moore,96,Aster Court,Brantford,Manitoba,B3V 2V1,Canada,141674932,Ethan@man.com
Jacob,Johnson,363,Artillery Place,Thunder Bay,Prince Edward Island,G6X 2L1,Canada,1173178129,Jacob@government.com
Ethan,Brown,300,Ardwell Avenue,Cape Breton,Prince Edward Island,J0J 3V6,Canada,1280036491,Ethan@eye.com
Jacob,Johnson,455,Chebucto Road,Burlington,,"L4A 0T3 ",Canada,557668139,Jacob@group.com
Jacob,Johnson,137,Battery Drive,Oakville,New Brunswick,J1S 0R4,Canada,1379666837,Jacob@thing.com
Jacob,Thomas,320,Chain Rock Drive,Pickering,Newfoundland and Labrador,N5C 2J8,Canada,932964567,Jacob@job.com
Mason,Thomas,475,Cedarbrae Lane,St. Albert,,L0N 3J2,Canada,367741916,Mason@place.com
"",Jones,166,Berts Drive,Hamilton,Saskatchewan,T1L 2H8,Canada,1399204513,null@woman.com
"",Thomas,39,Carrington Place,Vaughan,Nova Scotia,E5V 3X5,Canada,183644233,null@way.com
"",Anderson,367,Chadwick Place,Ottawa,Newfoundland and Labrador,K1B 3B2,Canada,336082835,null@water.com
Liam,,309,Adams Avenue,Mississauga,Nova Scotia,J9T 3H4,Canada,589693541,Liam@water.com
"",Wilson,14,Archibald Avenue,Whitby,Newfoundland and Labrador,B2E 0X4,Canada,386791375,null@people.com
Ethan,Thomas,237,Bonaventure Drive,Port Coquitlam,Prince Edward Island,H0H 3C9,Canada,603142635,Ethan@group.com
Jacob,,64,Amberwood Court,Oshawa,Newfoundland and Labrador,G0H 2P3,Canada,238088684,Jacob@book.com
Ethan,Davis,496,Carrington Place,Terrebonne,Northwest Territories,H3J 3P2,Canada,1075763413,Ethan@point.com
William,Anderson,234,Birch Cove Lane,Calgary,Northwest Territories,N4N 0B9,Canada,512665315,William@week.com
James,Davis,316,Botany Terrace,Sarnia,Prince Edward Island,E4M 2G2,Canada,1242887174,James@problem.com
Liam,Moore,223,Belmont Road,Fredericton,Prince Edward Island,G0H 2P3,Canada,682208736,Liam@hand.com
"",Wilson,215,Brook Street,Montreal,Prince Edward Island,N8A 0B3,Canada,795398190,null@year.com
William,Johnson,93,Bridges Street,Red Deer,Alberta,J0N 0Z3,Canada,255123880,William@life.com
William,Miller,383,Alex Street,St. John's,Alberta,G3H 0B4,Canada,748131406,William@right.com
James,Johnson,312,Avon Crescent,Aurora,Nunavut,H3J 3P2,Canada,1330143506,James@point.com
Alexander,Brown,173,Buffers Lane,Oakville,Manitoba,"V1K 1V0 ",Canada,496823600,Alexander@month.com
William,Brown,270,Berts Drive,Saint-Hyacinthe,Alberta,L3V 1Y8,Canada,437006216,William@room.com
Ethan,Wilson,382,Briar Place,Surrey,Manitoba,B3V 2V1,Canada,483507493,Ethan@week.com
Ethan,Brown,298,Belmont On The Arm,Vaughan,Saskatchewan,L3V 1Y8,Canada,829833882,Ethan@state.com
