First Name,Last Name,Street Number,Street,City,Province,Postal Code,Country,Phone Number,email Address
Jacob,Thomas,206,Amirault Court,Saanich,Newfoundland and Labrador,L4A 0T0,Canada,886178171,Jacob@book.com
"",Moore,250,Arlington Avenue,Saanich,New Brunswick,E4M 2G2,Canada,192522133,null@people.com
William,Taylor,249,Cabot Street,Prince George,Saskatchewan,T1L 2H8,Canada,1144064914,William@family.com
"",Johnson,285,"Alm-../../view.php?place=Alm-# Ramp, Halifax, ns, CANADA Ramp",Quebec City,Prince Edward Island,B2E 0X4,Canada,1063688027,null@day.com
Liam,Anderson,11,Alderwood Drive,Longueuil,New Brunswick,L3V 1Y8,Canada,723955085,Liam@study.com
Ethan,Davis,395,Briar Place,Halifax,Yukon,G3E 2K4,Canada,942220153,Ethan@month.com
William,Jackson,312,Ardwell Avenue,Caledon,Alberta,G3E 2K4,Canada,672444667,William@month.com
Liam,Jones,198,Chadwick Place,Repentigny,Alberta,L4A 0T0,Canada,504106138,Liam@money.com
"",Moore,127,Buffers Lane,Longueuil,Northwest Territories,"B0T 0Y5 ",Canada,1403462439,null@room.com
"",,416,Banbury Close,Delta,New Brunswick,E4M 2G2,Canada,1316889882,null@word.com
Ethan,Jones,58,Aikens Avenue,Maple Ridge,Nunavut,K1B 3B2,Canada,1032752385,Ethan@hand.com
Liam,Brown,233,Chartwell Lane,Airdrie,Newfoundland and Labrador,L3V 1Y8,Canada,1249705493,Liam@hand.com
"",Johnson,404,Aukland Place,Brampton,Newfoundland and Labrador,L0N 3J2,Canada,116111730,null@word.com
Jacob,Williams,148,Chain Lake Drive,Burlington,Manitoba,G3E 2K4,Canada,404552271,Jacob@group.com
Alexander,Jackson,469,Banbury Close,Pickering,Prince Edward Island,N8A 0B3,Canada,972323981,Alexander@Mr.com
"",Johnson,288,Berlin Street,Saint-JÃ©rÃ´me,Alberta,G3H 0B4,Canada,738410519,null@day.com
"",Moore,381,Ardwell Avenue,Laval,Nunavut,L0N 3J2,Canada,667364642,null@week.com
Ethan,Jones,339,Bonaventure Drive,Welland,Nunavut,L3V 1Y8,Canada,233780149,Ethan@number.com
Ethan,Anderson,42,Brighton Avenue,Peterborough,Nunavut,L4A 0T0,Canada,1342831952,Ethan@month.com
Alexander,Thomas,70,Claymore Avenue,Norfolk County,Nova Scotia,N5C 2J8,Canada,393920341,Alexander@point.com
"",Wilson,282,Barkton Lane,Drummondville,British Columbia,G3E 2K4,Canada,1282774711,null@case.com
Liam,Thomas,468,Carlina Court,Norfolk County,Alberta,J1S 0R4,Canada,538017749,Liam@Mr.com
