First Name,Last Name,Street Number,Street,City,Province,Postal Code,Country,Phone Number,email Address
Jacob,Jones,495,Armstrong Court,Coquitlam,,E4S 3C4,Canada,1171854942,Jacob@number.com
Liam,Thomas,238,Bedford Highway,Red Deer,Saskatchewan,H0H 3C9,Canada,957820808,Liam@number.com
Jacob,Jones,226,Bland Street,Montreal,Nunavut,G3H 0B4,Canada,645140893,Jacob@government.com
James,,363,Canterbury Close,Sarnia,British Columbia,J0N 0Z3,Canada,161251668,James@money.com
Ethan,Wilson,38,Bedford Highway,Halton Hills,Yukon,,Canada,244356271,Ethan@place.com
Ethan,Miller,175,Chartwell Lane,Victoria,Newfoundland and Labrador,"B0T 0Y5 ",Canada,1375427219,Ethan@hand.com
Alexander,Jones,113,Carrington Place,Kitchener,Quebec,J1S 0R4,Canada,1325207476,Alexander@place.com
Liam,Jones,24,Albert Street,Niagara Falls,Northwest Territories,G3H 0B4,Canada,282699986,Liam@place.com
"",Anderson,462,Basinview Drive,Aurora,Yukon,K1B 3B2,Canada,1083847151,null@Mr.com
"",Thomas,86,Berlin Street,Brampton,British Columbia,E4S 3C4,Canada,1307431049,null@part.com
Jacob,Johnson,41,Arlington Avenue,Saint-JÃ©rÃ´me,Newfoundland and Labrador,L9R 0A0,Canada,693782517,Jacob@work.com
Alexander,Anderson,327,Bell Road,Terrebonne,Nunavut,H0H 3C9,Canada,1025565188,Alexander@mother.com
Liam,Wilson,496,Braemount Drive,Greater Sudbury,Northwest Territories,B3V 2V1,Canada,553261660,Liam@mother.com
William,Moore,100,Balmoral Road,Kelowna,Nunavut,L0N 3J2,Canada,822585484,William@government.com
"",Williams,370,Ashton Lane,Cape Breton,Prince Edward Island,H3J 3P2,Canada,595392996,null@case.com
Liam,Jackson,198,Africville Road,Windsor,Prince Edward Island,V8C 0S2,Canada,1371733308,Liam@room.com
James,Johnson,11,Briarwood Crescent,Mirabel,Newfoundland and Labrador,"L4A 0T3 ",Canada,683031703,James@year.com
William,Taylor,282,Centre Gate,St. John's,Nova Scotia,L0N 3J2,Canada,515312181,William@word.com
Alexander,Taylor,104,Boulderwood Road,Saint-Hyacinthe,Northwest Territories,"B0T 0Y5 ",Canada,754523839,Alexander@state.com
William,Jones,127,Cardiff Place,Sherbrooke,Prince Edward Island,V8C 0S2,Canada,981935346,William@business.com
William,Brown,132,Autumn Drive,Vaughan,Prince Edward Island,E7E 3T7,Canada,701381249,William@thing.com
"",Miller,351,Armstrong Court,Sherbrooke,Newfoundland and Labrador,B3V 2V1,Canada,811502972,null@country.com
William,Moore,22,Attenborough Court,Kamloops,Prince Edward Island,"L4A 0T3 ",Canada,1077016923,William@time.com
Ethan,,144,Apollo Court,Kamloops,Northwest Territories,L9R 0A0,Canada,1286155246,Ethan@world.com
Jacob,Williams,463,Birch Cove Lane,North Vancouver,Manitoba,J0J 3V6,Canada,897129241,Jacob@money.com
William,Thomas,437,Brook Street,LÃ©vis,Saskatchewan,L0N 3J2,Canada,909640485,William@number.com
Alexander,Jackson,436,Ahern Avenue,Brantford,Alberta,J9P 1C6,Canada,834333310,Alexander@room.com
Liam,Miller,423,Brackley Place,Drummondville,New Brunswick,J0J 3V6,Canada,1391860295,Liam@student.com
Alexander,Davis,326,Bower Road,Peterborough,Newfoundland and Labrador,B3V 2V1,Canada,198833665,Alexander@money.com
"",Anderson,28,Chipstone Close,Kawartha Lakes,Nunavut,H0H 3C9,Canada,1146616548,null@problem.com
Jacob,Anderson,166,Charlotte Lane,London,Alberta,V8B 1P6,Canada,970814245,Jacob@question.com
