First Name,Last Name,Street Number,Street,City,Province,Postal Code,Country,Phone Number,email Address
James,,363,Bell Road,Brossard,Northwest Territories,E4S 3C4,Canada,962614537,James@part.com
Mason,Brown,17,Cardiff Place,Oshawa,Northwest Territories,H9S 1R4,Canada,400750647,Mason@hand.com
"",Thomas,495,Barrington Street,Wood Buffalo,Quebec,V8C 0S2,Canada,842409972,null@case.com
James,Anderson,157,Alderwood Drive,North Vancouver,Prince Edward Island,J0N 0Z3,Canada,978786425,James@story.com
William,Jones,389,Clayton Park Drive,Fredericton,Manitoba,"L4A 0T3 ",Canada,515449464,William@point.com
Ethan,Anderson,291,Arthur Street,Wood Buffalo,British Columbia,K1B 3B2,Canada,852788660,Ethan@state.com
Mason,Wilson,107,Buddy Daye Street,Ottawa,Alberta,V8C 0S2,Canada,403427905,Mason@government.com
Jacob,Miller,446,Bower Road,Hamilton,British Columbia,G0H 2P3,Canada,815953900,Jacob@time.com
Ethan,Anderson,17,Bland Street,New Westminster,Prince Edward Island,N4N 0B9,Canada,271632256,Ethan@word.com
James,,430,Apollo Court,Longueuil,Alberta,L4A 0T0,Canada,1330156871,James@people.com
"",Thomas,329,Armcrescent East Drive,Fredericton,Northwest Territories,N4N 0B9,Canada,673791118,null@program.com
James,Jones,158,Carrington Place,Mississauga,Yukon,"L4A 0T3 ",Canada,365727587,James@case.com
James,Johnson,475,Braeburn Road,Medicine Hat,New Brunswick,N4N 0B9,Canada,188238869,James@null
Ethan,Moore,448,Arvida Avenue,Quebec City,Nova Scotia,"L4A 0T3 ",Canada,470010394,Ethan@group.com
"",Thomas,75,Chadwick Place,Drummondville,Nova Scotia,K1B 3B2,Canada,794864727,null@state.com
James,Jackson,220,Barkton Lane,Burnaby,British Columbia,T1L 2H8,Canada,1127645208,James@night.com
Jacob,Moore,400,Chisholm Avenue,Vancouver,Saskatchewan,E4S 3C4,Canada,464885345,Jacob@eye.com
Ethan,Miller,348,Alm-a Ramp,Saguenay,Saskatchewan,V8C 0S2,Canada,720890705,Ethan@part.com
"",Jackson,434,Brewer Court,Oshawa,Newfoundland and Labrador,L0N 3J2,Canada,560393032,null@man.com
"",Jackson,459,Alm-a Ramp,Surrey,Nova Scotia,H3J 3P2,Canada,1289873970,null@money.com
"",Taylor,471,Central Avenue,Oakville,Manitoba,V8B 1P6,Canada,1300690345,null@Mr.com
Ethan,Wilson,330,Bilton Lane,St. Catharines,Saskatchewan,J9T 3H4,Canada,1067041749,Ethan@case.com
William,Jones,494,Arvida Avenue,Airdrie,Nunavut,K1B 3B2,Canada,891996931,William@room.com
"",Jones,475,Albion Road,Caledon,Prince Edward Island,J0N 0Z3,Canada,385602732,null@home.com
Alexander,Moore,390,Chelsea Lane,Norfolk County,New Brunswick,"V1K 1V0 ",Canada,1093222207,Alexander@way.com
Ethan,,276,Canterbury Close,Norfolk County,Nunavut,J9T 3H4,Canada,1145107811,Ethan@state.com
Jacob,Johnson,420,Cabot Back Lane,Thunder Bay,Prince Edward Island,J9P 1C6,Canada,442120627,Jacob@student.com
James,Thomas,478,Almon Street,Kitchener,Northwest Territories,E5V 3X5,Canada,1046707123,James@case.com
"",Williams,137,Chelton Woods Lane,Guelph,British Columbia,E5V 3X5,Canada,1335605673,null@room.com
Ethan,Thomas,493,Chebucto Road,Moncton,New Brunswick,H0H 3C9,Canada,167678642,Ethan@time.com
Ethan,Anderson,394,Burns Drive,Repentigny,,J9T 3H4,Canada,148252024,Ethan@study.com
Ethan,Thomas,398,Berkshire Close,Sault Ste. Marie,Nunavut,,Canada,240930490,Ethan@case.com
"",Wilson,353,Beech Street,Montreal,Nunavut,H0H 3C9,Canada,147602783,null@government.com
Jacob,Thomas,198,Bilby Street,Prince George,Yukon,H3J 3P2,Canada,589774181,Jacob@business.com
"",Wilson,89,Bristol Place,Fredericton,Alberta,V8B 1P6,Canada,1384105158,null@story.com
William,Wilson,37,Aster Court,Victoria,Northwest Territories,H3J 3P2,Canada,873386952,William@part.com
"",Thomas,452,Campbell Drive,Saint-JÃ©rÃ´me,Saskatchewan,N5C 2J8,Canada,1253725375,null@government.com
Jacob,Williams,157,Ballantrae Lane,Guelph,Newfoundland and Labrador,V8C 0S2,Canada,1100849961,Jacob@lot.com
Mason,Brown,377,Brenton Street,North Vancouver,Prince Edward Island,N8H 2H6,Canada,1252133406,Mason@problem.com
"",Brown,162,Autumn Drive,Clarington,Prince Edward Island,,Canada,909295083,null@problem.com
"",Jones,130,Ashdale Avenue,Barrie,Quebec,E7E 3T7,Canada,116533669,null@family.com
