First Name,Last Name,Street Number,Street,City,Province,Postal Code,Country,Phone Number,email Address
"",Thomas,208,Cardiff Place,Chatham-Kent,Alberta,"B0T 0Y5 ",Canada,480499371,null@program.com
Jacob,Wilson,306,Canterbury Close,Lethbridge,Nunavut,J1S 0R4,Canada,445953902,Jacob@lot.com
Liam,Thomas,498,Alex Street,Kamloops,Alberta,L3V 1Y8,Canada,1370152820,Liam@problem.com
Mason,Jones,277,Belmont On The Arm,Lethbridge,Northwest Territories,J0N 0Z3,Canada,959239229,Mason@fact.com
"",Brown,484,Castlepark Grove,LÃ©vis,New Brunswick,T1L 2H8,Canada,501446156,null@thing.com
Liam,Anderson,181,Buffers Lane,St. Catharines,Nova Scotia,G3E 2K4,Canada,458232409,Liam@right.com
James,Williams,476,Anchor Drive,Oakville,Quebec,T1L 2H8,Canada,1282161710,James@job.com
Liam,,446,Cedarbrae Lane,Richmond,Nova Scotia,E7E 3T7,Canada,585388127,Liam@group.com
Alexander,Moore,343,Battery 18th Road,Oakville,Alberta,L9R 0A0,Canada,627431611,Alexander@study.com
"",Wilson,323,Church Street,Cape Breton,Northwest Territories,L4A 0T0,Canada,521508083,null@world.com
