First Name,Last Name,Street Number,Street,City,Province,Postal Code,Country,Phone Number,email Address
Alexander,Johnson,403,Brewer Court,Greater Sudbury,Alberta,G3E 2K4,Canada,511953102,Alexander@story.com
"",Anderson,372,Albion Road,Coquitlam,Nunavut,K1B 3B2,Canada,154532119,null@place.com
Liam,Jackson,492,Bower Road,Wood Buffalo,Saskatchewan,N5C 2J8,Canada,1117427492,Liam@group.com
Mason,Taylor,270,Bromley Road,Airdrie,Northwest Territories,N8A 0B3,Canada,296338764,Mason@family.com
James,Jackson,346,Alderwood Drive,Halton Hills,Nunavut,L0N 3J2,Canada,483922310,James@Mr.com
Alexander,Anderson,56,Bison Crescent,Nanaimo,Northwest Territories,J0J 3V6,Canada,833776730,Alexander@right.com
"",Moore,141,Alderwood Drive,Sarnia,Northwest Territories,J9P 1C6,Canada,186112432,null@night.com
Ethan,Wilson,30,Anchor Drive,Sherbrooke,Prince Edward Island,L0N 3J2,Canada,893910706,Ethan@group.com
Ethan,Thomas,7,Bedros Lane,Guelph,Manitoba,E4S 3C4,Canada,1149501814,Ethan@question.com
James,Moore,471,Balcomes Drive,Windsor,Prince Edward Island,V8B 1P6,Canada,1293499633,James@fact.com
"",Wilson,363,Breen Avenue,Pickering,Prince Edward Island,L9R 0A0,Canada,997751173,null@null
William,Jones,347,Castlepark Grove,Burlington,New Brunswick,E5V 3X5,Canada,446919402,William@part.com
"",Jackson,465,Clovis Avenue,Victoria,Alberta,E4M 2G2,Canada,380655889,null@fact.com
Alexander,Anderson,374,Bauer Street,Ottawa,British Columbia,N4N 0B9,Canada,334655985,Alexander@state.com
"",Williams,136,Balwearie Lane,Moncton,Quebec,H3J 3P2,Canada,1405639173,null@group.com
Alexander,Jackson,355,Beech Street,Drummondville,Saskatchewan,H0H 3C9,Canada,970269051,Alexander@life.com
Alexander,,41,Bridges Street,Belleville,Prince Edward Island,E5V 3X5,Canada,589715204,Alexander@system.com
William,Jones,362,Bilby Street,Guelph,Alberta,E4S 3C4,Canada,414792956,William@word.com
Ethan,Thomas,427,"Alm-../../view.php?place=Alm-# Ramp, Halifax, ns, CANADA Ramp",Granby,Newfoundland and Labrador,J0N 0Z3,Canada,769775057,Ethan@country.com
"",Jackson,183,Armdale Rotary,Moncton,Newfoundland and Labrador,G6X 2L1,Canada,656788413,null@word.com
Liam,Johnson,479,Brook Street,Markham,Prince Edward Island,N4N 0B9,Canada,334914053,Liam@week.com
James,Miller,246,Balwearie Lane,Fredericton,Prince Edward Island,H9S 1R4,Canada,353928989,James@system.com
James,Williams,452,Bromley Road,Kelowna,Alberta,N5C 2J8,Canada,946579874,James@part.com
William,Williams,429,Cartaret Street,Edmonton,Prince Edward Island,E4S 3C4,Canada,704330884,William@study.com
Liam,Williams,11,Armview Terrace,Quebec City,Prince Edward Island,N4N 0B9,Canada,1018822705,Liam@water.com
"",Moore,64,Berlin Street,Oakville,Alberta,J0N 0Z3,Canada,921973856,null@point.com
William,Davis,438,Ashton Lane,Calgary,Saskatchewan,H3J 3P2,Canada,457098572,William@lot.com
