First Name,Last Name,Street Number,Street,City,Province,Postal Code,Country,Phone Number,email Address
Liam,Johnson,167,Briar Lane,Red Deer,New Brunswick,"L4A 0T3 ",Canada,173420834,Liam@day.com
"",Williams,183,Alm-a Ramp,Milton,Newfoundland and Labrador,J9P 1C6,Canada,311734597,null@program.com
James,Anderson,388,Central Avenue,Saint-Jean-sur-Richelieu,Newfoundland and Labrador,J9P 1C6,Canada,300136227,James@word.com
"",Moore,304,Centre Gate,Quebec City,,K1B 3B2,Canada,204444685,null@thing.com
"",Davis,100,Artillery Place,Saint-Hyacinthe,Quebec,K1B 3B2,Canada,165656891,null@student.com
James,Thomas,496,Beechwood Terrace,Port Coquitlam,Alberta,L3V 1Y8,Canada,1013172841,James@home.com
"",Taylor,291,Bobolink Street,Waterloo,Saskatchewan,J1S 0R4,Canada,272086252,null@study.com
Alexander,Brown,321,Castlepark Grove,Coquitlam,Nunavut,J9T 3H4,Canada,1283217199,Alexander@number.com
Liam,Anderson,309,Blowers Street,Kawartha Lakes,Manitoba,H9S 1R4,Canada,1291080478,Liam@study.com
William,Moore,306,Agricola Street,Port Coquitlam,Prince Edward Island,J9P 1C6,Canada,574492127,William@day.com
William,Anderson,338,Battery 18th Road,Ajax,Yukon,H9S 1R4,Canada,443788800,William@country.com
Jacob,Wilson,448,Beachstone Drive,Peterborough,Northwest Territories,B2E 0X4,Canada,547749059,Jacob@country.com
William,Jackson,77,Berlin Street,Kelowna,Prince Edward Island,J9T 3H4,Canada,572384224,William@month.com
James,,485,Clayton Park Drive,Saskatoon,Yukon,H3J 3P2,Canada,434458181,James@room.com
Liam,Jones,224,Cherry Lane,Surrey,Prince Edward Island,"V1K 1V0 ",Canada,619220299,Liam@work.com
James,,479,Cambridge Street,Saint-JÃ©rÃ´me,Alberta,J0N 0Z3,Canada,532890272,James@week.com
Jacob,Jackson,365,Bryden Avenue,Kingston,New Brunswick,N8H 2H6,Canada,204562229,Jacob@hand.com
Alexander,Taylor,259,Armshore Drive,Longueuil,Nova Scotia,H9S 1R4,Canada,439416426,Alexander@part.com
James,Anderson,148,Albert Street,Kelowna,Newfoundland and Labrador,E4S 3C4,Canada,146634064,James@school.com
Ethan,Taylor,369,Bristol Place,Richmond Hill,Alberta,J0J 3V6,Canada,770890407,Ethan@system.com
