First Name,Last Name,Street Number,Street,City,Province,Postal Code,Country,Phone Number,email Address
Jacob,Williams,392,Apollo Court,Caledon,Newfoundland and Labrador,J9P 1C6,Canada,105131038,Jacob@place.com
"",Miller,233,Albion Road,Red Deer,Northwest Territories,N8H 2H6,Canada,1196109983,null@night.com
Ethan,,125,Berts Drive,New Westminster,Newfoundland and Labrador,B3V 2V1,Canada,541492213,Ethan@night.com
"",Wilson,118,Berkshire Close,Trois-RiviÃ¨res,Alberta,J0J 3V6,Canada,1044061886,null@student.com
"",Wilson,375,Banbury Close,Belleville,Alberta,K1B 3B2,Canada,185050865,null@job.com
"",Brown,55,Agricola Street,Brantford,Prince Edward Island,J0J 3V6,Canada,1334691736,null@world.com
Liam,Wilson,296,Chain Rock Drive,Trois-RiviÃ¨res,Nunavut,L4A 0T0,Canada,434292178,Liam@woman.com
Liam,Jones,135,Ahern Avenue,Moncton,New Brunswick,N8A 0B3,Canada,804017564,Liam@right.com
William,Williams,281,Charlton Avenue,Moncton,Prince Edward Island,E5V 3X5,Canada,143810884,William@lot.com
"",,366,Blenheim Terrace,Saguenay,Alberta,E5V 3X5,Canada,1096646623,null@thing.com
Mason,Williams,57,Battery Drive,Surrey,Northwest Territories,,Canada,711284632,Mason@school.com
Mason,Williams,430,Alm-e Ramp,Halton Hills,New Brunswick,N8H 2H6,Canada,1022796142,Mason@book.com
"",Brown,436,Cartaret Street,Blainville,Saskatchewan,L0N 3J2,Canada,1279959208,null@hand.com
"",Williams,354,Armada Drive,Pickering,Prince Edward Island,K1B 3B2,Canada,103644040,null@country.com
Liam,Thomas,15,Charlton Avenue,Drummondville,British Columbia,J0J 3V6,Canada,729937459,Liam@thing.com
James,Williams,356,Ashdale Avenue,Oshawa,Newfoundland and Labrador,G3E 2K4,Canada,1070285702,James@home.com
"",Wilson,81,Castine Way,Grande Prairie,Prince Edward Island,J9T 3H4,Canada,986551880,null@program.com
Alexander,Johnson,103,Amberwood Court,Cape Breton,Northwest Territories,J0J 3V6,Canada,267650210,Alexander@room.com
"",Thomas,282,Adelaide Avenue,Repentigny,Yukon,E4M 2G2,Canada,890119631,null@school.com
Jacob,Jones,119,Albemarle Street,Cape Breton,Saskatchewan,H9S 1R4,Canada,1193821865,Jacob@week.com
Ethan,Thomas,481,Apollo Court,Milton,,G3E 2K4,Canada,591098185,Ethan@eye.com
"",Williams,74,Armview Avenue,Aurora,New Brunswick,H3J 3P2,Canada,1370626077,null@student.com
William,Anderson,283,Altavista Lane,Maple Ridge,Nova Scotia,K1B 3B2,Canada,604415817,William@Mr.com
Liam,Jones,363,Birchview Drive,Moncton,Alberta,E7E 3T7,Canada,1124591919,Liam@water.com
William,Jackson,388,Bedford Row,Cape Breton,Alberta,N5C 2J8,Canada,1318354692,William@month.com
Ethan,Jones,218,Braemount Drive,Kawartha Lakes,Newfoundland and Labrador,E5V 3X5,Canada,1382904389,Ethan@people.com
Jacob,Miller,441,Auburn Avenue,Blainville,Northwest Territories,G0H 2P3,Canada,286697523,Jacob@night.com
"",Anderson,311,Bridges Street,Trois-RiviÃ¨res,Alberta,B2E 0X4,Canada,186209382,null@place.com
"",,243,Brockhurst Close,Caledon,Newfoundland and Labrador,L0N 3J2,Canada,929812283,null@job.com
Ethan,Williams,372,Albion Road,Halifax,Quebec,J1S 0R4,Canada,758758764,Ethan@problem.com
"",Brown,176,Beachstone Drive,Quebec City,Alberta,B3V 2V1,Canada,1373009024,null@business.com
Ethan,Thomas,481,Claymore Avenue,Mississauga,New Brunswick,E4M 2G2,Canada,1268376698,Ethan@state.com
"",Moore,154,Clayton Park Drive,Waterloo,Nunavut,,Canada,1241824645,null@man.com
Liam,Anderson,219,Cabot Place,Abbotsford,Nunavut,L0N 3J2,Canada,1297409720,Liam@word.com
Ethan,Jackson,422,Bridges Street,Chatham-Kent,Newfoundland and Labrador,E5V 3X5,Canada,824042204,Ethan@thing.com
James,Williams,212,Cabot Back Lane,Brantford,New Brunswick,"V1K 1V0 ",Canada,893718015,James@woman.com
Mason,Jones,420,Cambridge Street,Oshawa,Prince Edward Island,J0N 0Z3,Canada,103354598,Mason@day.com
