First Name,Last Name,Street Number,Street,City,Province,Postal Code,Country,Phone Number,email Address
Alexander,Thomas,455,Bison Crescent,Surrey,Saskatchewan,G6X 2L1,Canada,1168943196,Alexander@group.com
Liam,Wilson,98,Charlotte Lane,Airdrie,Prince Edward Island,V8B 1P6,Canada,464439583,Liam@word.com
Ethan,,344,Birch Cove Lane,Richmond,Nunavut,J9P 1C6,Canada,961356579,Ethan@day.com
Ethan,,20,Bluestone Road,Sault Ste. Marie,Alberta,N4N 0B9,Canada,1409830059,Ethan@day.com
Jacob,Jackson,493,Bright Street,Red Deer,Northwest Territories,H9S 1R4,Canada,330660306,Jacob@place.com
Mason,Brown,320,Castlepark Grove,Fredericton,Northwest Territories,B3V 2V1,Canada,769334893,Mason@word.com
"",Williams,91,Chestnut Street,Delta,British Columbia,G3H 0B4,Canada,1102944447,null@number.com
Mason,Jones,346,Alm-e Ramp,Saskatoon,Prince Edward Island,,Canada,688590972,Mason@month.com
"",Jackson,263,Aikens Avenue,Cape Breton,Alberta,E7E 3T7,Canada,122590250,null@place.com
"",Thomas,100,Carnation Crescent,Fredericton,Alberta,H0H 3C9,Canada,1176576188,null@case.com
Mason,Jones,59,Chessvale Close,Airdrie,Alberta,"V1K 1V0 ",Canada,1305118195,Mason@world.com
Mason,Thomas,424,Aurora Avenue,Aurora,New Brunswick,J0J 3V6,Canada,321648469,Mason@group.com
"",Jackson,21,Bauer Street,Belleville,New Brunswick,N8H 2H6,Canada,374114737,null@fact.com
James,Davis,393,Alma Crescent,Nanaimo,Prince Edward Island,H9S 1R4,Canada,263830535,James@government.com
Liam,Taylor,291,Braemount Drive,Vancouver,Prince Edward Island,E7E 3T7,Canada,546391219,Liam@story.com
Liam,Williams,198,Arvida Avenue,Milton,Quebec,L9R 0A0,Canada,608430601,Liam@hand.com
"",Jackson,455,Birches Drive,Kawartha Lakes,Nunavut,N4N 0B9,Canada,1299794770,null@people.com
Ethan,Thomas,482,Armstrong Court,Whitby,Newfoundland and Labrador,L4A 0T0,Canada,629467999,Ethan@question.com
William,Taylor,157,Bobolink Street,Sarnia,Quebec,,Canada,1095525200,William@program.com
Liam,Anderson,88,Autumn Drive,Wood Buffalo,Nova Scotia,L4A 0T0,Canada,619144952,Liam@program.com
Jacob,Williams,351,Chebucto Lane,Newmarket,Yukon,N5C 2J8,Canada,1203819781,Jacob@study.com
William,Jackson,253,Cartaret Street,Whitby,Nova Scotia,"L4A 0T3 ",Canada,1076562080,William@thing.com
James,Jones,397,Cartaret Street,Thunder Bay,Nunavut,V8B 1P6,Canada,1141217566,James@Mr.com
Liam,Brown,167,Cambridge Street,Pickering,Newfoundland and Labrador,N8H 2H6,Canada,1085234455,Liam@point.com
Jacob,Thomas,107,Atlantic Street,Moncton,Nova Scotia,J1S 0R4,Canada,1144591846,Jacob@right.com
Jacob,,204,Arlington Avenue,Cape Breton,Saskatchewan,J1S 0R4,Canada,217710646,Jacob@group.com
William,Brown,438,Bald Eagle Place,Cape Breton,Yukon,J1S 0R4,Canada,1299605472,William@mother.com
Ethan,Jones,40,Cardiff Place,,Newfoundland and Labrador,G6X 2L1,Canada,1345265774,Ethan@world.com
"",Miller,3,Birchview Drive,Terrebonne,New Brunswick,N8H 2H6,Canada,839491867,null@null
Jacob,Moore,37,Bond Street,North Vancouver,Alberta,L4A 0T0,Canada,1365947909,Jacob@problem.com
James,Jackson,468,Chartwell Lane,Oshawa,Prince Edward Island,V8C 0S2,Canada,318638887,James@mother.com
Liam,Davis,340,Camelot Lane,Saguenay,Nunavut,N5C 2J8,Canada,1005142029,Liam@thing.com
Ethan,Moore,333,Chelsea Lane,Saskatoon,Nunavut,G3E 2K4,Canada,666952376,Ethan@mother.com
Liam,Taylor,162,Blue Thistle Road,Saint-Jean-sur-Richelieu,Nunavut,E7E 3T7,Canada,480391224,Liam@day.com
"",Davis,128,Camelot Lane,New Westminster,British Columbia,G3E 2K4,Canada,483156050,null@month.com
