First Name,Last Name,Street Number,Street,City,Province,Postal Code,Country,Phone Number,email Address
"",Jones,53,Battery Drive,Blainville,Alberta,G3E 2K4,Canada,727647365,null@case.com
Mason,Thomas,93,Central Avenue,Pickering,Nunavut,L3V 1Y8,Canada,806940918,Mason@world.com
Liam,Moore,91,Belmont On The Arm,Saint John,Yukon,V8B 1P6,Canada,289652508,Liam@business.com
William,Anderson,324,Acorn Road,Aurora,Manitoba,G6X 2L1,Canada,442716255,William@question.com
William,,21,Blowers Street,Sault Ste. Marie,Nunavut,L4A 0T0,Canada,718074103,William@people.com
"",Jones,272,Birchwood Drive,London,Quebec,E7E 3T7,Canada,1257349533,null@point.com
"",Jackson,350,Cairnwell Close,Laval,Nunavut,H0H 3C9,Canada,1284298222,null@people.com
Ethan,Taylor,471,Bridges Street,North Vancouver,New Brunswick,H0H 3C9,Canada,173628920,Ethan@week.com
Jacob,Anderson,328,Albert Street,Fredericton,Prince Edward Island,N4N 0B9,Canada,955327751,Jacob@work.com
William,Williams,73,Avon Crescent,Cape Breton,Prince Edward Island,T1L 2H8,Canada,755889549,William@system.com
