First Name,Last Name,Street Number,Street,City,Province,Postal Code,Country,Phone Number,email Address
William,Anderson,54,Charlotte Lane,Saguenay,British Columbia,L0N 3J2,Canada,349281036,William@group.com
"",Williams,285,Balcomes Drive,Saint John,British Columbia,E4S 3C4,Canada,422309971,null@null
Ethan,Jackson,57,Cavendish Road,Mirabel,Yukon,H0H 3C9,Canada,397929607,Ethan@case.com
Liam,Taylor,53,Cabot Street,Drummondville,Nunavut,G3E 2K4,Canada,988218257,Liam@mother.com
Alexander,Thomas,151,Aikens Avenue,Greater Sudbury,Yukon,K1B 3B2,Canada,487467192,Alexander@child.com
"",Brown,395,Blue Willow Court,Moncton,Alberta,N8H 2H6,Canada,1209670853,null@study.com
James,Jones,276,Chain Lake Drive,Trois-RiviÃ¨res,Nunavut,B3V 2V1,Canada,401584128,James@problem.com
Mason,Thomas,37,Brighton Avenue,Ottawa,Quebec,J9P 1C6,Canada,236939647,Mason@government.com
Ethan,Jackson,48,Binney Street,Granby,Yukon,J9P 1C6,Canada,278931229,Ethan@man.com
William,Davis,14,Bloomfield Street,Victoria,Newfoundland and Labrador,,Canada,117734747,William@money.com
William,Moore,343,Barclay Avenue,Halton Hills,Prince Edward Island,L3V 1Y8,Canada,872302029,William@year.com
Jacob,Davis,366,Caxton Close,Aurora,Prince Edward Island,N5C 2J8,Canada,152820704,Jacob@government.com
Alexander,Davis,300,Bedros Lane,Drummondville,Nunavut,J9P 1C6,Canada,1235250204,Alexander@family.com
"",Jackson,467,Camelot Lane,Cape Breton,Yukon,N4N 0B9,Canada,681539185,null@program.com
Jacob,Anderson,232,Chester Avenue,Mississauga,Northwest Territories,N8H 2H6,Canada,1157805887,Jacob@place.com
"",,136,Castine Way,Lethbridge,,"V1K 1V0 ",Canada,1404888076,null@job.com
Jacob,Miller,186,Aster Court,Calgary,New Brunswick,K1B 3B2,Canada,915844427,Jacob@problem.com
Ethan,Williams,300,Caxton Close,Prince George,Northwest Territories,"B0T 0Y5 ",Canada,173924897,Ethan@fact.com
Ethan,Jackson,315,,Hamilton,Alberta,N5C 2J8,Canada,1263655326,Ethan@people.com
Jacob,Moore,359,Cabot Place,Kawartha Lakes,Saskatchewan,L3V 1Y8,Canada,828699430,Jacob@school.com
"",Thomas,326,Blenheim Terrace,Abbotsford,Prince Edward Island,"V1K 1V0 ",Canada,1273326603,null@student.com
Alexander,Anderson,239,Black Street,St. John's,Prince Edward Island,K1B 3B2,Canada,1136245221,Alexander@problem.com
"",Jones,175,Briar Place,St. Catharines,Manitoba,"L4A 0T3 ",Canada,1399769172,null@day.com
James,Wilson,221,Benjamin Green Drive,Guelph,Northwest Territories,L9R 0A0,Canada,440386413,James@year.com
Liam,Thomas,275,Bluestone Road,Medicine Hat,Nunavut,"B0T 0Y5 ",Canada,1289050860,Liam@program.com
Mason,Jackson,57,Bedford Row,Barrie,Alberta,"V1K 1V0 ",Canada,1137862944,Mason@people.com
"",,336,Abercrombie Lane,Sarnia,Nunavut,L0N 3J2,Canada,237982353,null@question.com
Ethan,Wilson,398,Bedford Highway Ramp,Gatineau,Nova Scotia,,Canada,1073074358,Ethan@month.com
"",,477,Autumn Drive,Quebec City,Nunavut,G3E 2K4,Canada,1288740398,null@state.com
Liam,Jones,108,Berkshire Close,Calgary,Yukon,"B0T 0Y5 ",Canada,706230485,Liam@group.com
"",Wilson,93,Bronson Avenue,Kamloops,Newfoundland and Labrador,H0H 3C9,Canada,192079176,null@case.com
Jacob,Williams,9,Buddy Daye Street,Welland,Manitoba,E5V 3X5,Canada,796073944,Jacob@day.com
William,Williams,195,Armview Terrace,Cape Breton,Nova Scotia,"B0T 0Y5 ",Canada,877882648,William@school.com
"",Anderson,382,Clayder Lane,Saint-JÃ©rÃ´me,Prince Edward Island,L0N 3J2,Canada,319201180,null@student.com
James,Jones,304,Anchor Drive,Chatham-Kent,New Brunswick,"V1K 1V0 ",Canada,1302692010,James@null
"",Jackson,138,Arvida Avenue,Whitby,New Brunswick,N8H 2H6,Canada,1286514963,null@money.com
Mason,Brown,269,Ballantrae Lane,Mississauga,Prince Edward Island,N4N 0B9,Canada,1045809828,Mason@room.com
Mason,Anderson,138,Birch Cove Lane,Newmarket,New Brunswick,N5C 2J8,Canada,816398420,Mason@problem.com
"",Wilson,116,Aikenhead Road,Vancouver,Alberta,J0N 0Z3,Canada,269257891,null@room.com
