First Name,Last Name,Street Number,Street,City,Province,Postal Code,Country,Phone Number,email Address
Liam,Wilson,490,Alm-b Ramp,Kamloops,Yukon,G3E 2K4,Canada,268230071,Liam@country.com
Mason,Jones,210,Armada Drive,LÃ©vis,Newfoundland and Labrador,G6X 2L1,Canada,379067222,Mason@place.com
Liam,Davis,299,Albion Road,Laval,Northwest Territories,H3J 3P2,Canada,100426234,Liam@number.com
Liam,Williams,30,Ardwell Avenue,Sault Ste. Marie,Newfoundland and Labrador,J0N 0Z3,Canada,989982472,Liam@student.com
Jacob,Johnson,14,Canterbury Close,Richmond Hill,Prince Edward Island,E4S 3C4,Canada,239716040,Jacob@fact.com
Liam,Wilson,370,Brigadier Court,Guelph,Northwest Territories,G3E 2K4,Canada,660813258,Liam@world.com
Ethan,Wilson,79,Barkton Lane,Thunder Bay,Nunavut,N5C 2J8,Canada,832138863,Ethan@question.com
Jacob,Jones,209,Bliss Street,Belleville,Nunavut,J0J 3V6,Canada,926248371,Jacob@day.com
Liam,Thomas,270,Armoury Place,Belleville,Northwest Territories,"L4A 0T3 ",Canada,859194895,Liam@hand.com
"",Davis,112,Bower Road,Sarnia,Prince Edward Island,L3V 1Y8,Canada,596821308,null@case.com
James,Williams,424,Berts Drive,Strathcona County,Newfoundland and Labrador,L4A 0T0,Canada,133203361,James@money.com
Ethan,Williams,485,Barracks Drive,Maple Ridge,Nova Scotia,G3H 0B4,Canada,699405936,Ethan@country.com
Liam,Thomas,214,Bliss Street,Oshawa,Yukon,E5V 3X5,Canada,1239173297,Liam@money.com
"",Jackson,146,Aster Court,Grande Prairie,Nunavut,L0N 3J2,Canada,184455508,null@night.com
Ethan,Miller,405,Annandale Street,Burnaby,,V8B 1P6,Canada,133379005,Ethan@book.com
Mason,Davis,27,Brycedale Lane,Pickering,Saskatchewan,,Canada,759726960,Mason@day.com
Jacob,Moore,114,Ash Lake Court,Medicine Hat,Nunavut,G3H 0B4,Canada,1330813963,Jacob@man.com
Ethan,Jackson,455,Artz Street,Chilliwack,Newfoundland and Labrador,G0H 2P3,Canada,1332764298,Ethan@child.com
Jacob,Jones,40,Aikens Avenue,Sault Ste. Marie,Alberta,"B0T 0Y5 ",Canada,325508695,Jacob@system.com
Jacob,,185,Chocolate Lake Road,Montreal,New Brunswick,E5V 3X5,Canada,1032687740,Jacob@business.com
"",Thomas,267,Blue Jay Street,Moncton,Alberta,E7E 3T7,Canada,533563846,null@program.com
Ethan,Williams,49,Brewer Court,Regina,Northwest Territories,E4M 2G2,Canada,487346223,Ethan@country.com
James,Wilson,471,Andrew Street,Blainville,Prince Edward Island,N8H 2H6,Canada,757766501,James@book.com
Alexander,Jones,222,Basinview Drive,Sarnia,,G0H 2P3,Canada,1118908813,Alexander@water.com
Ethan,Jackson,153,Albemarle Street,North Vancouver,Northwest Territories,V8B 1P6,Canada,1108857507,Ethan@question.com
Alexander,Moore,262,Brook Street,Kitchener,Nunavut,J9T 3H4,Canada,1115226001,Alexander@government.com
Ethan,Moore,228,Black Street,Blainville,Prince Edward Island,V8B 1P6,Canada,1076897133,Ethan@company.com
