First Name,Last Name,Street Number,Street,City,Province,Postal Code,Country,Phone Number,email Address
Jacob,Jones,487,Ardwell Avenue,Saint John,Manitoba,N5C 2J8,Canada,973964605,Jacob@child.com
James,Jackson,80,Chelsea Lane,Norfolk County,Prince Edward Island,L4A 0T0,Canada,938065078,James@right.com
James,Miller,417,Annandale Street,Langley,Prince Edward Island,G3E 2K4,Canada,629950422,James@time.com
"",Jones,385,Aukland Place,Oshawa,,V8B 1P6,Canada,751187427,null@hand.com
Jacob,Williams,14,Albion Road,Welland,,E4M 2G2,Canada,1257859289,Jacob@family.com
