First Name,Last Name,Street Number,Street,City,Province,Postal Code,Country,Phone Number,email Address
Liam,Wilson,144,Bedford Windsor Ramp,Waterloo,British Columbia,H3J 3P2,Canada,592986509,Liam@mother.com
Mason,Anderson,81,Bishop Street,St. Albert,Northwest Territories,L4A 0T0,Canada,302083043,Mason@government.com
James,Taylor,57,Blink Bonnie Terrace,Terrebonne,Nunavut,L9R 0A0,Canada,265881204,James@program.com
Ethan,Wilson,12,Alex Street,Moncton,Northwest Territories,"L4A 0T3 ",Canada,192177922,Ethan@hand.com
Jacob,Davis,344,Bower Road,Maple Ridge,Prince Edward Island,J0J 3V6,Canada,126598513,Jacob@company.com
William,Williams,311,Abbott Drive,Surrey,Northwest Territories,"L4A 0T3 ",Canada,1155886770,William@student.com
"",Wilson,489,Bayers Road,Ajax,Prince Edward Island,E4M 2G2,Canada,721109536,null@number.com
Ethan,Brown,272,Chipstone Close,North Vancouver,Prince Edward Island,V8B 1P6,Canada,773279972,Ethan@point.com
William,Davis,36,Anchor Drive,Lethbridge,Alberta,L4A 0T0,Canada,722667206,William@right.com
"",Thomas,271,Armview Terrace,Strathcona County,Quebec,N5C 2J8,Canada,1064374510,null@people.com
James,,319,Africville Road,Saguenay,Alberta,E4S 3C4,Canada,513913002,James@company.com
Ethan,Williams,312,Banbury Close,Burlington,Saskatchewan,"L4A 0T3 ",Canada,209816468,Ethan@null
Liam,Williams,284,Cairnwell Close,Oshawa,Newfoundland and Labrador,E7E 3T7,Canada,451129886,Liam@business.com
James,Miller,82,Cabot Back Lane,Brampton,Prince Edward Island,N5C 2J8,Canada,1109989931,James@book.com
"",Williams,26,Bell Road,Medicine Hat,Prince Edward Island,G3H 0B4,Canada,723644013,null@night.com
Liam,Brown,228,Cavendish Road,Port Coquitlam,Alberta,H9S 1R4,Canada,883006570,Liam@book.com
Alexander,Thomas,396,Bright Place,Medicine Hat,New Brunswick,"B0T 0Y5 ",Canada,851436025,Alexander@program.com
"",Brown,78,Carlina Court,Trois-RiviÃ¨res,Newfoundland and Labrador,L9R 0A0,Canada,657766939,null@case.com
William,Johnson,494,Auburn Avenue,Winnipeg,Newfoundland and Labrador,L0N 3J2,Canada,499527829,William@week.com
"",Taylor,21,Clearview Street,Sault Ste. Marie,Prince Edward Island,L4A 0T0,Canada,1315641518,null@null
William,Johnson,232,Carrington Place,Saint-Hyacinthe,Quebec,H9S 1R4,Canada,1077521407,William@world.com
Ethan,Johnson,209,Acorn Road,Mirabel,Saskatchewan,B3V 2V1,Canada,489524828,Ethan@program.com
Mason,Wilson,479,Bedros Lane,Cape Breton,Nunavut,"V1K 1V0 ",Canada,1194969378,Mason@null
William,Johnson,387,Charles Street,Saguenay,Newfoundland and Labrador,J1S 0R4,Canada,862305964,William@student.com
Mason,Wilson,496,Arlington Avenue,Quebec City,Prince Edward Island,L0N 3J2,Canada,500749597,Mason@eye.com
"",Jones,119,Brunswick Street,Vancouver,New Brunswick,L9R 0A0,Canada,875747440,null@family.com
"",,311,Birchview Drive,Cape Breton,Nova Scotia,E7E 3T7,Canada,776486339,null@Mr.com
Jacob,Thomas,15,Adelaide Avenue,Welland,Alberta,K1B 3B2,Canada,1205277341,Jacob@government.com
William,Anderson,347,Chelton Woods Lane,Peterborough,Alberta,V8C 0S2,Canada,539962210,William@government.com
"",Jones,243,Berlin Street,Thunder Bay,New Brunswick,H9S 1R4,Canada,1207390731,null@point.com
"",Miller,248,Bridget Avenue,St. John's,Nova Scotia,E7E 3T7,Canada,1327155713,null@business.com
Liam,,105,Agricola Street,Prince George,Alberta,"B0T 0Y5 ",Canada,1013600840,Liam@year.com
Liam,Johnson,25,Auburn Avenue,North Bay,Northwest Territories,V8C 0S2,Canada,116247240,Liam@school.com
"",,230,Belmont Road,Port Coquitlam,New Brunswick,J9P 1C6,Canada,347413124,null@word.com
Ethan,Williams,372,Bedford Highway Ramp,Kitchener,Nunavut,N4N 0B9,Canada,442833077,Ethan@lot.com
Liam,Johnson,129,Camelot Lane,Cape Breton,Prince Edward Island,V8B 1P6,Canada,400878266,Liam@work.com
Jacob,Anderson,405,Claymore Avenue,Norfolk County,British Columbia,B3V 2V1,Canada,1401931374,Jacob@world.com
