First Name,Last Name,Street Number,Street,City,Province,Postal Code,Country,Phone Number,email Address
"",Johnson,158,Beresford Road,North Vancouver,Alberta,L0N 3J2,Canada,448873143,null@money.com
"",Moore,137,Chipstone Close,Fredericton,New Brunswick,L0N 3J2,Canada,189384630,null@book.com
Mason,Taylor,157,Abercrombie Lane,Mississauga,Nunavut,J1S 0R4,Canada,394964588,Mason@way.com
"",Wilson,415,Armview Avenue,Trois-RiviÃ¨res,Prince Edward Island,,Canada,265930054,null@story.com
James,Thomas,14,Bayne St Ramp,Maple Ridge,Nova Scotia,L4A 0T0,Canada,340653755,James@time.com
Alexander,Jackson,166,Chestnut Street,Windsor,Nunavut,N5C 2J8,Canada,897839565,Alexander@month.com
William,Wilson,262,Clovis Avenue,Waterloo,Newfoundland and Labrador,B2E 0X4,Canada,1071513710,William@student.com
Ethan,Anderson,420,Alderwood Drive,Red Deer,Newfoundland and Labrador,B3V 2V1,Canada,431197348,Ethan@right.com
Alexander,Thomas,89,Benalder Lane,Brantford,Newfoundland and Labrador,L0N 3J2,Canada,1149714447,Alexander@hand.com
Ethan,Jones,221,Chebucto Road,St. Catharines,Saskatchewan,H3J 3P2,Canada,1376546002,Ethan@study.com
Mason,Thomas,3,Beresford Road,London,New Brunswick,G6X 2L1,Canada,297675445,Mason@mother.com
Mason,,458,Braeside Lane,Ajax,Prince Edward Island,N4N 0B9,Canada,1069246434,Mason@day.com
Jacob,Anderson,315,Albert Street,Ottawa,Northwest Territories,K1B 3B2,Canada,911799327,Jacob@fact.com
Mason,,286,Auburn Avenue,Cape Breton,Prince Edward Island,J0N 0Z3,Canada,979718661,Mason@business.com
James,Williams,366,Basinview Drive,Brampton,Prince Edward Island,L4A 0T0,Canada,683833857,James@place.com
William,Taylor,457,Acadia Street,Mirabel,Quebec,"L4A 0T3 ",Canada,814451851,William@home.com
Alexander,Jackson,307,Ahern Avenue,Laval,Northwest Territories,J1S 0R4,Canada,494378125,Alexander@family.com
Mason,Moore,146,Castlepark Grove,Drummondville,Nunavut,,Canada,826585897,Mason@business.com
Ethan,Jones,321,Argyle Street,Victoria,Manitoba,E7E 3T7,Canada,294135168,Ethan@right.com
Alexander,Jones,386,Clayton Park Drive,Coquitlam,Nunavut,L4A 0T0,Canada,1123184948,Alexander@eye.com
Liam,Johnson,122,Ahern Avenue,Lethbridge,Alberta,"L4A 0T3 ",Canada,484005714,Liam@time.com
Liam,Anderson,162,Alm-a Ramp,St. Catharines,Nunavut,V8B 1P6,Canada,1078788715,Liam@null
Alexander,Jones,351,Albert Place,Milton,Yukon,J9P 1C6,Canada,807482911,Alexander@problem.com
Liam,Wilson,473,Cherry Lane,Hamilton,Nova Scotia,"B0T 0Y5 ",Canada,1081919320,Liam@world.com
James,Johnson,259,"Alm-../../view.php?place=Alm-# Ramp, Halifax, ns, CANADA Ramp",North Vancouver,Prince Edward Island,H0H 3C9,Canada,1038346342,James@question.com
William,Thomas,460,Armcrescent East Drive,Pickering,Northwest Territories,J9T 3H4,Canada,245133294,William@family.com
Alexander,Moore,168,Belmont On The Arm,Red Deer,Nunavut,H3J 3P2,Canada,566675384,Alexander@country.com
Ethan,Brown,64,Artillery Place,Brossard,Newfoundland and Labrador,J0J 3V6,Canada,1082301400,Ethan@program.com
Alexander,Davis,129,Brycedale Lane,Burlington,Alberta,N4N 0B9,Canada,372727130,Alexander@question.com
"",Jones,366,Bliss Street,Lethbridge,Manitoba,K1B 3B2,Canada,1129790319,null@way.com
William,Anderson,205,Brycedale Lane,Saskatoon,Alberta,N8H 2H6,Canada,1389021473,William@student.com
Jacob,Thomas,144,Borden Street,Strathcona County,Quebec,N5C 2J8,Canada,547818262,Jacob@year.com
Jacob,,211,Anchor Drive,Quebec City,Nova Scotia,V8B 1P6,Canada,990354334,Jacob@way.com
Alexander,Moore,296,Charlotte Lane,New Westminster,Prince Edward Island,L3V 1Y8,Canada,311071578,Alexander@job.com
Jacob,Wilson,197,Bilton Lane,Winnipeg,Alberta,G0H 2P3,Canada,1059860593,Jacob@study.com
Ethan,,196,Bloomingdale Terrace,Laval,Nova Scotia,H0H 3C9,Canada,1274282103,Ethan@school.com
"",Brown,233,Aurora Avenue,Cape Breton,Saskatchewan,"L4A 0T3 ",Canada,870204954,null@year.com
"",Wilson,320,Cedar Street,North Vancouver,Alberta,G6X 2L1,Canada,1140026389,null@part.com
Liam,Johnson,249,Buffers Lane,Grande Prairie,New Brunswick,H3J 3P2,Canada,228618036,Liam@lot.com
"",Jones,5,Clayton Park Drive,Richmond Hill,Quebec,"L4A 0T3 ",Canada,793276758,null@time.com
