First Name,Last Name,Street Number,Street,City,Province,Postal Code,Country,Phone Number,email Address
Jacob,Anderson,57,Ahern Avenue,Red Deer,,,Canada,153201629,Jacob@study.com
Ethan,Miller,193,Admirals Way,Whitby,Prince Edward Island,"V1K 1V0 ",Canada,1283408875,Ethan@case.com
"",Davis,489,Blue Jay Street,Port Coquitlam,Yukon,J0N 0Z3,Canada,1168595559,null@question.com
"",Johnson,245,Cavendish Road,Belleville,Newfoundland and Labrador,N4N 0B9,Canada,394587478,null@lot.com
Alexander,Davis,65,Balwearie Lane,Waterloo,Quebec,G6X 2L1,Canada,144510398,Alexander@part.com
James,Davis,282,Central Avenue,St. John's,Quebec,,Canada,407761304,James@school.com
James,,174,Cloverdale Road,Saint-Hyacinthe,British Columbia,J9T 3H4,Canada,1278314398,James@fact.com
Jacob,Brown,249,Andrew Street,Longueuil,Prince Edward Island,E5V 3X5,Canada,884262131,Jacob@book.com
Jacob,Johnson,353,Armcrescent East Drive,Red Deer,Nova Scotia,"L4A 0T3 ",Canada,195993893,Jacob@group.com
William,Jackson,100,Berkshire Close,Brossard,Alberta,J0J 3V6,Canada,1165352231,William@right.com
Mason,Miller,257,Blue Willow Court,Kelowna,Newfoundland and Labrador,G6X 2L1,Canada,625774964,Mason@time.com
Ethan,Wilson,188,Cherry Lane,Saanich,Alberta,B2E 0X4,Canada,1339084235,Ethan@number.com
Mason,Anderson,135,Cloverdale Road,Mississauga,Yukon,B3V 2V1,Canada,177345918,Mason@fact.com
William,Anderson,230,Carnation Crescent,Saskatoon,Northwest Territories,N8H 2H6,Canada,486388627,William@company.com
Liam,Williams,165,Aster Court,Port Coquitlam,Northwest Territories,L9R 0A0,Canada,426507379,Liam@question.com
Alexander,Davis,349,Clifton Street,Abbotsford,Nunavut,L4A 0T0,Canada,916092869,Alexander@time.com
James,Jackson,45,Adelaide Avenue,Saint-Hyacinthe,British Columbia,E7E 3T7,Canada,1210083591,James@study.com
Ethan,,233,Black Street,Victoria,Nova Scotia,J0N 0Z3,Canada,746203537,Ethan@program.com
"",Jones,48,Apollo Court,Welland,Nunavut,N4N 0B9,Canada,1405692671,null@lot.com
"",Williams,23,Birch Street,Hamilton,Alberta,E4M 2G2,Canada,1351039776,null@part.com
Mason,Moore,314,Ascot Avenue,Red Deer,Nunavut,N8H 2H6,Canada,745416176,Mason@hand.com
Jacob,Williams,217,Briar Lane,Brossard,British Columbia,B3V 2V1,Canada,1109936062,Jacob@lot.com
William,Anderson,92,Cardiff Place,Calgary,Nunavut,H3J 3P2,Canada,1353507320,William@water.com
Jacob,Thomas,432,Armcrescent East Drive,Norfolk County,Alberta,H3J 3P2,Canada,229888432,Jacob@fact.com
Jacob,Brown,130,Canary Crescent,Airdrie,Northwest Territories,E4S 3C4,Canada,503913742,Jacob@problem.com
Liam,Thomas,358,Bedros Lane,Saint John,Northwest Territories,N4N 0B9,Canada,140765246,Liam@company.com
Ethan,Davis,372,Beechwood Terrace,Whitby,Quebec,N5C 2J8,Canada,655984675,Ethan@word.com
William,Jackson,246,Bilby Street,Kawartha Lakes,Nunavut,"B0T 0Y5 ",Canada,678007282,William@world.com
Jacob,Wilson,258,Cardiff Place,Hamilton,Nunavut,V8C 0S2,Canada,357112980,Jacob@home.com
Ethan,Brown,151,Ashdale Avenue,Grande Prairie,Nunavut,J0J 3V6,Canada,612838414,Ethan@case.com
William,Anderson,189,Athlone Avenue,Prince George,New Brunswick,N8A 0B3,Canada,806754110,William@work.com
William,,89,Beachstone Drive,Ajax,Prince Edward Island,N8H 2H6,Canada,1124594051,William@month.com
Alexander,,362,Alm-a Ramp,Mirabel,Newfoundland and Labrador,L9R 0A0,Canada,324539646,Alexander@country.com
"",Brown,407,Amberwood Court,Fredericton,Newfoundland and Labrador,J9T 3H4,Canada,1164694557,null@hand.com
"",Brown,124,Bellevue Avenue,Airdrie,Northwest Territories,N4N 0B9,Canada,583962898,null@home.com
Jacob,Thomas,100,Alex Street,Sarnia,Nova Scotia,L4A 0T0,Canada,442245748,Jacob@night.com
William,Williams,325,Cambridge Street,Mirabel,Manitoba,E4M 2G2,Canada,957181664,William@home.com
