First Name,Last Name,Street Number,Street,City,Province,Postal Code,Country,Phone Number,email Address
William,Williams,317,Almon Street,Surrey,New Brunswick,B3V 2V1,Canada,1381000239,William@child.com
Alexander,Johnson,371,Blenheim Terrace,Medicine Hat,Nunavut,"V1K 1V0 ",Canada,818663592,Alexander@study.com
Jacob,Wilson,425,Ashton Lane,Surrey,Alberta,"L4A 0T3 ",Canada,1073529749,Jacob@problem.com
Jacob,Wilson,334,Attenborough Court,Niagara Falls,Alberta,"B0T 0Y5 ",Canada,988297421,Jacob@day.com
"",Anderson,197,Africville Road,Chilliwack,Northwest Territories,N4N 0B9,Canada,942727949,null@thing.com
Jacob,Wilson,492,Argyle Street,Surrey,,J9T 3H4,Canada,907470282,Jacob@case.com
Jacob,Jackson,18,Carlina Court,Oshawa,Nunavut,"L4A 0T3 ",Canada,100746336,Jacob@home.com
Ethan,Jackson,341,Carroll Lane,Sault Ste. Marie,Nova Scotia,H9S 1R4,Canada,323769235,Ethan@country.com
"",Miller,208,Caitland Court,Winnipeg,Prince Edward Island,G3H 0B4,Canada,798891382,null@place.com
James,Williams,290,Bellevue Avenue,Moncton,Alberta,T1L 2H8,Canada,1149792354,James@company.com
"",Miller,470,Armoury Place,Sherbrooke,Prince Edward Island,H0H 3C9,Canada,401809995,null@government.com
Jacob,Brown,45,Carnation Crescent,Cape Breton,Manitoba,,Canada,1120227236,Jacob@people.com
William,Williams,153,Basinview Drive,Thunder Bay,New Brunswick,J9P 1C6,Canada,600240860,William@business.com
Alexander,Thomas,481,Annandale Street,Saint-JÃ©rÃ´me,Nunavut,N8H 2H6,Canada,1010003403,Alexander@state.com
Alexander,Jones,155,Cabot Place,Sarnia,Saskatchewan,J0N 0Z3,Canada,106627082,Alexander@man.com
Jacob,Brown,360,Castlepark Grove,Ottawa,Alberta,J1S 0R4,Canada,1214917699,Jacob@fact.com
James,Miller,208,Chelsea Lane,St. Catharines,Manitoba,N8A 0B3,Canada,285999768,James@Mr.com
Mason,Moore,391,Albert Walker Drive,Grande Prairie,Nova Scotia,"B0T 0Y5 ",Canada,1233563334,Mason@null
Liam,Williams,62,Birmingham Street,Trois-RiviÃ¨res,Prince Edward Island,E4M 2G2,Canada,297857848,Liam@month.com
William,Williams,379,Carroll Lane,Niagara Falls,Prince Edward Island,L0N 3J2,Canada,835580287,William@case.com
Ethan,Jackson,232,Adams Avenue,Oshawa,Prince Edward Island,J0N 0Z3,Canada,931044139,Ethan@mother.com
Alexander,Thomas,393,Armstrong Court,Saint-Jean-sur-Richelieu,Prince Edward Island,N8H 2H6,Canada,144602220,Alexander@group.com
William,Thomas,360,Caxton Close,Maple Ridge,Northwest Territories,H9S 1R4,Canada,1266380629,William@fact.com
Ethan,Thomas,158,Brycedale Lane,Saint-Jean-sur-Richelieu,Saskatchewan,G6X 2L1,Canada,315953870,Ethan@mother.com
Jacob,Anderson,312,Boulderwood Road,LÃ©vis,Newfoundland and Labrador,J1S 0R4,Canada,898966131,Jacob@group.com
Mason,Johnson,99,Clinton Avenue,Saint-Hyacinthe,Newfoundland and Labrador,N8H 2H6,Canada,444570852,Mason@time.com
"",Johnson,118,Chisholm Avenue,Waterloo,Prince Edward Island,"B0T 0Y5 ",Canada,364944513,null@job.com
Liam,Wilson,309,Armview Terrace,Clarington,Yukon,T1L 2H8,Canada,1353616779,Liam@point.com
Liam,Davis,342,Aikenhead Road,Sherbrooke,Nova Scotia,J0N 0Z3,Canada,1122436215,Liam@Mr.com
"",Thomas,392,Bright Street,Waterloo,New Brunswick,G3E 2K4,Canada,197922732,null@program.com
Jacob,Williams,377,Brenton Place,Chilliwack,Newfoundland and Labrador,G0H 2P3,Canada,747861979,Jacob@thing.com
William,Williams,337,Brigadier Court,Burnaby,Saskatchewan,"B0T 0Y5 ",Canada,628859528,William@business.com
Ethan,Thomas,304,Banbury Close,Belleville,New Brunswick,E5V 3X5,Canada,167577265,Ethan@program.com
Liam,Jones,40,Chain Lake Drive,St. Catharines,Newfoundland and Labrador,L0N 3J2,Canada,813689682,Liam@part.com
