First Name,Last Name,Street Number,Street,City,Province,Postal Code,Country,Phone Number,email Address
"",Thomas,407,Brodick Lane,Burnaby,Nova Scotia,G3H 0B4,Canada,309069192,null@home.com
Ethan,Wilson,263,Cabot Back Lane,Surrey,Nunavut,J9T 3H4,Canada,728422089,Ethan@study.com
"",Johnson,322,Arvida Avenue,Cape Breton,Nunavut,K1B 3B2,Canada,1008710274,null@room.com
"",Taylor,152,Bayview Road,Saint-Jean-sur-Richelieu,Saskatchewan,K1B 3B2,Canada,1114391879,null@word.com
Jacob,Jones,158,Chipstone Close,Drummondville,Newfoundland and Labrador,G0H 2P3,Canada,1185281476,Jacob@child.com
Ethan,Anderson,151,Bedford Row,Clarington,,L4A 0T0,Canada,225894250,Ethan@water.com
Jacob,Anderson,24,Caxton Close,Niagara Falls,Prince Edward Island,H9S 1R4,Canada,1230652546,Jacob@program.com
Ethan,Jackson,357,Bright Place,Kelowna,Alberta,"L4A 0T3 ",Canada,1311569852,Ethan@time.com
