First Name,Last Name,Street Number,Street,City,Province,Postal Code,Country,Phone Number,email Address
"",Johnson,63,Carnation Crescent,Quebec City,Yukon,L9R 0A0,Canada,497799828,null@book.com
Ethan,Taylor,187,Almon Street,Ottawa,Newfoundland and Labrador,H9S 1R4,Canada,1368895261,Ethan@story.com
James,Jackson,492,Brenton Street,Kawartha Lakes,Northwest Territories,"L4A 0T3 ",Canada,182962536,James@money.com
Alexander,Thomas,495,Canterbury Close,Guelph,Nova Scotia,E7E 3T7,Canada,367377703,Alexander@school.com
Mason,Wilson,66,Albert Place,St. Albert,Prince Edward Island,N5C 2J8,Canada,1285518441,Mason@company.com
