First Name,Last Name,Street Number,Street,City,Province,Postal Code,Country,Phone Number,email Address
Mason,Moore,221,Andrew Street,Coquitlam,Newfoundland and Labrador,T1L 2H8,Canada,1331235411,Mason@hand.com
"",Williams,139,Bower Road,Red Deer,Prince Edward Island,E7E 3T7,Canada,850740799,null@day.com
James,Wilson,66,Buffers Lane,Medicine Hat,Nova Scotia,J1S 0R4,Canada,1241841391,James@thing.com
"",Jackson,367,Beachstone Drive,North Vancouver,Prince Edward Island,E4M 2G2,Canada,1309955451,null@right.com
Alexander,Wilson,471,Bluestone Road,Niagara Falls,Manitoba,,Canada,1319156520,Alexander@point.com
Jacob,Anderson,241,Chain Rock Drive,Pickering,Quebec,L4A 0T0,Canada,200007904,Jacob@people.com
Alexander,Brown,106,Beresford Road,Moncton,Prince Edward Island,E4S 3C4,Canada,616948195,Alexander@case.com
"",Williams,393,Africville Road,Calgary,Manitoba,E5V 3X5,Canada,1265289492,null@hand.com
"",Williams,256,Church Street,Grande Prairie,Saskatchewan,H3J 3P2,Canada,981134105,null@study.com
Jacob,Anderson,367,Bilton Lane,Saint John,Alberta,J9P 1C6,Canada,1291980186,Jacob@case.com
"",,386,Bishop Street,Drummondville,Nunavut,K1B 3B2,Canada,559082035,null@woman.com
Alexander,Thomas,170,Charles Street,Ottawa,Saskatchewan,E7E 3T7,Canada,1302866734,Alexander@month.com
"",Moore,322,Albemarle Street,Caledon,British Columbia,K1B 3B2,Canada,328484183,null@business.com
Alexander,Moore,340,Castine Way,Fredericton,Northwest Territories,L4A 0T0,Canada,520161258,Alexander@country.com
William,Taylor,369,Canary Crescent,Fredericton,British Columbia,N5C 2J8,Canada,138983257,William@eye.com
Ethan,Miller,118,Bakers Drive,North Vancouver,Alberta,E4M 2G2,Canada,695501839,Ethan@people.com
Jacob,Jones,146,Beech Street,Guelph,Northwest Territories,H9S 1R4,Canada,1338861501,Jacob@man.com
"",Williams,374,Black Street,Blainville,New Brunswick,L9R 0A0,Canada,1353544742,null@story.com
Jacob,Moore,161,Blue Willow Court,Fredericton,Newfoundland and Labrador,G6X 2L1,Canada,1032403070,Jacob@family.com
Ethan,,403,Bristol Place,Vancouver,Prince Edward Island,V8B 1P6,Canada,672516763,Ethan@company.com
"",Thomas,461,Bayers Road,Milton,Quebec,L4A 0T0,Canada,616460117,null@work.com
Jacob,Taylor,353,Churchill Drive,Calgary,Prince Edward Island,G3H 0B4,Canada,795894798,Jacob@school.com
James,Brown,74,Brenton Street,Medicine Hat,Northwest Territories,G3E 2K4,Canada,1083363398,James@work.com
"",Anderson,115,Berkshire Close,St. Catharines,Yukon,E4S 3C4,Canada,915928592,null@study.com
"",Moore,171,Adelaide Avenue,Montreal,British Columbia,H3J 3P2,Canada,1097564164,null@day.com
"",Davis,35,Chisholm Avenue,Niagara Falls,New Brunswick,"V1K 1V0 ",Canada,574911627,null@null
Jacob,Jackson,286,Benalder Lane,Surrey,Quebec,J0J 3V6,Canada,1059152915,Jacob@water.com
"",Moore,97,Clayder Lane,Halifax,Northwest Territories,G3H 0B4,Canada,566763124,null@group.com
Alexander,Anderson,468,Beaufort Avenue,Kitchener,Alberta,G0H 2P3,Canada,309495560,Alexander@child.com
"",Jackson,192,Buffers Lane,Repentigny,Saskatchewan,N5C 2J8,Canada,612578448,null@world.com
Liam,Miller,446,Annandale Street,Kitchener,New Brunswick,G6X 2L1,Canada,1139410670,Liam@week.com
