First Name,Last Name,Street Number,Street,City,Province,Postal Code,Country,Phone Number,email Address
Mason,Jackson,425,Amberwood Court,Kelowna,,G0H 2P3,Canada,1075497927,Mason@group.com
Jacob,,432,Arvida Avenue,Cape Breton,Northwest Territories,G3H 0B4,Canada,840455831,Jacob@country.com
Alexander,Wilson,256,Birch Cove Lane,Niagara Falls,Alberta,E4M 2G2,Canada,895806533,Alexander@student.com
"",Johnson,395,Amirault Court,Laval,Saskatchewan,G6X 2L1,Canada,574251455,null@month.com
Mason,Brown,431,Cascade Drive,Kawartha Lakes,Northwest Territories,V8B 1P6,Canada,702310747,Mason@world.com
Alexander,,202,Annandale Street,Peterborough,Nunavut,N4N 0B9,Canada,526434245,Alexander@school.com
Alexander,Wilson,240,Chelsea Lane,Waterloo,New Brunswick,N8H 2H6,Canada,139856257,Alexander@year.com
James,Moore,375,Apollo Court,St. Catharines,Nunavut,V8C 0S2,Canada,305094345,James@number.com
