First Name,Last Name,Street Number,Street,City,Province,Postal Code,Country,Phone Number,email Address
William,Williams,459,Chain Rock Drive,Saint John,Newfoundland and Labrador,B2E 0X4,Canada,593826592,William@Mr.com
William,,110,Brighton Avenue,Strathcona County,Alberta,,Canada,439172086,William@part.com
Ethan,Williams,256,Bald Eagle Place,Trois-RiviÃ¨res,Prince Edward Island,E5V 3X5,Canada,1248649055,Ethan@week.com
William,,286,Campbell Drive,Prince George,Newfoundland and Labrador,"B0T 0Y5 ",Canada,1285809748,William@part.com
Alexander,Williams,98,Boulderwood Road,Oshawa,British Columbia,N5C 2J8,Canada,763038264,Alexander@people.com
"",Miller,428,Charlotte Lane,Thunder Bay,Nunavut,E5V 3X5,Canada,1405452420,null@fact.com
Jacob,Taylor,98,Bedford Windsor Ramp,Whitby,Nunavut,E4M 2G2,Canada,1264499760,Jacob@right.com
Ethan,Taylor,351,Annandale Street,Richmond Hill,Nunavut,J0N 0Z3,Canada,1281219936,Ethan@work.com
Ethan,Wilson,112,Chelsea Lane,Sherbrooke,Northwest Territories,G6X 2L1,Canada,1383852347,Ethan@people.com
