First Name,Last Name,Street Number,Street,City,Province,Postal Code,Country,Phone Number,email Address
"",Williams,94,Aurora Avenue,Brampton,Nunavut,N8H 2H6,Canada,644161557,null@word.com
Liam,Miller,227,Canterbury Close,Niagara Falls,Nunavut,H0H 3C9,Canada,1341988376,Liam@time.com
"",Moore,312,Bliss Street,Waterloo,Manitoba,N5C 2J8,Canada,1394848072,null@book.com
William,Johnson,64,Bridget Avenue,Kamloops,Alberta,V8B 1P6,Canada,136400282,William@business.com
Jacob,Anderson,170,Bloomfield Street,Grande Prairie,Prince Edward Island,E7E 3T7,Canada,431756659,Jacob@life.com
Alexander,Miller,73,Cabot Place,Repentigny,Northwest Territories,N4N 0B9,Canada,950887130,Alexander@case.com
"",Johnson,430,Churchill Drive,Welland,Northwest Territories,L3V 1Y8,Canada,1358501289,null@room.com
James,Jones,321,Ahern Avenue,Clarington,Manitoba,G0H 2P3,Canada,328743132,James@work.com
Liam,Wilson,484,Chester Avenue,Guelph,Quebec,"B0T 0Y5 ",Canada,905079449,Liam@day.com
Mason,Anderson,333,Blenheim Terrace,Ottawa,Nova Scotia,B2E 0X4,Canada,550842136,Mason@state.com
Mason,,351,Albert Street,Airdrie,British Columbia,N8H 2H6,Canada,679516441,Mason@work.com
James,,179,Bell Road,Richmond Hill,Northwest Territories,N4N 0B9,Canada,1366399487,James@business.com
William,Jones,457,Caxton Close,Sault Ste. Marie,Nova Scotia,"V1K 1V0 ",Canada,328850722,William@money.com
"",Anderson,86,Agricola Street,Saanich,,J9T 3H4,Canada,530333473,null@state.com
Ethan,Jones,254,Buddy Daye Street,Niagara Falls,Yukon,G6X 2L1,Canada,1348863684,Ethan@system.com
James,Moore,249,Archibald Avenue,Barrie,Newfoundland and Labrador,L4A 0T0,Canada,664921903,James@mother.com
Liam,,271,Camelot Lane,Richmond Hill,Alberta,H0H 3C9,Canada,695149384,Liam@government.com
Ethan,Brown,273,Claymore Avenue,Niagara Falls,Northwest Territories,J9T 3H4,Canada,1203752144,Ethan@thing.com
Liam,Anderson,187,Brewer Court,Thunder Bay,Nunavut,V8C 0S2,Canada,1012652979,Liam@world.com
Alexander,,190,Beachstone Drive,Surrey,British Columbia,N4N 0B9,Canada,391800323,Alexander@life.com
Ethan,Anderson,169,Claremont Street,North Vancouver,Nova Scotia,H3J 3P2,Canada,446878724,Ethan@week.com
Liam,Moore,367,Carnation Crescent,Grande Prairie,,E4M 2G2,Canada,968281659,Liam@right.com
Alexander,Miller,408,Caitland Court,Brantford,New Brunswick,T1L 2H8,Canada,351361013,Alexander@government.com
"",Wilson,200,Chelsea Lane,Oshawa,Northwest Territories,J0J 3V6,Canada,1009320571,null@home.com
Liam,,14,Chebucto Lane,Peterborough,Prince Edward Island,E7E 3T7,Canada,824599298,Liam@story.com
"",Thomas,90,Burgee Run,Prince George,Yukon,J0J 3V6,Canada,952893662,null@question.com
"",Wilson,365,Clinton Avenue,Red Deer,Northwest Territories,N4N 0B9,Canada,712164469,null@null
Jacob,Jackson,156,Clovis Avenue,Airdrie,Saskatchewan,G3H 0B4,Canada,657306729,Jacob@job.com
Mason,,465,Circle Drive,Mirabel,Nova Scotia,"L4A 0T3 ",Canada,275932176,Mason@point.com
William,Wilson,326,Alton Drive,Edmonton,Alberta,G0H 2P3,Canada,668025411,William@money.com
Alexander,,270,Barkton Lane,Granby,Nunavut,L9R 0A0,Canada,1364150241,Alexander@money.com
Jacob,Miller,431,Clayton Park Drive,Edmonton,Nunavut,J9P 1C6,Canada,874980191,Jacob@day.com
