First Name,Last Name,Street Number,Street,City,Province,Postal Code,Country,Phone Number,email Address
"",Davis,27,Cherry Lane,Drummondville,Manitoba,G3E 2K4,Canada,229416087,null@day.com
Liam,Miller,74,Clovis Avenue,Port Coquitlam,New Brunswick,L9R 0A0,Canada,396908656,Liam@people.com
"",Moore,332,Bell Road,Brossard,Nova Scotia,J0N 0Z3,Canada,1061648821,null@work.com
Liam,Taylor,463,Bishop Street,Kamloops,Prince Edward Island,E5V 3X5,Canada,470102535,Liam@company.com
James,Anderson,454,Armdale Rotary,Mississauga,Prince Edward Island,G0H 2P3,Canada,473063095,James@student.com
"",Brown,104,Berlin Street,Fredericton,Northwest Territories,L4A 0T0,Canada,492275701,null@night.com
Jacob,Miller,258,Carlina Court,Norfolk County,Yukon,H9S 1R4,Canada,728321393,Jacob@year.com
"",Wilson,28,Charles Street,Sarnia,Newfoundland and Labrador,J1S 0R4,Canada,1185831179,null@life.com
Mason,Davis,321,Bright Place,Guelph,,V8B 1P6,Canada,133500591,Mason@place.com
Jacob,Anderson,323,Bedford Row,Victoria,Prince Edward Island,N4N 0B9,Canada,126826832,Jacob@time.com
Alexander,Thomas,229,Armdale Rotary,Burlington,Alberta,,Canada,587359522,Alexander@mother.com
James,Taylor,60,Battery 18th Road,Milton,Alberta,L4A 0T0,Canada,1360394106,James@number.com
"",Williams,308,Angus L Macdonald Bridge,Port Coquitlam,Northwest Territories,"V1K 1V0 ",Canada,661528084,null@week.com
"",Williams,29,Chestnut Street,Kelowna,Alberta,N8H 2H6,Canada,885363271,null@water.com
Liam,Williams,275,Bayview Road,North Bay,Northwest Territories,N8H 2H6,Canada,593722794,Liam@program.com
Jacob,Wilson,382,Central Avenue,Brampton,Newfoundland and Labrador,J1S 0R4,Canada,1239098910,Jacob@case.com
Alexander,,216,Armcrescent West Avenue,Guelph,Nunavut,G3H 0B4,Canada,540480962,Alexander@way.com
Alexander,Thomas,218,Bedford Row,Fredericton,Nova Scotia,L0N 3J2,Canada,1403470176,Alexander@place.com
Alexander,Anderson,165,Beechwood Terrace,Belleville,Northwest Territories,J0J 3V6,Canada,433461621,Alexander@null
"",Johnson,440,Churchill Drive,Red Deer,New Brunswick,H9S 1R4,Canada,211567140,null@people.com
Jacob,Taylor,128,Circle Drive,,Northwest Territories,E7E 3T7,Canada,1353741926,Jacob@child.com
Liam,Wilson,237,Castlepark Grove,Halifax,Manitoba,L3V 1Y8,Canada,1102688469,Liam@state.com
Liam,Miller,275,Binney Street,Kitchener,,L0N 3J2,Canada,465756070,Liam@place.com
"",Brown,226,Cabot Street,Longueuil,Newfoundland and Labrador,N4N 0B9,Canada,768026594,null@number.com
William,Jackson,386,Bayers Road,Halifax,Saskatchewan,E4M 2G2,Canada,443021360,William@hand.com
Liam,Miller,288,Alderwood Drive,Coquitlam,Nunavut,J0N 0Z3,Canada,1013124077,Liam@country.com
Ethan,Thomas,338,Birchview Drive,Aurora,Newfoundland and Labrador,H9S 1R4,Canada,910075418,Ethan@word.com
Mason,Davis,410,Bedford Windsor Ramp,Kitchener,Yukon,"V1K 1V0 ",Canada,1330943223,Mason@part.com
"",Taylor,2,Bedford Row,Red Deer,British Columbia,H3J 3P2,Canada,1011451961,null@woman.com
Mason,Jackson,134,Abercrombie Lane,Milton,Nunavut,"L4A 0T3 ",Canada,966736291,Mason@child.com
Ethan,Jackson,83,Centre Gate,Sault Ste. Marie,Nova Scotia,H0H 3C9,Canada,615664919,Ethan@room.com
