First Name,Last Name,Street Number,Street,City,Province,Postal Code,Country,Phone Number,email Address
Ethan,Jackson,10,Claremont Street,Richmond,Northwest Territories,"L4A 0T3 ",Canada,1162078487,Ethan@company.com
Jacob,Jones,476,Arthur Street,Burlington,Northwest Territories,H0H 3C9,Canada,641640259,Jacob@month.com
Jacob,Taylor,339,Buffers Lane,LÃ©vis,Nova Scotia,V8C 0S2,Canada,665789336,Jacob@woman.com
"",Brown,14,Chisholm Avenue,Edmonton,Saskatchewan,"B0T 0Y5 ",Canada,305698479,null@woman.com
"",Anderson,494,Brycedale Lane,North Vancouver,Northwest Territories,L9R 0A0,Canada,1271085543,null@study.com
Alexander,Thomas,412,Albert Place,Victoria,Nunavut,B3V 2V1,Canada,1122939190,Alexander@water.com
William,Davis,412,Ardwell Avenue,North Vancouver,Yukon,L0N 3J2,Canada,310399685,William@month.com
Alexander,Jackson,317,Claymore Avenue,Greater Sudbury,British Columbia,G0H 2P3,Canada,528666609,Alexander@child.com
Mason,Taylor,14,Ashburn Avenue,Wood Buffalo,Quebec,B3V 2V1,Canada,754501888,Mason@school.com
James,Williams,160,Cedarbrae Lane,Brampton,British Columbia,N8A 0B3,Canada,972314432,James@room.com
James,Thomas,156,Chelmsford Place,Richmond,Saskatchewan,E4M 2G2,Canada,335404153,James@place.com
James,Davis,338,Birmingham Street,Chilliwack,New Brunswick,N5C 2J8,Canada,1029220630,James@night.com
"",Jones,173,Clearview Street,Mississauga,Northwest Territories,E7E 3T7,Canada,914934355,null@day.com
"",Jones,46,Beaufort Avenue,Blainville,Saskatchewan,J9T 3H4,Canada,1397514654,null@null
Ethan,Thomas,213,Chebucto Lane,Cape Breton,Northwest Territories,J9T 3H4,Canada,708103616,Ethan@place.com
"",Davis,320,Clifton Street,Coquitlam,Northwest Territories,V8C 0S2,Canada,789129099,null@week.com
Liam,Jackson,167,Birchfield Crescent,Strathcona County,Quebec,B3V 2V1,Canada,230541051,Liam@group.com
"",Wilson,492,Allan Street,St. Catharines,Alberta,G0H 2P3,Canada,215859881,null@number.com
Alexander,Williams,288,,Strathcona County,Prince Edward Island,"B0T 0Y5 ",Canada,1068039258,Alexander@story.com
Alexander,Williams,458,Bromley Road,North Bay,Nunavut,B2E 0X4,Canada,1232056963,Alexander@group.com
Ethan,Williams,42,Bishop Street,Kitchener,New Brunswick,G6X 2L1,Canada,483609393,Ethan@day.com
James,Johnson,104,Almon Street,Edmonton,Alberta,L9R 0A0,Canada,376421158,James@week.com
Jacob,Jackson,464,Aikens Avenue,Montreal,Alberta,J1S 0R4,Canada,485689904,Jacob@student.com
Jacob,Williams,178,Carrington Place,Surrey,Saskatchewan,G3E 2K4,Canada,844868286,Jacob@way.com
Ethan,Wilson,299,Bauer Street,Hamilton,Quebec,G6X 2L1,Canada,386126750,Ethan@fact.com
Jacob,Anderson,65,Bobolink Street,Welland,Northwest Territories,B2E 0X4,Canada,1340452192,Jacob@word.com
"",Williams,74,Bridges Street,Waterloo,Newfoundland and Labrador,,Canada,154301482,null@question.com
"",Brown,209,Allan Street,Saguenay,Nunavut,L9R 0A0,Canada,409442734,null@number.com
Liam,Miller,47,Cartaret Street,Brantford,Saskatchewan,L3V 1Y8,Canada,1133434623,Liam@program.com
Alexander,Miller,308,Bilton Lane,Kelowna,Alberta,E5V 3X5,Canada,687502962,Alexander@woman.com
"",Anderson,486,Claremont Street,Wood Buffalo,New Brunswick,B3V 2V1,Canada,677741990,null@world.com
Mason,Miller,485,Braeburn Road,Cape Breton,Yukon,J0N 0Z3,Canada,722604748,Mason@study.com
Jacob,Jones,253,Chipstone Close,Brampton,Nunavut,E4S 3C4,Canada,276182711,Jacob@night.com
Alexander,Williams,333,Chessvale Close,Moncton,Manitoba,E7E 3T7,Canada,539637261,Alexander@word.com
William,Williams,223,Bedford Highway Ramp,Blainville,New Brunswick,G0H 2P3,Canada,1372846593,William@story.com
Ethan,,180,Ahern Avenue,Repentigny,Prince Edward Island,L0N 3J2,Canada,1119016986,Ethan@country.com
"",Jackson,169,Chain Rock Drive,Prince George,Nunavut,"B0T 0Y5 ",Canada,1335395330,null@story.com
Alexander,Miller,249,Broadholme Lane,Drummondville,Northwest Territories,"V1K 1V0 ",Canada,222348629,Alexander@country.com
Ethan,Davis,338,Alderwood Drive,Burlington,Alberta,E7E 3T7,Canada,631643326,Ethan@world.com
William,Anderson,29,Birchview Drive,Brampton,British Columbia,J1S 0R4,Canada,409338921,William@book.com
Jacob,Thomas,217,Armoury Place,Brantford,Prince Edward Island,L0N 3J2,Canada,1292164964,Jacob@problem.com
"",Brown,89,Ashdale Avenue,Victoria,Manitoba,B2E 0X4,Canada,175045913,null@question.com
