First Name,Last Name,Street Number,Street,City,Province,Postal Code,Country,Phone Number,email Address
William,Jackson,261,Centre Gate,Port Coquitlam,Nunavut,G3E 2K4,Canada,1392935799,William@job.com
Ethan,Davis,447,Chessvale Close,Grande Prairie,Manitoba,E4M 2G2,Canada,1142048758,Ethan@case.com
Ethan,Jones,137,Armcrescent West Avenue,Kawartha Lakes,Prince Edward Island,B3V 2V1,Canada,1329036190,Ethan@student.com
"",Williams,78,Bilby Street,Coquitlam,Northwest Territories,J9P 1C6,Canada,680641047,null@year.com
Alexander,Miller,358,Bridges Street,Lethbridge,Newfoundland and Labrador,E7E 3T7,Canada,446601924,Alexander@problem.com
William,Wilson,442,Bristol Place,Richmond,Newfoundland and Labrador,E7E 3T7,Canada,1127477434,William@company.com
Ethan,Anderson,254,Clifton Street,Saint-Jean-sur-Richelieu,Newfoundland and Labrador,L0N 3J2,Canada,472311067,Ethan@word.com
Mason,Miller,335,Bayne St Ramp,Port Coquitlam,Newfoundland and Labrador,L0N 3J2,Canada,327105961,Mason@government.com
Jacob,Brown,153,Cabot Back Lane,Kingston,Nunavut,N8A 0B3,Canada,518593614,Jacob@business.com
William,Taylor,406,Alex Street,Welland,Alberta,L3V 1Y8,Canada,560512151,William@Mr.com
Liam,Jackson,372,Benalder Lane,Kamloops,Saskatchewan,E5V 3X5,Canada,189337777,Liam@group.com
Ethan,Anderson,20,Charles Street,LÃ©vis,Nunavut,B2E 0X4,Canada,604068851,Ethan@null
