First Name,Last Name,Street Number,Street,City,Province,Postal Code,Country,Phone Number,email Address
Ethan,,13,Balwearie Lane,Clarington,Newfoundland and Labrador,"V1K 1V0 ",Canada,255672411,Ethan@day.com
Ethan,Wilson,479,Armada Drive,Welland,Yukon,N4N 0B9,Canada,1014901413,Ethan@part.com
Jacob,Jackson,349,Blue Thistle Road,Sarnia,Northwest Territories,V8B 1P6,Canada,1266932854,Jacob@part.com
Alexander,Miller,162,,Peterborough,Prince Edward Island,J9T 3H4,Canada,840213276,Alexander@Mr.com
Alexander,Moore,499,Cedarbank Terrace,Guelph,Nunavut,H9S 1R4,Canada,231492904,Alexander@water.com
"",Thomas,347,Clayder Lane,Caledon,Nunavut,N4N 0B9,Canada,189731592,null@week.com
"",Brown,293,Alderwood Drive,Ajax,Manitoba,E4S 3C4,Canada,374603000,null@year.com
James,Wilson,298,Brackley Place,Saint John,Prince Edward Island,K1B 3B2,Canada,968113440,James@room.com
James,Wilson,129,Bland Street,Laval,Alberta,J9T 3H4,Canada,1004360556,James@time.com
William,Williams,412,Berts Drive,Saint-Hyacinthe,Newfoundland and Labrador,L3V 1Y8,Canada,1326630573,William@business.com
Ethan,Jackson,168,Bland Street,Longueuil,Alberta,B3V 2V1,Canada,548311480,Ethan@fact.com
"",Jones,69,Bosun Run,Drummondville,Alberta,E4S 3C4,Canada,1157362351,null@number.com
Liam,Davis,171,Berlin Street,Saanich,Saskatchewan,J0N 0Z3,Canada,1080205576,Liam@people.com
Alexander,,73,Abrams Way,Whitby,Saskatchewan,J9T 3H4,Canada,812439351,Alexander@thing.com
Ethan,Anderson,293,Abrams Way,Kawartha Lakes,Prince Edward Island,N4N 0B9,Canada,1344327825,Ethan@child.com
Jacob,Moore,480,Central Avenue,Saint-Hyacinthe,Prince Edward Island,E7E 3T7,Canada,1349214887,Jacob@question.com
Alexander,Anderson,11,Birches Drive,Montreal,Nova Scotia,H0H 3C9,Canada,773556830,Alexander@eye.com
Alexander,,355,Bilby Street,Port Coquitlam,Northwest Territories,"B0T 0Y5 ",Canada,940221473,Alexander@study.com
Jacob,Wilson,263,Alderwood Drive,Kawartha Lakes,Alberta,J0N 0Z3,Canada,1035743740,Jacob@study.com
Alexander,Taylor,227,Bishop Street,Grande Prairie,Saskatchewan,B2E 0X4,Canada,1189021689,Alexander@eye.com
William,Thomas,247,Bristol Place,Fredericton,Prince Edward Island,G0H 2P3,Canada,656494098,William@group.com
James,Wilson,322,Chain Rock Drive,Burlington,Yukon,E4S 3C4,Canada,1105495679,James@time.com
"",,292,Alumni Crescent,Niagara Falls,Prince Edward Island,J9T 3H4,Canada,446536026,null@money.com
Alexander,Anderson,372,Blowers Street,Norfolk County,Saskatchewan,E4S 3C4,Canada,1163683060,Alexander@student.com
Jacob,Anderson,282,Caxton Close,Cambridge,Quebec,G3H 0B4,Canada,507727578,Jacob@year.com
Ethan,Miller,425,Balcomes Drive,Medicine Hat,Nova Scotia,K1B 3B2,Canada,631896877,Ethan@day.com
"",Jones,355,Alm-a Ramp,Abbotsford,Nunavut,N8A 0B3,Canada,1245692486,null@number.com
Alexander,Brown,452,Chadwick Place,Thunder Bay,Yukon,N5C 2J8,Canada,854159721,Alexander@lot.com
Ethan,Thomas,499,Berkshire Close,Burlington,Alberta,L3V 1Y8,Canada,891609739,Ethan@water.com
Ethan,Davis,253,Agricola Street,Belleville,Newfoundland and Labrador,B2E 0X4,Canada,413563849,Ethan@word.com
Ethan,Johnson,260,Bridgeview Drive,Medicine Hat,Nunavut,H3J 3P2,Canada,582549022,Ethan@Mr.com
"",Moore,113,Binney Street,Saint-JÃ©rÃ´me,Alberta,H0H 3C9,Canada,1382033214,null@room.com
Jacob,Thomas,179,Birchfield Crescent,Wood Buffalo,Saskatchewan,J0J 3V6,Canada,425629404,Jacob@thing.com
Mason,Williams,175,Clayder Lane,Medicine Hat,Saskatchewan,L3V 1Y8,Canada,1270797972,Mason@year.com
William,Wilson,452,Banbury Close,Aurora,Alberta,N8A 0B3,Canada,435184930,William@man.com
Ethan,Williams,459,Barracks Drive,Terrebonne,Prince Edward Island,N5C 2J8,Canada,195224403,Ethan@room.com
"",,288,Bakers Drive,Abbotsford,Yukon,"L4A 0T3 ",Canada,1299360566,null@program.com
William,Miller,263,Blue Thistle Road,Red Deer,Yukon,V8B 1P6,Canada,131420027,William@home.com
"",Anderson,93,Attenborough Court,Cambridge,Manitoba,H3J 3P2,Canada,485247344,null@month.com
