First Name,Last Name,Street Number,Street,City,Province,Postal Code,Country,Phone Number,email Address
Liam,Thomas,74,Blue Willow Court,Sherbrooke,Northwest Territories,G3E 2K4,Canada,1331401847,Liam@point.com
Ethan,Jones,323,Barracks Drive,Peterborough,Newfoundland and Labrador,V8B 1P6,Canada,1045028958,Ethan@point.com
Alexander,,314,Artz Street,Repentigny,Alberta,G6X 2L1,Canada,860582025,Alexander@hand.com
William,,127,Aster Court,London,Newfoundland and Labrador,G0H 2P3,Canada,822399995,William@time.com
Jacob,Williams,387,Angus L Macdonald Bridge,Delta,Alberta,E4S 3C4,Canada,1296042765,Jacob@time.com
William,,230,Arnold Drive,Brantford,Quebec,"B0T 0Y5 ",Canada,958462363,William@way.com
Mason,Jackson,353,Belmont Road,Saskatoon,Nunavut,V8B 1P6,Canada,690335202,Mason@country.com
Mason,Williams,320,Clearview Street,Port Coquitlam,Prince Edward Island,,Canada,211937729,Mason@number.com
Liam,Taylor,299,Boscobel Road,Longueuil,Northwest Territories,G0H 2P3,Canada,855820137,Liam@school.com
Liam,Jones,252,Armoury Place,Ajax,Nunavut,J0N 0Z3,Canada,1161331501,Liam@thing.com
"",Wilson,198,Adelaide Avenue,Burlington,Prince Edward Island,N8A 0B3,Canada,1201822389,null@point.com
Ethan,Miller,94,Bayers Road,Prince George,Newfoundland and Labrador,J1S 0R4,Canada,424460731,Ethan@man.com
Ethan,,20,Bryden Avenue,Belleville,Nova Scotia,"V1K 1V0 ",Canada,637303875,Ethan@problem.com
"",Miller,274,Carnation Crescent,Newmarket,New Brunswick,N5C 2J8,Canada,1167527364,null@work.com
Ethan,Davis,444,Bayne Street,Burnaby,Nunavut,L4A 0T0,Canada,201916671,Ethan@mother.com
James,Taylor,456,Bermuda Avenue,Belleville,Nova Scotia,G3E 2K4,Canada,800859323,James@room.com
Ethan,Anderson,421,Brigadier Court,LÃ©vis,Yukon,B2E 0X4,Canada,372431820,Ethan@room.com
