First Name,Last Name,Street Number,Street,City,Province,Postal Code,Country,Phone Number,email Address
Liam,Miller,203,Alm-a Ramp,Caledon,Prince Edward Island,L4A 0T0,Canada,1218648459,Liam@company.com
William,Williams,52,Birchview Drive,Oshawa,Prince Edward Island,V8B 1P6,Canada,1001370153,William@study.com
Ethan,Moore,34,Amberwood Court,Vaughan,Nunavut,J1S 0R4,Canada,1025781424,Ethan@man.com
Ethan,Jones,233,Blowers Street,Lethbridge,Prince Edward Island,J1S 0R4,Canada,1290848863,Ethan@man.com
Alexander,Jones,333,Bright Place,Lethbridge,New Brunswick,N8A 0B3,Canada,906486635,Alexander@money.com
James,Wilson,170,Berts Drive,Drummondville,Northwest Territories,E4M 2G2,Canada,638790742,James@right.com
James,Williams,148,Beaufort Avenue,Delta,Newfoundland and Labrador,J9T 3H4,Canada,1359370536,James@problem.com
"",Johnson,78,Barclay Avenue,Waterloo,Prince Edward Island,L0N 3J2,Canada,715835693,null@point.com
James,Thomas,110,Brockhurst Close,Peterborough,Prince Edward Island,E5V 3X5,Canada,204713480,James@water.com
James,Williams,4,Circle Drive,Brossard,Alberta,J1S 0R4,Canada,1364026852,James@world.com
Liam,Thomas,207,Chelsea Lane,,Nunavut,N4N 0B9,Canada,1151684822,Liam@program.com
Mason,Moore,163,Chelsea Lane,Greater Sudbury,Saskatchewan,L9R 0A0,Canada,899499123,Mason@government.com
James,Johnson,414,Bison Crescent,Guelph,Northwest Territories,T1L 2H8,Canada,1039608623,James@time.com
William,Taylor,188,Adams Avenue,Granby,Prince Edward Island,K1B 3B2,Canada,154871091,William@Mr.com
Mason,Jones,464,Bayview Road,Red Deer,British Columbia,L9R 0A0,Canada,548452155,Mason@question.com
"",Anderson,386,Armview Terrace,Newmarket,Nunavut,B2E 0X4,Canada,1064581062,null@Mr.com
Ethan,,444,Caxton Close,Sault Ste. Marie,,G3E 2K4,Canada,273401112,Ethan@money.com
Jacob,Jackson,439,Ballantrae Lane,Kamloops,British Columbia,E4S 3C4,Canada,107139858,Jacob@thing.com
Jacob,Williams,329,Bethany Way,,New Brunswick,N5C 2J8,Canada,642839515,Jacob@school.com
Mason,Jones,410,Bosun Run,Airdrie,Alberta,K1B 3B2,Canada,1014497660,Mason@night.com
Ethan,Thomas,340,Adelaide Avenue,Waterloo,Alberta,L3V 1Y8,Canada,560339126,Ethan@thing.com
