First Name,Last Name,Street Number,Street,City,Province,Postal Code,Country,Phone Number,email Address
"",Williams,238,Carrington Place,Guelph,Prince Edward Island,J9T 3H4,Canada,1192870588,null@people.com
William,Thomas,71,Artillery Place,St. John's,Saskatchewan,H0H 3C9,Canada,1244667308,William@night.com
Liam,Moore,339,Bethany Way,Calgary,Nunavut,H0H 3C9,Canada,986289373,Liam@state.com
Ethan,Brown,158,Attenborough Court,Wood Buffalo,New Brunswick,J9P 1C6,Canada,1358359343,Ethan@day.com
James,Anderson,171,Beresford Road,Sault Ste. Marie,New Brunswick,L3V 1Y8,Canada,757163948,James@null
James,Jones,43,Adams Avenue,Saguenay,Northwest Territories,V8C 0S2,Canada,469047493,James@group.com
Ethan,Taylor,161,Cabot Place,Saint-JÃ©rÃ´me,Prince Edward Island,J9T 3H4,Canada,511107971,Ethan@program.com
James,Wilson,378,Attenborough Court,Whitby,Northwest Territories,N5C 2J8,Canada,388099929,James@mother.com
Mason,Taylor,463,Abrams Way,Kamloops,Nunavut,G6X 2L1,Canada,302785355,Mason@fact.com
William,Jones,348,Boscobel Road,Waterloo,Prince Edward Island,G3E 2K4,Canada,337205200,William@people.com
William,,196,Brigadier Court,Pickering,Yukon,T1L 2H8,Canada,665742990,William@company.com
Liam,Thomas,39,Armdale Rotary,Maple Ridge,Yukon,L3V 1Y8,Canada,1189753189,Liam@story.com
Liam,Thomas,409,Birches Drive,Terrebonne,Prince Edward Island,"B0T 0Y5 ",Canada,822821398,Liam@story.com
James,Jones,174,Canary Crescent,Surrey,Nunavut,E4M 2G2,Canada,717167503,James@month.com
"",,316,Alm-a Ramp,Brampton,Alberta,G6X 2L1,Canada,798378202,null@question.com
Ethan,Anderson,402,Battery Drive,Windsor,Prince Edward Island,L3V 1Y8,Canada,1178110351,Ethan@state.com
William,Wilson,355,Bakers Drive,Saint John,New Brunswick,E5V 3X5,Canada,1374865377,William@place.com
Jacob,Williams,368,Athlone Avenue,Kawartha Lakes,Prince Edward Island,E7E 3T7,Canada,587601004,Jacob@home.com
Ethan,Johnson,258,Birchfield Crescent,Burlington,Prince Edward Island,"V1K 1V0 ",Canada,542866046,Ethan@job.com
Jacob,Anderson,293,Bridget Avenue,Sault Ste. Marie,Alberta,J1S 0R4,Canada,1234456119,Jacob@story.com
"",Moore,40,Bellevue Avenue,Wood Buffalo,Quebec,"V1K 1V0 ",Canada,1235567994,null@room.com
"",Jackson,313,Auburn Avenue,Peterborough,Manitoba,B2E 0X4,Canada,266756974,null@point.com
James,Moore,72,Albion Road,Victoria,Northwest Territories,J0N 0Z3,Canada,322612777,James@story.com
Mason,Williams,472,Chelmsford Place,Grande Prairie,Newfoundland and Labrador,H3J 3P2,Canada,495124808,Mason@child.com
William,Taylor,400,Armada Drive,Brantford,Nunavut,L9R 0A0,Canada,1010479584,William@lot.com
Ethan,Moore,65,Belmont Road,Granby,Quebec,J0N 0Z3,Canada,733118039,Ethan@child.com
Liam,Williams,282,Bright Place,Grande Prairie,British Columbia,"L4A 0T3 ",Canada,588390494,Liam@family.com
Alexander,Miller,251,Claremont Street,Surrey,Quebec,L3V 1Y8,Canada,1101313713,Alexander@country.com
"",Anderson,178,Carrington Place,Blainville,British Columbia,T1L 2H8,Canada,255811519,null@day.com
Ethan,Miller,43,Blowers Street,New Westminster,Northwest Territories,B2E 0X4,Canada,1359192898,Ethan@world.com
James,Taylor,306,Brighton Avenue,Burnaby,Prince Edward Island,"B0T 0Y5 ",Canada,1311742285,James@year.com
"",Wilson,404,Belmont Road,Saskatoon,Saskatchewan,T1L 2H8,Canada,1078354823,null@company.com
Jacob,Taylor,228,Alm-d Ramp,Thunder Bay,Newfoundland and Labrador,J9P 1C6,Canada,831777882,Jacob@system.com
Mason,Jackson,134,Bermuda Avenue,Coquitlam,New Brunswick,,Canada,304641588,Mason@Mr.com
Jacob,Johnson,211,Albert Place,Repentigny,New Brunswick,N5C 2J8,Canada,1024169394,Jacob@system.com
Mason,Jones,255,Amberwood Court,Saguenay,Prince Edward Island,E4M 2G2,Canada,388942833,Mason@company.com
Jacob,Thomas,60,Canterbury Close,Mirabel,New Brunswick,E4S 3C4,Canada,1320942370,Jacob@school.com
Alexander,Johnson,127,Berkshire Close,Aurora,Alberta,E7E 3T7,Canada,992635140,Alexander@hand.com
Jacob,Jones,379,Camelot Lane,Kingston,,J9T 3H4,Canada,199584988,Jacob@case.com
Jacob,,131,Adams Avenue,Airdrie,Nova Scotia,J0N 0Z3,Canada,706670656,Jacob@way.com
