First Name,Last Name,Street Number,Street,City,Province,Postal Code,Country,Phone Number,email Address
Jacob,Miller,193,Bayne Street,New Westminster,,V8C 0S2,Canada,1188780761,Jacob@thing.com
Alexander,Brown,429,Battery Drive,Saint-Jean-sur-Richelieu,Prince Edward Island,H9S 1R4,Canada,1158371066,Alexander@point.com
Ethan,Moore,356,Chisholm Avenue,Victoria,Nunavut,J0J 3V6,Canada,262283516,Ethan@Mr.com
Liam,Brown,305,Balcomes Drive,Ottawa,Newfoundland and Labrador,H0H 3C9,Canada,530003456,Liam@week.com
"",Johnson,184,Amberwood Court,Medicine Hat,Saskatchewan,N8A 0B3,Canada,1194066183,null@null
