First Name,Last Name,Street Number,Street,City,Province,Postal Code,Country,Phone Number,email Address
James,Williams,420,Carmichael Street,Montreal,Alberta,G6X 2L1,Canada,112571546,James@case.com
Liam,Brown,38,Cambridge Street,Waterloo,Newfoundland and Labrador,G6X 2L1,Canada,812774915,Liam@company.com
Alexander,Davis,175,Blowers Street,Welland,Alberta,H9S 1R4,Canada,1294402466,Alexander@child.com
Liam,Jackson,490,Cascade Drive,Red Deer,Nova Scotia,T1L 2H8,Canada,515850152,Liam@problem.com
"",Brown,175,Cardiff Place,Airdrie,Newfoundland and Labrador,B2E 0X4,Canada,851239462,null@book.com
Mason,Wilson,442,Brunswick Street,Oshawa,Northwest Territories,G3E 2K4,Canada,1062400043,Mason@right.com
Mason,Davis,277,Beaufort Avenue,Norfolk County,Nova Scotia,J0J 3V6,Canada,1215951555,Mason@student.com
Liam,Moore,237,Benalder Lane,Saint-JÃ©rÃ´me,Yukon,N5C 2J8,Canada,1035423990,Liam@family.com
James,Wilson,305,Bayers Road,Norfolk County,Newfoundland and Labrador,L9R 0A0,Canada,234590069,James@life.com
Alexander,Moore,496,Brenton Place,Kingston,British Columbia,L4A 0T0,Canada,632043772,Alexander@people.com
William,Jackson,342,Aldergrove Drive,Blainville,New Brunswick,N4N 0B9,Canada,642189311,William@mother.com
Alexander,Anderson,188,Blue Jay Street,Cape Breton,Saskatchewan,K1B 3B2,Canada,1111600931,Alexander@world.com
"",,449,Acadia Street,Pickering,Alberta,J1S 0R4,Canada,1022066821,null@system.com
James,Jones,112,Abercrombie Lane,Strathcona County,Newfoundland and Labrador,N8H 2H6,Canada,553609988,James@day.com
Mason,Brown,466,Birchdale Avenue,Grande Prairie,Newfoundland and Labrador,G6X 2L1,Canada,991271850,Mason@room.com
Mason,Brown,188,Barracks Drive,Richmond Hill,Northwest Territories,J9T 3H4,Canada,1259634978,Mason@number.com
"",Wilson,484,Bell Road,Waterloo,New Brunswick,B3V 2V1,Canada,1248687395,null@woman.com
Alexander,Jones,230,Boulderwood Road,Kitchener,Saskatchewan,E7E 3T7,Canada,988944495,Alexander@work.com
Jacob,Miller,380,Catamaran Road,Repentigny,Prince Edward Island,B2E 0X4,Canada,793569087,Jacob@part.com
Jacob,Jackson,238,Black Street,Saanich,Newfoundland and Labrador,N8H 2H6,Canada,1210982371,Jacob@program.com
William,Brown,451,Alm-a Ramp,St. Albert,Saskatchewan,N8A 0B3,Canada,1170111467,William@system.com
Mason,Wilson,384,Cabot Street,Brantford,Prince Edward Island,J1S 0R4,Canada,1207259150,Mason@case.com
Alexander,Taylor,438,Bedros Lane,Vancouver,Alberta,"L4A 0T3 ",Canada,495105128,Alexander@fact.com
Alexander,Jones,274,Canterbury Close,Maple Ridge,New Brunswick,"V1K 1V0 ",Canada,766090226,Alexander@month.com
"",Brown,412,Bilby Street,Kingston,Newfoundland and Labrador,N8H 2H6,Canada,331036812,null@mother.com
Jacob,Anderson,318,Ashburn Avenue,Aurora,Newfoundland and Labrador,L3V 1Y8,Canada,1270062550,Jacob@eye.com
