First Name,Last Name,Street Number,Street,City,Province,Postal Code,Country,Phone Number,email Address
William,Thomas,345,Bell Road,Clarington,Northwest Territories,E5V 3X5,Canada,936172628,William@hand.com
"",Jones,37,Briar Lane,Brampton,Quebec,N4N 0B9,Canada,1291416993,null@money.com
Alexander,Jones,71,Alderwood Drive,Moncton,Alberta,V8C 0S2,Canada,1231610891,Alexander@day.com
"",Anderson,302,Canterbury Close,Guelph,Alberta,E4S 3C4,Canada,734753174,null@woman.com
"",Davis,187,Claremont Street,Kitchener,Prince Edward Island,G3H 0B4,Canada,1358923082,null@water.com
Ethan,Wilson,26,Agricola Street,Burlington,Saskatchewan,"L4A 0T3 ",Canada,974602239,Ethan@school.com
"",Taylor,206,Chain Lake Drive,Airdrie,Alberta,G3E 2K4,Canada,465770326,null@country.com
William,Brown,98,Cherry Street,Saint John,Prince Edward Island,T1L 2H8,Canada,581446901,William@country.com
William,Brown,104,Cartaret Street,Norfolk County,Newfoundland and Labrador,"B0T 0Y5 ",Canada,713268046,William@month.com
Jacob,Jones,6,Cabot Place,Markham,Newfoundland and Labrador,N8A 0B3,Canada,405682518,Jacob@group.com
Mason,,71,Alton Drive,Abbotsford,Prince Edward Island,E7E 3T7,Canada,148352483,Mason@government.com
Jacob,Moore,138,Cedarbrae Lane,Gatineau,Alberta,"V1K 1V0 ",Canada,345900226,Jacob@country.com
Ethan,,226,Artz Street,LÃ©vis,Northwest Territories,B2E 0X4,Canada,1381760411,Ethan@time.com
"",Johnson,457,Basinview Drive,Cape Breton,Nova Scotia,N8H 2H6,Canada,1149274320,null@week.com
Mason,Moore,29,Andrew Street,Edmonton,Prince Edward Island,E5V 3X5,Canada,1395909337,Mason@room.com
Mason,Davis,393,Chessvale Close,Belleville,British Columbia,"V1K 1V0 ",Canada,591749009,Mason@hand.com
Mason,Johnson,447,Blink Bonnie Terrace,Oshawa,Northwest Territories,J1S 0R4,Canada,315189535,Mason@money.com
Liam,Wilson,472,Brycedale Lane,,Yukon,N8H 2H6,Canada,1240784290,Liam@group.com
Mason,Jones,466,Chelsea Lane,Newmarket,Prince Edward Island,E7E 3T7,Canada,408368065,Mason@place.com
Jacob,Anderson,96,Buddy Daye Street,Granby,Northwest Territories,E4M 2G2,Canada,1186384103,Jacob@study.com
Jacob,Thomas,480,Castle Hill Drive,Edmonton,New Brunswick,V8B 1P6,Canada,108528928,Jacob@case.com
Ethan,,349,Camelot Lane,Cambridge,British Columbia,E7E 3T7,Canada,675206064,Ethan@day.com
"",Jackson,357,Claremont Street,Saint John,Nova Scotia,E4M 2G2,Canada,392687300,null@school.com
Ethan,Jones,472,Ahern Avenue,Burlington,Prince Edward Island,K1B 3B2,Canada,1154821606,Ethan@money.com
Jacob,Miller,263,Charles Street,Cape Breton,New Brunswick,L4A 0T0,Canada,547531802,Jacob@room.com
Ethan,Anderson,223,Cedar Street,Granby,Newfoundland and Labrador,G3H 0B4,Canada,323870411,Ethan@study.com
Mason,Davis,103,Bayview Road,Quebec City,Nunavut,N8H 2H6,Canada,1268889248,Mason@point.com
James,Wilson,105,Brockhurst Close,Greater Sudbury,Prince Edward Island,B3V 2V1,Canada,537032874,James@man.com
Liam,Brown,146,Claymore Avenue,Niagara Falls,Alberta,"B0T 0Y5 ",Canada,959469241,Liam@woman.com
William,Williams,118,Armcrescent West Avenue,Saint John,Northwest Territories,B3V 2V1,Canada,400311791,William@group.com
Alexander,Anderson,252,Cedarbank Terrace,Ottawa,Alberta,"L4A 0T3 ",Canada,793487713,Alexander@problem.com
Jacob,Williams,374,Binney Street,New Westminster,Northwest Territories,,Canada,741458849,Jacob@time.com
Liam,,84,Cedarbank Terrace,St. Albert,New Brunswick,N5C 2J8,Canada,484203796,Liam@story.com
Jacob,Thomas,243,Birches Drive,Brantford,Nunavut,H0H 3C9,Canada,339631763,Jacob@part.com
"",Thomas,294,Chipstone Close,Cape Breton,Nunavut,J0N 0Z3,Canada,581980450,null@right.com
Liam,,461,Cherry Lane,Longueuil,Quebec,G0H 2P3,Canada,1310206315,Liam@program.com
Mason,Jones,64,Carnation Crescent,Sarnia,Yukon,E7E 3T7,Canada,1020440675,Mason@place.com
Mason,Miller,136,Birkdale Crescent,Nanaimo,Northwest Territories,L9R 0A0,Canada,649910238,Mason@time.com
"",Jones,214,Chestnut Street,Kawartha Lakes,Yukon,V8C 0S2,Canada,1184594372,null@fact.com
William,Wilson,308,Bluestone Road,Ottawa,Yukon,B3V 2V1,Canada,885202439,William@place.com
Alexander,Brown,83,Bower Road,Repentigny,Nunavut,K1B 3B2,Canada,660277367,Alexander@lot.com
