First Name,Last Name,Street Number,Street,City,Province,Postal Code,Country,Phone Number,email Address
Liam,Jackson,70,Arlington Avenue,Richmond,New Brunswick,E5V 3X5,Canada,403285804,Liam@year.com
"",Brown,454,Camelot Lane,Kawartha Lakes,Manitoba,E5V 3X5,Canada,760362864,null@government.com
William,Davis,365,Armcrescent West Avenue,Mississauga,Nunavut,L3V 1Y8,Canada,649316509,William@right.com
James,Brown,489,Bloomfield Street,Guelph,Newfoundland and Labrador,E4M 2G2,Canada,744871496,James@week.com
Alexander,,459,Belmont On The Arm,Whitby,Manitoba,G6X 2L1,Canada,1174648380,Alexander@lot.com
Ethan,Brown,434,Africville Road,Saint John,Northwest Territories,L3V 1Y8,Canada,999258275,Ethan@world.com
Ethan,,312,Bluestone Road,Norfolk County,Prince Edward Island,N8A 0B3,Canada,1136643209,Ethan@room.com
Alexander,Moore,321,Alm-c Ramp,Norfolk County,Alberta,E4S 3C4,Canada,1204156925,Alexander@problem.com
Jacob,Williams,298,Chelsea Lane,Saint-JÃ©rÃ´me,Quebec,J0J 3V6,Canada,498105610,Jacob@life.com
Mason,Davis,31,Bridgeview Drive,Medicine Hat,,L3V 1Y8,Canada,1227174661,Mason@child.com
"",,336,Castlepark Grove,Port Coquitlam,Saskatchewan,E4S 3C4,Canada,549561869,null@place.com
"",Jones,54,Armada Drive,Airdrie,Northwest Territories,N5C 2J8,Canada,793816222,null@time.com
James,Anderson,88,Annandale Street,Windsor,Prince Edward Island,B2E 0X4,Canada,1294157406,James@program.com
"",Williams,169,Brenton Place,Cambridge,British Columbia,J1S 0R4,Canada,1284898827,null@month.com
Jacob,Brown,371,Carlton Street,Oshawa,Prince Edward Island,G3H 0B4,Canada,757206771,Jacob@lot.com
James,Davis,398,Clearview Street,Victoria,Northwest Territories,N8A 0B3,Canada,997895746,James@eye.com
Ethan,Jackson,445,Ardwell Avenue,Nanaimo,Alberta,H0H 3C9,Canada,190749975,Ethan@time.com
Jacob,Davis,457,Auburn Avenue,Thunder Bay,Nova Scotia,G6X 2L1,Canada,1082861178,Jacob@woman.com
Alexander,Williams,446,Bower Road,Saint-Jean-sur-Richelieu,Nova Scotia,V8C 0S2,Canada,520843098,Alexander@woman.com
James,Moore,221,Churchill Drive,Lethbridge,Saskatchewan,T1L 2H8,Canada,630609784,James@way.com
Alexander,Moore,385,Blink Bonnie Terrace,Maple Ridge,Nunavut,H9S 1R4,Canada,138124357,Alexander@money.com
Mason,Jones,95,Camelot Lane,Pickering,Yukon,H9S 1R4,Canada,398173030,Mason@Mr.com
Ethan,Brown,282,Barkton Lane,Maple Ridge,Quebec,"L4A 0T3 ",Canada,738464064,Ethan@word.com
Ethan,Johnson,234,Arnold Drive,Medicine Hat,Nova Scotia,H9S 1R4,Canada,809645686,Ethan@way.com
Alexander,Taylor,199,Bilton Lane,Ajax,Newfoundland and Labrador,N8H 2H6,Canada,1255112937,Alexander@word.com
Ethan,Thomas,273,Chadwick Place,Sherbrooke,Newfoundland and Labrador,E5V 3X5,Canada,615904848,Ethan@week.com
"",,96,Benjamin Green Drive,Coquitlam,Prince Edward Island,N5C 2J8,Canada,357326451,null@word.com
William,Miller,74,Chessvale Close,Pickering,Nunavut,J9P 1C6,Canada,208134961,William@mother.com
Ethan,Williams,111,Adelaide Avenue,Fredericton,Newfoundland and Labrador,G6X 2L1,Canada,681980560,Ethan@government.com
"",Williams,500,Cherry Lane,Quebec City,Alberta,V8C 0S2,Canada,1288979830,null@lot.com
Jacob,Jackson,381,Bridgeview Drive,Surrey,Northwest Territories,H3J 3P2,Canada,318372493,Jacob@night.com
Ethan,Davis,386,Alm-e Ramp,Prince George,British Columbia,E5V 3X5,Canada,308577267,Ethan@part.com
Ethan,Taylor,272,Bethany Way,Drummondville,Prince Edward Island,J1S 0R4,Canada,1115797559,Ethan@thing.com
"",Brown,471,Armada Drive,Cambridge,Nova Scotia,G3E 2K4,Canada,203559606,null@woman.com
"",Jones,235,Clinton Avenue,Caledon,Prince Edward Island,V8C 0S2,Canada,163856867,null@book.com
Liam,Thomas,351,Beechwood Terrace,Hamilton,Prince Edward Island,L9R 0A0,Canada,1303153593,Liam@study.com
William,Miller,149,Aukland Place,Richmond,Nunavut,G0H 2P3,Canada,1267384419,William@problem.com
Jacob,Jackson,378,Chain Lake Drive,Saguenay,Newfoundland and Labrador,J1S 0R4,Canada,269271322,Jacob@story.com
