First Name,Last Name,Street Number,Street,City,Province,Postal Code,Country,Phone Number,email Address
Mason,,120,Cloverdale Road,,Northwest Territories,J9T 3H4,Canada,495529969,Mason@water.com
Alexander,Williams,397,Albert Place,Lethbridge,Nunavut,G3E 2K4,Canada,1388399724,Alexander@government.com
"",Johnson,452,Chipstone Close,Wood Buffalo,Northwest Territories,N5C 2J8,Canada,1183987432,null@place.com
Jacob,Moore,425,Birch Street,Oakville,Prince Edward Island,V8B 1P6,Canada,482918656,Jacob@lot.com
