First Name,Last Name,Street Number,Street,City,Province,Postal Code,Country,Phone Number,email Address
"",Anderson,193,Chain Rock Drive,Repentigny,New Brunswick,N4N 0B9,Canada,526800258,null@day.com
"",Davis,341,Cartaret Street,St. John's,Alberta,J9P 1C6,Canada,681843184,null@job.com
Jacob,Miller,29,"Alm-../../view.php?place=Alm-# Ramp, Halifax, ns, CANADA Ramp",Quebec City,Manitoba,H9S 1R4,Canada,243067624,Jacob@group.com
Ethan,Taylor,61,Carlina Court,Waterloo,New Brunswick,N8A 0B3,Canada,399659933,Ethan@number.com
"",Jackson,186,Cabot Place,Cambridge,Manitoba,E7E 3T7,Canada,313363412,null@money.com
"",Moore,5,Castlepark Grove,Waterloo,Nunavut,B2E 0X4,Canada,1112929767,null@week.com
William,Brown,444,Cedar Street,Oshawa,Alberta,H0H 3C9,Canada,1371510853,William@word.com
James,Anderson,308,Armcrescent West Avenue,Prince George,,G3H 0B4,Canada,404189847,James@system.com
"",,254,Boscobel Road,Sault Ste. Marie,Prince Edward Island,L0N 3J2,Canada,876010526,null@state.com
Mason,Wilson,138,Bilby Street,St. Catharines,Prince Edward Island,J0N 0Z3,Canada,220574908,Mason@room.com
Mason,Wilson,16,Armview Terrace,Terrebonne,Newfoundland and Labrador,N5C 2J8,Canada,341709553,Mason@question.com
"",Johnson,84,Artz Street,Peterborough,Northwest Territories,J0N 0Z3,Canada,614248554,null@school.com
Mason,Davis,288,Birmingham Street,Nanaimo,Newfoundland and Labrador,J9T 3H4,Canada,1265870553,Mason@group.com
James,Wilson,230,Bedros Lane,Terrebonne,British Columbia,H3J 3P2,Canada,1335834616,James@life.com
"",Wilson,145,Alderwood Drive,North Vancouver,Northwest Territories,T1L 2H8,Canada,153158122,null@work.com
"",Anderson,346,Castlepark Grove,Hamilton,Nunavut,V8C 0S2,Canada,558446826,null@right.com
Alexander,Moore,217,Albemarle Street,Blainville,Nunavut,N8H 2H6,Canada,328281865,Alexander@eye.com
"",Taylor,215,Botany Terrace,Waterloo,Yukon,H3J 3P2,Canada,1322413975,null@day.com
