First Name,Last Name,Street Number,Street,City,Province,Postal Code,Country,Phone Number,email Address
"",Jones,195,Clifton Street,Moncton,Quebec,V8C 0S2,Canada,569595426,null@study.com
Ethan,Wilson,38,Charlton Avenue,Airdrie,Quebec,V8B 1P6,Canada,1404402876,Ethan@world.com
Jacob,Davis,307,Bayers Road,Kamloops,Newfoundland and Labrador,J0N 0Z3,Canada,252759652,Jacob@woman.com
William,Williams,20,Blenheim Terrace,Victoria,New Brunswick,J9P 1C6,Canada,1081405529,William@case.com
William,Jones,5,Belmont On The Arm,St. Catharines,Saskatchewan,N8H 2H6,Canada,1284423374,William@water.com
"",Taylor,459,Clayder Lane,LÃ©vis,Quebec,B3V 2V1,Canada,539987670,null@world.com
