First Name,Last Name,Street Number,Street,City,Province,Postal Code,Country,Phone Number,email Address
Liam,Jackson,332,Boulderwood Road,Niagara Falls,,B3V 2V1,Canada,897444340,Liam@job.com
Ethan,,75,Avon Crescent,Cambridge,Quebec,N4N 0B9,Canada,1221246778,Ethan@mother.com
Jacob,Jones,136,Bayne Street,Quebec City,Nunavut,G0H 2P3,Canada,115174060,Jacob@water.com
Alexander,Miller,35,Clearview Street,Richmond,Newfoundland and Labrador,"V1K 1V0 ",Canada,1245849210,Alexander@company.com
Ethan,Jackson,386,Castlepark Grove,Burnaby,Northwest Territories,L9R 0A0,Canada,174702475,Ethan@mother.com
William,Brown,212,Bedford Highway Ramp,Lethbridge,Prince Edward Island,K1B 3B2,Canada,776674066,William@place.com
Alexander,Anderson,294,Annandale Street,Burlington,New Brunswick,L0N 3J2,Canada,1105206547,Alexander@story.com
Mason,Davis,295,Brackley Place,Winnipeg,Nova Scotia,E5V 3X5,Canada,294410186,Mason@eye.com
James,Davis,243,Ash Lake Court,Kamloops,Prince Edward Island,B3V 2V1,Canada,218697817,James@problem.com
Ethan,Anderson,293,Cedarbrae Lane,North Vancouver,Nunavut,E7E 3T7,Canada,234704915,Ethan@money.com
Mason,Jones,420,Beechwood Terrace,Norfolk County,Manitoba,J9P 1C6,Canada,1030325681,Mason@state.com
Liam,Brown,392,Berlin Street,Hamilton,Nunavut,J1S 0R4,Canada,543963121,Liam@fact.com
Jacob,Brown,445,Cascade Drive,New Westminster,Prince Edward Island,L0N 3J2,Canada,461688216,Jacob@family.com
Jacob,Wilson,181,Benalder Lane,Pickering,Yukon,V8B 1P6,Canada,424881192,Jacob@country.com
Ethan,Anderson,475,Armcrescent East Drive,Niagara Falls,British Columbia,L9R 0A0,Canada,845030117,Ethan@null
Jacob,Johnson,151,,Saint John,Yukon,V8B 1P6,Canada,842098747,Jacob@water.com
Ethan,,370,Broadholme Lane,Aurora,Saskatchewan,G0H 2P3,Canada,560996314,Ethan@week.com
William,Davis,271,Briarwood Crescent,Saint-Hyacinthe,Prince Edward Island,L3V 1Y8,Canada,1124680504,William@place.com
"",Brown,451,Cabot Back Lane,Halifax,Prince Edward Island,"V1K 1V0 ",Canada,260309924,null@state.com
Ethan,Williams,303,Annandale Street,Moncton,Nunavut,L4A 0T0,Canada,809384087,Ethan@school.com
Alexander,Thomas,440,Argyle Street,St. Catharines,Nunavut,J0J 3V6,Canada,908585769,Alexander@group.com
Mason,,245,Bright Place,Ajax,Saskatchewan,G3E 2K4,Canada,986274526,Mason@company.com
Liam,Johnson,470,Armview Terrace,St. John's,Prince Edward Island,H0H 3C9,Canada,1212529884,Liam@job.com
Liam,,459,Banbury Close,Strathcona County,Quebec,L9R 0A0,Canada,337362774,Liam@problem.com
Ethan,,102,Chadwick Place,Welland,Quebec,H0H 3C9,Canada,513323042,Ethan@night.com
William,Anderson,399,Albert Street,Red Deer,Northwest Territories,J1S 0R4,Canada,132303702,William@book.com
"",Miller,226,Bryden Avenue,London,Northwest Territories,N8H 2H6,Canada,416135586,null@country.com
Ethan,Anderson,414,Almon Street,Ajax,New Brunswick,G3H 0B4,Canada,592405068,Ethan@home.com
James,Miller,93,Cabot Street,Granby,Yukon,J0N 0Z3,Canada,1395333338,James@lot.com
Jacob,,281,Braemount Drive,Surrey,Saskatchewan,K1B 3B2,Canada,886060605,Jacob@lot.com
"",Taylor,40,Campbell Drive,Red Deer,,"L4A 0T3 ",Canada,219306105,null@study.com
