First Name,Last Name,Street Number,Street,City,Province,Postal Code,Country,Phone Number,email Address
Ethan,,195,Carroll Lane,Red Deer,Newfoundland and Labrador,N4N 0B9,Canada,880944741,Ethan@group.com
Jacob,Wilson,187,Cambridge Street,Strathcona County,Quebec,V8C 0S2,Canada,844190249,Jacob@government.com
James,Brown,345,Bridget Avenue,Sherbrooke,Alberta,,Canada,857432337,James@case.com
Liam,Williams,396,Clearview Street,Grande Prairie,Newfoundland and Labrador,H0H 3C9,Canada,542310629,Liam@case.com
Ethan,Thomas,37,Chester Avenue,Airdrie,Alberta,H3J 3P2,Canada,1197776043,Ethan@world.com
Mason,,183,Armcrescent West Avenue,Welland,Newfoundland and Labrador,J0N 0Z3,Canada,666558964,Mason@night.com
Alexander,Jones,437,Carrington Place,Hamilton,British Columbia,J1S 0R4,Canada,794248180,Alexander@question.com
James,Jones,399,Centre Gate,Sherbrooke,Newfoundland and Labrador,H3J 3P2,Canada,1151967513,James@day.com
Mason,Johnson,497,Chelmsford Place,Waterloo,Newfoundland and Labrador,G0H 2P3,Canada,221959232,Mason@fact.com
Ethan,Johnson,51,Breen Avenue,Nanaimo,Nunavut,J9T 3H4,Canada,1118147210,Ethan@study.com
"",Taylor,320,Aldergrove Drive,Coquitlam,,E4S 3C4,Canada,802174579,null@family.com
"",Thomas,348,Blowers Street,Drummondville,Nunavut,L9R 0A0,Canada,1144090997,null@null
"",Moore,185,Birkdale Crescent,Whitby,Nunavut,N8H 2H6,Canada,1036319436,null@woman.com
Mason,Brown,47,Central Avenue,Gatineau,Manitoba,V8B 1P6,Canada,897905323,Mason@company.com
Mason,Jones,31,Belle Aire Terrace,Sherbrooke,New Brunswick,H9S 1R4,Canada,1321603603,Mason@money.com
William,Johnson,288,Caitland Court,Belleville,Quebec,N8H 2H6,Canada,658037495,William@company.com
James,Thomas,156,Birches Drive,Airdrie,British Columbia,H0H 3C9,Canada,1040702318,James@night.com
Ethan,Moore,128,Alderwood Drive,Saint-Jean-sur-Richelieu,Northwest Territories,V8C 0S2,Canada,873680137,Ethan@month.com
Ethan,,48,Central Avenue,Chilliwack,Newfoundland and Labrador,J9P 1C6,Canada,930543854,Ethan@question.com
James,Brown,13,Artillery Place,Saskatoon,Prince Edward Island,L4A 0T0,Canada,494665770,James@null
"",Anderson,202,Carmichael Street,Winnipeg,Nunavut,E4M 2G2,Canada,1072767820,null@school.com
Jacob,Thomas,154,Chelmsford Place,Burlington,Saskatchewan,H3J 3P2,Canada,1014169205,Jacob@problem.com
Alexander,Wilson,49,Armstrong Court,Oshawa,Nunavut,G3H 0B4,Canada,892472913,Alexander@water.com
"",Miller,166,Blue Thistle Road,Gatineau,Nunavut,H3J 3P2,Canada,898798697,null@number.com
Jacob,Wilson,301,Armada Drive,North Vancouver,Manitoba,H9S 1R4,Canada,702625622,Jacob@work.com
Alexander,Jackson,120,Alderwood Drive,Moncton,Northwest Territories,E4S 3C4,Canada,864079386,Alexander@point.com
Alexander,Moore,468,Clifton Street,Pickering,Northwest Territories,N5C 2J8,Canada,966409192,Alexander@people.com
"",Moore,39,Abercrombie Lane,Brantford,Prince Edward Island,V8B 1P6,Canada,995053459,null@room.com
Jacob,Miller,46,Bristol Place,Saint-Jean-sur-Richelieu,Northwest Territories,"L4A 0T3 ",Canada,835744037,Jacob@word.com
Liam,Miller,143,Archibald Avenue,Regina,New Brunswick,J0N 0Z3,Canada,144819656,Liam@work.com
Jacob,Miller,66,Chartwell Lane,Brampton,,G3E 2K4,Canada,304397431,Jacob@word.com
"",Johnson,82,Buffers Lane,North Vancouver,New Brunswick,H9S 1R4,Canada,839433595,null@question.com
Jacob,,78,Chelmsford Place,Brampton,Newfoundland and Labrador,L0N 3J2,Canada,1267756987,Jacob@woman.com
Mason,Thomas,159,Ash Lake Court,Vancouver,Saskatchewan,N8H 2H6,Canada,1011208349,Mason@eye.com
Mason,Anderson,54,Agricola Street,Cape Breton,Prince Edward Island,B2E 0X4,Canada,840035137,Mason@story.com
Ethan,Davis,139,Castine Way,Winnipeg,Saskatchewan,J0J 3V6,Canada,441362252,Ethan@thing.com
Alexander,Jackson,130,Angus L Macdonald Bridge,St. Albert,Newfoundland and Labrador,T1L 2H8,Canada,1339912831,Alexander@lot.com
Alexander,Jackson,449,Carriageway Crescent,Saint John,Nunavut,J1S 0R4,Canada,1103081237,Alexander@room.com
James,Davis,406,Cherry Street,Nanaimo,Quebec,V8C 0S2,Canada,859285523,James@null
Ethan,Jones,362,Abbott Drive,Drummondville,Prince Edward Island,E7E 3T7,Canada,1142409080,Ethan@group.com
