First Name,Last Name,Street Number,Street,City,Province,Postal Code,Country,Phone Number,email Address
"",Williams,142,Artz Street,Oakville,Saskatchewan,"B0T 0Y5 ",Canada,787533689,null@hand.com
Jacob,Jackson,25,Aster Court,Cape Breton,British Columbia,J0J 3V6,Canada,603890095,Jacob@way.com
Alexander,Williams,148,Braeburn Road,Fredericton,Nunavut,"V1K 1V0 ",Canada,1318599258,Alexander@water.com
"",Jackson,181,Cedarbank Terrace,Brantford,British Columbia,G6X 2L1,Canada,777552222,null@woman.com
"",Johnson,67,Blowers Street,Clarington,,T1L 2H8,Canada,1076527224,null@number.com
William,Williams,163,"Alm-../../view.php?place=Alm-# Ramp, Halifax, ns, CANADA Ramp",Niagara Falls,Newfoundland and Labrador,B3V 2V1,Canada,420437451,William@business.com
