FirstName,LastName,StreetNumber,Street,City,Province,PostalCode,Country,PhoneNumber,emailAddress
,Brown,480,Beachstone Drive,Grande Prairie,Newfoundland and Labrador,E7E 3T7,Canada,905445793,null@job.com
William,Wilson,51,Catamaran Road,Cape Breton,Manitoba,H9S 1R4,Canada,116844703,William@number.com
Mason,Williams,23,Ardwell Avenue,St. Catharines,Saskatchewan,G3H 0B4,Canada,128233134,Mason@Mr.com
Alexander,Anderson,468,Arvida Avenue,Oakville,Newfoundland and Labrador,T1L 2H8,Canada,345020194,Alexander@question.com
Mason,Jones,361,Black Street,Granby,Saskatchewan,H9S 1R4,Canada,530029846,Mason@problem.com
William,Brown,380,Alumni Crescent,Saskatoon,Prince Edward Island,B2E 0X4,Canada,1182045313,William@right.com
,Brown,280,Ashton Lane,Montreal,Northwest Territories,G3E 2K4,Canada,511212344,null@school.com
Ethan,Jones,109,Black Street,Sherbrooke,,N5C 2J8,Canada,871358060,Ethan@question.com
Ethan,Williams,101,Beachstone Drive,Medicine Hat,Prince Edward Island,B3V 2V1,Canada,972904745,Ethan@word.com
Jacob,Jackson,92,Annandale Street,North Vancouver,Newfoundland and Labrador,E4M 2G2,Canada,776240378,Jacob@case.com
Ethan,Anderson,120,Alm-a Ramp,Strathcona County,New Brunswick,N8H 2H6,Canada,305133502,Ethan@story.com
Jacob,Williams,131,Buffers Lane,Kamloops,Nova Scotia,J0J 3V6,Canada,371192488,Jacob@man.com
