First Name,Last Name,Street Number,Street,City,Province,Postal Code,Country,Phone Number,email Address
Ethan,Taylor,86,Birchfield Crescent,Mississauga,Saskatchewan,E5V 3X5,Canada,1398764215,Ethan@word.com
Ethan,Taylor,404,Birchdale Avenue,Saint-Hyacinthe,Nunavut,,Canada,557200139,Ethan@school.com
"",Jackson,91,Africville Road,Fredericton,Nunavut,"V1K 1V0 ",Canada,617569634,null@word.com
William,Jones,463,Artz Street,North Vancouver,Alberta,G0H 2P3,Canada,1381724067,William@year.com
James,Anderson,375,Chocolate Lake Road,Quebec City,Nova Scotia,"L4A 0T3 ",Canada,339991458,James@family.com
James,Jones,230,Beaufort Avenue,Milton,Nova Scotia,T1L 2H8,Canada,922351644,James@world.com
Mason,Taylor,264,Chipstone Close,Markham,Nunavut,L3V 1Y8,Canada,557945266,Mason@question.com
Jacob,,312,Clayton Park Drive,Gatineau,Prince Edward Island,J9T 3H4,Canada,1360616712,Jacob@month.com
Liam,Thomas,450,Blue Thistle Road,Calgary,Northwest Territories,L9R 0A0,Canada,845458794,Liam@water.com
Ethan,Davis,74,Africville Road,Mirabel,New Brunswick,E5V 3X5,Canada,176215211,Ethan@Mr.com
William,Jackson,306,Banbury Close,Windsor,Northwest Territories,J9T 3H4,Canada,1027595239,William@world.com
William,Wilson,266,Bayne St Ramp,Winnipeg,Northwest Territories,N8A 0B3,Canada,1199590952,William@right.com
"",Brown,76,Brackley Place,Delta,Nova Scotia,B3V 2V1,Canada,106603246,null@home.com
"",Johnson,486,Barrington Street,Victoria,Alberta,N5C 2J8,Canada,718233465,null@home.com
Mason,Davis,85,Braeside Lane,Victoria,New Brunswick,E7E 3T7,Canada,918128540,Mason@fact.com
William,Taylor,351,Anchor Drive,Saint-Hyacinthe,Saskatchewan,G3H 0B4,Canada,721464551,William@year.com
"",Jones,362,Bermuda Avenue,St. Catharines,Prince Edward Island,E4M 2G2,Canada,843261540,null@year.com
"",Jones,376,Armstrong Court,Halifax,British Columbia,H0H 3C9,Canada,330835059,null@hand.com
"",Thomas,487,Brook Street,Peterborough,New Brunswick,L3V 1Y8,Canada,1192225502,null@program.com
Mason,Wilson,348,Bayne St Ramp,Drummondville,Newfoundland and Labrador,J0J 3V6,Canada,888137510,Mason@day.com
Alexander,Davis,101,Ardwell Avenue,Whitby,Prince Edward Island,J1S 0R4,Canada,504139712,Alexander@way.com
William,Thomas,27,Berlin Street,North Vancouver,Alberta,T1L 2H8,Canada,795604628,William@lot.com
"",Taylor,326,Alm-b Ramp,Quebec City,Newfoundland and Labrador,B3V 2V1,Canada,146297769,null@question.com
James,Jackson,343,Cherry Lane,Moncton,Nunavut,,Canada,263988191,James@null
Mason,Brown,420,Boscobel Road,Trois-RiviÃ¨res,Yukon,L0N 3J2,Canada,583849894,Mason@school.com
Jacob,Moore,252,Bliss Street,North Vancouver,,J1S 0R4,Canada,860791033,Jacob@hand.com
Ethan,Johnson,332,Ashdale Avenue,Strathcona County,Manitoba,H3J 3P2,Canada,839745705,Ethan@business.com
Mason,Miller,327,Annandale Street,LÃ©vis,Northwest Territories,G3H 0B4,Canada,215827033,Mason@right.com
William,Jones,200,Claremont Street,Saguenay,New Brunswick,J0N 0Z3,Canada,820051869,William@group.com
"",Jones,273,Alm-a Ramp,Winnipeg,Prince Edward Island,N8A 0B3,Canada,1093354158,null@job.com
James,Williams,62,Brunswick Street,Clarington,Prince Edward Island,L0N 3J2,Canada,1275251514,James@eye.com
James,Jackson,60,Botany Terrace,Mississauga,Nunavut,G3H 0B4,Canada,710437663,James@case.com
Alexander,Anderson,162,Canary Crescent,North Vancouver,Prince Edward Island,J1S 0R4,Canada,764539504,Alexander@child.com
Jacob,Moore,411,Benjamin Green Drive,Whitby,Saskatchewan,E4M 2G2,Canada,712337007,Jacob@fact.com
Alexander,Anderson,285,Bonaventure Drive,Red Deer,Prince Edward Island,E7E 3T7,Canada,601571353,Alexander@system.com
William,Miller,229,Chester Avenue,Edmonton,Newfoundland and Labrador,N8H 2H6,Canada,601004149,William@money.com
William,Taylor,226,Black Street,Oakville,Nunavut,L9R 0A0,Canada,206593418,William@point.com
"",Jones,168,Boulderwood Road,Welland,Northwest Territories,L0N 3J2,Canada,313351515,null@world.com
James,Brown,500,Bethany Way,Chilliwack,Northwest Territories,T1L 2H8,Canada,642802279,James@family.com
Ethan,Moore,46,Bedford Row,Repentigny,Prince Edward Island,H0H 3C9,Canada,1128736185,Ethan@null
