First Name,Last Name,Street Number,Street,City,Province,Postal Code,Country,Phone Number,email Address
Mason,Miller,152,Aster Court,Vaughan,Nunavut,N8A 0B3,Canada,1278639673,Mason@state.com
William,,176,Bell Road,Sherbrooke,New Brunswick,G6X 2L1,Canada,701016359,William@room.com
Liam,Johnson,403,Banbury Close,Cape Breton,Saskatchewan,N4N 0B9,Canada,1207179058,Liam@woman.com
Alexander,Jackson,293,Arthur Street,Delta,Nova Scotia,H3J 3P2,Canada,844582088,Alexander@government.com
Alexander,Brown,328,Circle Drive,Red Deer,Newfoundland and Labrador,N5C 2J8,Canada,1050646039,Alexander@thing.com
"",Thomas,67,Ardwell Avenue,Richmond,Northwest Territories,H3J 3P2,Canada,1017524807,null@number.com
William,Jackson,251,Birkdale Crescent,Sherbrooke,Northwest Territories,L0N 3J2,Canada,300720442,William@Mr.com
James,Jones,36,Aster Court,Saint John,Prince Edward Island,G3H 0B4,Canada,611378790,James@story.com
Liam,Moore,455,Black Street,Thunder Bay,Newfoundland and Labrador,G0H 2P3,Canada,774874417,Liam@home.com
"",Miller,162,Berts Drive,Prince George,Alberta,L3V 1Y8,Canada,1162720996,null@year.com
Jacob,Taylor,167,Cedarbrae Lane,Quebec City,Alberta,G6X 2L1,Canada,446987742,Jacob@mother.com
Mason,Taylor,175,Barracks Drive,Waterloo,Northwest Territories,H3J 3P2,Canada,1307408542,Mason@year.com
Alexander,Brown,208,Brackley Place,Kitchener,Alberta,"V1K 1V0 ",Canada,1386870862,Alexander@week.com
Liam,Anderson,159,Archibald Avenue,Terrebonne,Prince Edward Island,H3J 3P2,Canada,350570091,Liam@year.com
"",Jones,300,Avon Crescent,Chatham-Kent,,G6X 2L1,Canada,936765609,null@mother.com
Mason,Jackson,150,Cambridge Street,Brantford,Northwest Territories,N4N 0B9,Canada,1200902108,Mason@system.com
"",Taylor,57,Cherry Street,Medicine Hat,Alberta,V8C 0S2,Canada,1041524985,null@part.com
William,Brown,138,Cairnwell Close,Medicine Hat,Alberta,E7E 3T7,Canada,1400373698,William@thing.com
Ethan,Williams,270,Clayder Lane,St. Catharines,Alberta,N8A 0B3,Canada,994486798,Ethan@fact.com
Ethan,Moore,347,Balmoral Road,Delta,Newfoundland and Labrador,N5C 2J8,Canada,192177343,Ethan@world.com
James,Williams,349,Bison Crescent,Milton,Northwest Territories,"V1K 1V0 ",Canada,302783771,James@group.com
Liam,Jackson,368,Alumni Crescent,Richmond Hill,Yukon,N8H 2H6,Canada,387255082,Liam@family.com
Liam,Jackson,458,Blowers Street,Repentigny,Northwest Territories,B2E 0X4,Canada,1319203235,Liam@state.com
Ethan,Thomas,462,Alma Crescent,Chilliwack,Yukon,N8H 2H6,Canada,1247324368,Ethan@job.com
Jacob,Jackson,187,Clovis Avenue,LÃ©vis,Prince Edward Island,E5V 3X5,Canada,1180943206,Jacob@problem.com
"",Williams,53,Alm-a Ramp,Red Deer,Nova Scotia,V8B 1P6,Canada,576638511,null@people.com
"",Thomas,185,Albert Place,Mississauga,Newfoundland and Labrador,J0J 3V6,Canada,1018671768,null@eye.com
