First Name,Last Name,Street Number,Street,City,Province,Postal Code,Country,Phone Number,email Address
James,Anderson,34,Catamaran Road,Victoria,Saskatchewan,"L4A 0T3 ",Canada,893756833,James@problem.com
Ethan,Thomas,44,Bower Road,Strathcona County,Prince Edward Island,E4S 3C4,Canada,336334546,Ethan@woman.com
Alexander,,318,Apollo Court,Richmond Hill,Northwest Territories,,Canada,956280962,Alexander@world.com
"",Moore,170,Carriageway Crescent,Sault Ste. Marie,New Brunswick,"V1K 1V0 ",Canada,1245022141,null@people.com
Liam,Johnson,9,Bloomfield Street,Pickering,Nunavut,"V1K 1V0 ",Canada,621748649,Liam@part.com
Liam,,25,Agricola Street,Terrebonne,Manitoba,N5C 2J8,Canada,842688961,Liam@system.com
James,Williams,382,Chester Avenue,Montreal,Newfoundland and Labrador,E7E 3T7,Canada,468390634,James@system.com
"",Miller,88,Briarwood Crescent,St. Catharines,Prince Edward Island,L0N 3J2,Canada,768212443,null@fact.com
Ethan,Jones,478,Bell Road,Oshawa,Prince Edward Island,J0J 3V6,Canada,599208672,Ethan@country.com
Liam,Johnson,92,Barkton Lane,Moncton,Prince Edward Island,K1B 3B2,Canada,714591541,Liam@state.com
Mason,Taylor,327,Cabot Place,Saint-JÃ©rÃ´me,Quebec,,Canada,489954772,Mason@hand.com
Ethan,Davis,88,Chadwick Place,Coquitlam,New Brunswick,L0N 3J2,Canada,709980904,Ethan@fact.com
William,Wilson,416,Apollo Court,Abbotsford,Northwest Territories,B2E 0X4,Canada,128701529,William@program.com
"",Davis,383,Amberwood Court,Pickering,Nunavut,L3V 1Y8,Canada,270377940,null@life.com
Mason,Jackson,272,Catamaran Road,Granby,Alberta,N5C 2J8,Canada,187478855,Mason@eye.com
Mason,Wilson,217,Autumn Drive,Calgary,Quebec,"V1K 1V0 ",Canada,219308411,Mason@life.com
Alexander,Johnson,284,Attenborough Court,Saguenay,Nunavut,L3V 1Y8,Canada,1385217247,Alexander@right.com
William,Davis,155,Brodick Lane,Halifax,Yukon,V8C 0S2,Canada,602927409,William@water.com
"",Brown,381,Auburn Avenue,Surrey,Prince Edward Island,E4M 2G2,Canada,1019766878,null@company.com
Alexander,Moore,160,Birchview Drive,Windsor,,J9P 1C6,Canada,780657293,Alexander@Mr.com
Liam,Miller,26,Carlina Court,Niagara Falls,Nova Scotia,L9R 0A0,Canada,260383226,Liam@study.com
Alexander,Taylor,331,Aikens Avenue,Ottawa,British Columbia,V8C 0S2,Canada,1160978786,Alexander@day.com
Liam,Jones,32,Albert Place,Oshawa,Nunavut,L3V 1Y8,Canada,1383186046,Liam@room.com
William,Taylor,288,Altavista Lane,Caledon,Northwest Territories,E7E 3T7,Canada,308969745,William@word.com
Alexander,Wilson,133,Benjamin Green Drive,Montreal,Northwest Territories,H0H 3C9,Canada,990976235,Alexander@water.com
Mason,Taylor,453,Churchill Drive,Coquitlam,Yukon,J0J 3V6,Canada,593928345,Mason@group.com
Jacob,Taylor,8,Aikens Avenue,Oakville,Manitoba,E7E 3T7,Canada,1355571092,Jacob@woman.com
James,Thomas,463,Albert Place,Cape Breton,Newfoundland and Labrador,V8B 1P6,Canada,474147101,James@group.com
Jacob,Anderson,229,Chelsea Lane,LÃ©vis,Yukon,"L4A 0T3 ",Canada,528532514,Jacob@hand.com
Ethan,Taylor,166,Alm-d Ramp,Airdrie,Saskatchewan,N8H 2H6,Canada,1076179589,Ethan@month.com
Alexander,Williams,362,Armstrong Court,Oakville,Quebec,T1L 2H8,Canada,1314095795,Alexander@hand.com
William,Thomas,438,Campbell Drive,Newmarket,Saskatchewan,B2E 0X4,Canada,562051097,William@room.com
James,,132,Alm-d Ramp,Richmond Hill,Nova Scotia,N4N 0B9,Canada,130161025,James@month.com
Ethan,Williams,28,Cartaret Street,Prince George,Nunavut,"V1K 1V0 ",Canada,872089900,Ethan@right.com
"",Jackson,278,Chain Lake Drive,Gatineau,Northwest Territories,,Canada,805795872,null@right.com
James,Williams,203,Bellevue Avenue,LÃ©vis,Northwest Territories,E4M 2G2,Canada,695516400,James@child.com
James,Moore,341,Abbott Drive,Ajax,Nova Scotia,,Canada,755947125,James@life.com
Liam,Jones,419,Battery 18th Road,Brampton,New Brunswick,G3H 0B4,Canada,1137364811,Liam@lot.com
James,Jackson,231,Abercrombie Lane,Norfolk County,Prince Edward Island,N8A 0B3,Canada,1311705064,James@home.com
William,Johnson,405,Broadholme Lane,Saint-Jean-sur-Richelieu,British Columbia,B3V 2V1,Canada,1024308894,William@story.com
Jacob,Anderson,342,Abbott Drive,Vancouver,New Brunswick,N8A 0B3,Canada,849274914,Jacob@null
