First Name,Last Name,Street Number,Street,City,Province,Postal Code,Country,Phone Number,email Address
"",Anderson,309,Cherry Street,Greater Sudbury,Nova Scotia,N4N 0B9,Canada,584552452,null@part.com
Alexander,Davis,23,Benalder Lane,Pickering,Newfoundland and Labrador,"L4A 0T3 ",Canada,786431935,Alexander@place.com
Alexander,,378,Chadwick Place,Wood Buffalo,Prince Edward Island,E5V 3X5,Canada,1227273114,Alexander@case.com
Jacob,Williams,365,"Alm-../../view.php?place=Alm-# Ramp, Halifax, ns, CANADA Ramp",Saint-Jean-sur-Richelieu,Nunavut,E5V 3X5,Canada,1037566515,Jacob@eye.com
Ethan,Williams,246,Bright Place,Caledon,New Brunswick,J9P 1C6,Canada,733363187,Ethan@man.com
Liam,,327,Alm-a Ramp,,Prince Edward Island,"L4A 0T3 ",Canada,975730968,Liam@family.com
Ethan,Davis,386,Birch Cove Lane,Drummondville,Alberta,"L4A 0T3 ",Canada,903719916,Ethan@study.com
Liam,Taylor,399,Castine Way,Caledon,Nunavut,L3V 1Y8,Canada,203656131,Liam@job.com
"",Johnson,338,Aurora Avenue,Fredericton,Prince Edward Island,K1B 3B2,Canada,1283085034,null@week.com
Ethan,Moore,436,Centre Gate,Caledon,Alberta,J1S 0R4,Canada,895871839,Ethan@fact.com
William,Thomas,354,Bauer Street,Saint-Hyacinthe,Northwest Territories,E4S 3C4,Canada,1386228158,William@people.com
"",Miller,128,Chadwick Place,Greater Sudbury,Manitoba,E4S 3C4,Canada,312664553,null@child.com
William,Miller,74,Armstrong Court,Wood Buffalo,Yukon,B2E 0X4,Canada,604605837,William@word.com
"",Johnson,477,Brockhurst Close,Saint-JÃ©rÃ´me,New Brunswick,H9S 1R4,Canada,181919588,null@government.com
"",Miller,31,Castle Hill Drive,Moncton,Manitoba,N4N 0B9,Canada,627798557,null@case.com
James,Williams,117,Ahern Avenue,Richmond Hill,Yukon,L4A 0T0,Canada,482582907,James@way.com
Ethan,Taylor,176,Briar Place,Milton,New Brunswick,E7E 3T7,Canada,1290055744,Ethan@time.com
James,Williams,81,Abrams Way,Windsor,Newfoundland and Labrador,G3E 2K4,Canada,423442409,James@world.com
Jacob,Thomas,166,Blowers Street,Brampton,Northwest Territories,E4S 3C4,Canada,1110779966,Jacob@place.com
"",Johnson,297,Argyle Street,Sault Ste. Marie,Prince Edward Island,H3J 3P2,Canada,666621254,null@part.com
Liam,Brown,227,Brigadier Court,Burnaby,Manitoba,L0N 3J2,Canada,385721269,Liam@month.com
"",Jones,45,Bauer Street,Terrebonne,Yukon,L9R 0A0,Canada,225624346,null@Mr.com
Alexander,Anderson,245,Chebucto Lane,Wood Buffalo,Yukon,V8B 1P6,Canada,1339892200,Alexander@question.com
William,Jackson,483,Beech Street,Nanaimo,Prince Edward Island,J0J 3V6,Canada,416753980,William@word.com
Liam,Jackson,84,Briar Lane,Medicine Hat,Prince Edward Island,"V1K 1V0 ",Canada,1298190732,Liam@Mr.com
James,Moore,211,Brunswick Street,Cambridge,Prince Edward Island,H3J 3P2,Canada,889129250,James@family.com
Jacob,,58,Amberwood Court,Whitby,Prince Edward Island,T1L 2H8,Canada,532309861,Jacob@night.com
"",Johnson,52,Avon Crescent,Oshawa,Newfoundland and Labrador,V8B 1P6,Canada,211956182,null@night.com
