First Name,Last Name,Street Number,Street,City,Province,Postal Code,Country,Phone Number,email Address
Ethan,Jackson,331,Brook Street,Newmarket,,J1S 0R4,Canada,841311428,Ethan@work.com
Ethan,Thomas,465,Alton Drive,Grande Prairie,Nova Scotia,H9S 1R4,Canada,560722739,Ethan@company.com
Ethan,Anderson,95,Albert Walker Drive,Guelph,Newfoundland and Labrador,G6X 2L1,Canada,304067495,Ethan@company.com
William,Miller,317,Botany Terrace,Lethbridge,Nunavut,V8C 0S2,Canada,907007086,William@company.com
James,Jones,441,Alex Street,Drummondville,New Brunswick,E5V 3X5,Canada,401617881,James@money.com
Jacob,,209,Brodick Lane,St. John's,Nova Scotia,K1B 3B2,Canada,348226657,Jacob@government.com
Mason,Wilson,65,Brigadier Court,Sherbrooke,Yukon,,Canada,1263523429,Mason@state.com
Jacob,Miller,6,Bosun Run,Kamloops,Northwest Territories,J0J 3V6,Canada,1387164060,Jacob@home.com
Alexander,Jones,189,Banbury Close,New Westminster,Alberta,J1S 0R4,Canada,499439457,Alexander@hand.com
Liam,Jones,208,Ashdale Avenue,,Alberta,H9S 1R4,Canada,778151573,Liam@room.com
Ethan,Jackson,24,Castlepark Grove,Fredericton,Quebec,E7E 3T7,Canada,355718608,Ethan@lot.com
Liam,Thomas,168,Brenton Street,Welland,Alberta,G3H 0B4,Canada,1289567987,Liam@water.com
Alexander,Taylor,99,Catamaran Road,Richmond Hill,Manitoba,N5C 2J8,Canada,1150866251,Alexander@woman.com
Mason,Taylor,71,Chelmsford Place,Strathcona County,Prince Edward Island,E4M 2G2,Canada,906707277,Mason@part.com
Ethan,Brown,119,Ashburn Avenue,Richmond Hill,Quebec,J9T 3H4,Canada,1139376227,Ethan@system.com
Jacob,Jackson,53,Berlin Street,Calgary,Nunavut,G0H 2P3,Canada,571279768,Jacob@place.com
James,Wilson,377,Bethany Way,Newmarket,Newfoundland and Labrador,N8H 2H6,Canada,1100088509,James@eye.com
Jacob,Miller,120,Arlington Avenue,Strathcona County,Prince Edward Island,N8A 0B3,Canada,395683396,Jacob@day.com
