First Name,Last Name,Street Number,Street,City,Province,Postal Code,Country,Phone Number,email Address
"",Brown,425,Bell Road,Langley,,H9S 1R4,Canada,944415152,null@mother.com
Mason,Williams,258,Chisholm Avenue,Drummondville,Nova Scotia,H3J 3P2,Canada,1235738598,Mason@study.com
Alexander,,176,Albert Place,Langley,Newfoundland and Labrador,B3V 2V1,Canada,1024266589,Alexander@eye.com
Jacob,Davis,207,Chester Avenue,Oshawa,Nunavut,L0N 3J2,Canada,350521752,Jacob@hand.com
William,Moore,456,Bilton Lane,Brantford,Newfoundland and Labrador,"L4A 0T3 ",Canada,1106541089,William@question.com
Alexander,Davis,422,Chocolate Lake Road,Trois-RiviÃ¨res,Prince Edward Island,"L4A 0T3 ",Canada,341446732,Alexander@family.com
James,,328,Bridges Street,Saint John,Quebec,G3E 2K4,Canada,1265184521,James@mother.com
Liam,Thomas,283,Buffers Lane,Kawartha Lakes,Alberta,,Canada,466760046,Liam@story.com
"",Davis,66,Caxton Close,Drummondville,New Brunswick,H0H 3C9,Canada,973858500,null@program.com
Alexander,,408,Brenton Street,Drummondville,Nova Scotia,"L4A 0T3 ",Canada,923028064,Alexander@company.com
"",Jones,433,Carmichael Street,Winnipeg,Quebec,,Canada,424772761,null@work.com
Jacob,Anderson,290,Carrington Place,Saint-JÃ©rÃ´me,Alberta,G6X 2L1,Canada,574832976,Jacob@way.com
"",Davis,15,Bedros Lane,Mississauga,Yukon,E5V 3X5,Canada,845338503,null@money.com
Alexander,Wilson,499,Ashburn Avenue,Saskatoon,,N5C 2J8,Canada,230340487,Alexander@company.com
James,Taylor,241,Africville Road,Caledon,Northwest Territories,H3J 3P2,Canada,1255074442,James@woman.com
James,Williams,235,Birchview Drive,Delta,Nova Scotia,J0N 0Z3,Canada,949621200,James@family.com
Liam,Miller,178,Brenton Street,Vancouver,Northwest Territories,N5C 2J8,Canada,735364253,Liam@book.com
Alexander,Jones,329,Centre Gate,Medicine Hat,Nova Scotia,G3H 0B4,Canada,1228925263,Alexander@word.com
Liam,Wilson,16,Alm-a Ramp,Niagara Falls,Nunavut,B2E 0X4,Canada,923878490,Liam@group.com
"",Johnson,471,Boulderwood Road,Lethbridge,Yukon,E4M 2G2,Canada,445376455,null@lot.com
Ethan,Brown,176,Adams Avenue,Norfolk County,New Brunswick,J0N 0Z3,Canada,1000880158,Ethan@night.com
James,Moore,303,Canary Crescent,Coquitlam,Northwest Territories,H0H 3C9,Canada,1388693383,James@time.com
James,,186,Alm-d Ramp,Brossard,Northwest Territories,J9T 3H4,Canada,827949162,James@year.com
Liam,Williams,449,Caitland Court,Brossard,Saskatchewan,H0H 3C9,Canada,1370848879,Liam@study.com
Jacob,Davis,71,Bayview Road,Victoria,Nova Scotia,J0J 3V6,Canada,986152602,Jacob@fact.com
Ethan,Davis,393,Auburn Avenue,Kingston,Alberta,V8C 0S2,Canada,910988924,Ethan@Mr.com
Ethan,,167,Blowers Street,Newmarket,Prince Edward Island,H0H 3C9,Canada,358300060,Ethan@place.com
Ethan,Taylor,349,Bliss Street,Thunder Bay,Newfoundland and Labrador,,Canada,627008457,Ethan@part.com
Alexander,Wilson,296,Adelaide Avenue,Saint John,Prince Edward Island,N8H 2H6,Canada,598672808,Alexander@book.com
Mason,Miller,145,Balcomes Drive,Lethbridge,,G3H 0B4,Canada,177002981,Mason@country.com
Ethan,Jackson,17,Cambridge Street,Windsor,,N8A 0B3,Canada,1262733213,Ethan@month.com
William,Wilson,107,Battery Drive,Brossard,Saskatchewan,J9T 3H4,Canada,157643959,William@country.com
