First Name,Last Name,Street Number,Street,City,Province,Postal Code,Country,Phone Number,email Address
Alexander,Williams,169,Brigadier Court,Red Deer,Alberta,G0H 2P3,Canada,656035589,Alexander@year.com
"",Wilson,169,Alderwood Drive,Kamloops,Alberta,V8C 0S2,Canada,519529527,null@month.com
James,Moore,140,Agricola Street,Nanaimo,Saskatchewan,N5C 2J8,Canada,986525977,James@problem.com
James,Jackson,311,Bonaventure Drive,Newmarket,Manitoba,L4A 0T0,Canada,510609084,James@day.com
Ethan,Brown,199,Bristol Place,Saint John,Prince Edward Island,B3V 2V1,Canada,770353655,Ethan@hand.com
