First Name,Last Name,Street Number,Street,City,Province,Postal Code,Country,Phone Number,email Address
Alexander,,360,Breen Avenue,Trois-RiviÃ¨res,Alberta,N5C 2J8,Canada,203224141,Alexander@month.com
Alexander,Davis,261,Boscobel Road,Sherbrooke,Manitoba,N4N 0B9,Canada,661322143,Alexander@world.com
Ethan,Thomas,53,Brigadier Court,Montreal,Nunavut,L9R 0A0,Canada,868373552,Ethan@country.com
James,Johnson,409,Blowers Street,Barrie,Manitoba,L0N 3J2,Canada,796227162,James@program.com
William,Davis,182,Arthur Street,Oakville,Nunavut,N8A 0B3,Canada,1109095842,William@eye.com
Ethan,Jones,111,Alm-a Ramp,Gatineau,Nunavut,L0N 3J2,Canada,695786680,Ethan@man.com
Alexander,Williams,371,Armview Avenue,New Westminster,Alberta,N4N 0B9,Canada,1308588341,Alexander@number.com
Jacob,Williams,51,Brackley Place,Saguenay,Prince Edward Island,E5V 3X5,Canada,922869570,Jacob@point.com
Jacob,Thomas,217,Arnold Drive,Belleville,Nunavut,J0N 0Z3,Canada,932170701,Jacob@group.com
Jacob,,4,Cloverdale Road,Red Deer,Northwest Territories,E7E 3T7,Canada,595739844,Jacob@case.com
William,Anderson,143,Alderwood Drive,Guelph,Newfoundland and Labrador,E7E 3T7,Canada,407098397,William@story.com
Ethan,Jones,402,Buddy Daye Street,Saint-JÃ©rÃ´me,Saskatchewan,E5V 3X5,Canada,845944729,Ethan@right.com
William,Johnson,150,Aukland Place,Brantford,Quebec,J0N 0Z3,Canada,535134363,William@water.com
Alexander,Moore,137,Alm-d Ramp,St. John's,,J9T 3H4,Canada,836953618,Alexander@study.com
Ethan,Anderson,229,Attenborough Court,Milton,Manitoba,H3J 3P2,Canada,1367500539,Ethan@hand.com
Ethan,Thomas,284,Belmont On The Arm,St. John's,Yukon,B2E 0X4,Canada,453589995,Ethan@world.com
"",Williams,206,Braeburn Road,Brantford,Prince Edward Island,V8C 0S2,Canada,605976764,null@null
"",Moore,144,Bishop Street,Drummondville,Prince Edward Island,E5V 3X5,Canada,116008828,null@year.com
Mason,Taylor,436,Abercrombie Lane,Moncton,Northwest Territories,T1L 2H8,Canada,205795005,Mason@government.com
Jacob,,211,Bishop Street,Kamloops,Northwest Territories,J0J 3V6,Canada,135067466,Jacob@thing.com
Alexander,Wilson,124,Braemount Drive,Brantford,Saskatchewan,H0H 3C9,Canada,641737201,Alexander@time.com
William,Johnson,83,Argyle Street,Abbotsford,Manitoba,"B0T 0Y5 ",Canada,267361527,William@government.com
"",Taylor,371,Armoury Place,Mississauga,Northwest Territories,,Canada,609966595,null@home.com
Ethan,Moore,69,Blowers Street,Saint-Hyacinthe,,H0H 3C9,Canada,157604809,Ethan@question.com
James,Jackson,43,Bobolink Street,Caledon,Nunavut,E7E 3T7,Canada,101445501,James@family.com
"",Johnson,309,Belmont On The Arm,Prince George,Nova Scotia,L4A 0T0,Canada,745297534,null@day.com
