First Name,Last Name,Street Number,Street,City,Province,Postal Code,Country,Phone Number,email Address
Mason,Taylor,196,Alex Street,Halton Hills,Nunavut,"B0T 0Y5 ",Canada,1395657174,Mason@job.com
Liam,Anderson,177,Birchview Drive,London,Newfoundland and Labrador,E4S 3C4,Canada,1391929604,Liam@time.com
James,Taylor,420,Adelaide Avenue,Moncton,Prince Edward Island,N5C 2J8,Canada,538654711,James@group.com
Ethan,Jones,223,Bedford Windsor Ramp,Maple Ridge,Saskatchewan,G3E 2K4,Canada,993706771,Ethan@home.com
Alexander,Taylor,163,Balmoral Road,Red Deer,Newfoundland and Labrador,G6X 2L1,Canada,133928214,Alexander@right.com
William,,193,Chebucto Road,Longueuil,Newfoundland and Labrador,T1L 2H8,Canada,708520730,William@right.com
"",Miller,372,Bond Street,Quebec City,Alberta,,Canada,1117665371,null@woman.com
"",Thomas,131,Bridges Street,Kamloops,New Brunswick,B3V 2V1,Canada,312831893,null@hand.com
Mason,Anderson,62,Cambridge Street,LÃ©vis,Prince Edward Island,B3V 2V1,Canada,417587614,Mason@child.com
Ethan,Jones,32,Chadwick Place,Kamloops,Nunavut,K1B 3B2,Canada,205957009,Ethan@family.com
Ethan,,79,Bright Place,Burnaby,Newfoundland and Labrador,,Canada,252906449,Ethan@home.com
Jacob,Wilson,275,Cascade Drive,Welland,Nunavut,J9T 3H4,Canada,1259243951,Jacob@week.com
Mason,Wilson,248,Chartwell Lane,New Westminster,Northwest Territories,L4A 0T0,Canada,197011108,Mason@job.com
Liam,Anderson,245,Castlepark Grove,Pickering,Alberta,N4N 0B9,Canada,418164445,Liam@world.com
Liam,Davis,427,Alm-a Ramp,Aurora,Nunavut,L0N 3J2,Canada,599554383,Liam@work.com
Ethan,Brown,65,Arthur Street,St. Albert,Quebec,J1S 0R4,Canada,547928478,Ethan@Mr.com
Alexander,Williams,143,Artz Street,Delta,Newfoundland and Labrador,"B0T 0Y5 ",Canada,292645202,Alexander@day.com
Jacob,,319,Cabot Back Lane,Trois-RiviÃ¨res,Quebec,E4S 3C4,Canada,568859062,Jacob@program.com
"",Thomas,245,Cascade Drive,Abbotsford,Prince Edward Island,V8B 1P6,Canada,126714254,null@government.com
Alexander,,332,Banbury Close,Sherbrooke,Alberta,N8H 2H6,Canada,945418300,Alexander@point.com
William,Johnson,3,Argyle Street,Belleville,Quebec,G0H 2P3,Canada,668907129,William@country.com
William,Anderson,149,Carmichael Street,Regina,Nova Scotia,"V1K 1V0 ",Canada,910703218,William@book.com
"",Anderson,25,Chisholm Avenue,Caledon,New Brunswick,"L4A 0T3 ",Canada,110347892,null@mother.com
Jacob,Miller,297,Berts Drive,Waterloo,,K1B 3B2,Canada,1098192485,Jacob@night.com
Jacob,Davis,209,Brenton Street,Winnipeg,Quebec,L9R 0A0,Canada,889132008,Jacob@woman.com
"",Johnson,194,Birchview Drive,Terrebonne,Nunavut,V8C 0S2,Canada,874630248,null@problem.com
Mason,Thomas,353,Carrington Place,Kamloops,Yukon,J1S 0R4,Canada,1141345606,Mason@point.com
Jacob,Miller,109,Armada Drive,Moncton,Alberta,N5C 2J8,Canada,245107813,Jacob@work.com
Liam,Moore,199,Carlton Street,Saskatoon,Nunavut,G6X 2L1,Canada,823553200,Liam@country.com
Mason,Jackson,34,Birchwood Drive,Halifax,Nunavut,N8H 2H6,Canada,421862451,Mason@work.com
Ethan,,390,Balwearie Lane,Lethbridge,British Columbia,B2E 0X4,Canada,394080394,Ethan@business.com
Jacob,Miller,267,Castine Way,Kingston,New Brunswick,G6X 2L1,Canada,188994097,Jacob@Mr.com
Liam,Jones,179,Ashburn Avenue,Brossard,Prince Edward Island,T1L 2H8,Canada,403306869,Liam@student.com
Jacob,Moore,290,Chartwell Lane,Waterloo,Nova Scotia,"L4A 0T3 ",Canada,923324538,Jacob@hand.com
Liam,Thomas,55,Atlantic Street,Sault Ste. Marie,Yukon,N8H 2H6,Canada,207742293,Liam@home.com
Mason,Brown,78,Bower Road,Chatham-Kent,Nunavut,"V1K 1V0 ",Canada,794375551,Mason@system.com
James,Moore,322,Anchor Drive,Kamloops,Manitoba,"V1K 1V0 ",Canada,279853981,James@week.com
William,Jackson,464,Anchor Drive,Kawartha Lakes,Northwest Territories,B3V 2V1,Canada,654166504,William@part.com
