First Name,Last Name,Street Number,Street,City,Province,Postal Code,Country,Phone Number,email Address
Ethan,Williams,233,Bayne Street,Saint John,Alberta,G3E 2K4,Canada,1165460257,Ethan@fact.com
Liam,Anderson,395,Altavista Lane,Sault Ste. Marie,Nova Scotia,N8H 2H6,Canada,1082632820,Liam@student.com
"",Miller,91,Carriageway Crescent,Saanich,Prince Edward Island,L3V 1Y8,Canada,365584993,null@hand.com
James,Jones,370,Albion Road,Halton Hills,,G3E 2K4,Canada,883071194,James@job.com
"",Wilson,278,Birchfield Crescent,Burnaby,Prince Edward Island,J9T 3H4,Canada,524062365,null@way.com
"",Moore,461,Atlantic Street,Blainville,Alberta,J9T 3H4,Canada,532901467,null@question.com
Liam,Davis,118,Altavista Lane,Mirabel,Prince Edward Island,E5V 3X5,Canada,993737491,Liam@study.com
Liam,Jones,63,,Brantford,Alberta,"V1K 1V0 ",Canada,1283252195,Liam@family.com
James,,173,Atlantic Street,Nanaimo,Manitoba,E7E 3T7,Canada,1073629911,James@time.com
Mason,Davis,189,Brockhurst Close,London,Saskatchewan,B3V 2V1,Canada,370969136,Mason@company.com
Alexander,Williams,324,Central Avenue,Strathcona County,Prince Edward Island,"V1K 1V0 ",Canada,217399121,Alexander@people.com
Jacob,Wilson,225,Brigadier Court,Aurora,Saskatchewan,E4S 3C4,Canada,807742993,Jacob@water.com
James,,355,Bristol Place,Langley,Prince Edward Island,E4M 2G2,Canada,130667573,James@life.com
Ethan,Williams,144,Chocolate Lake Road,Maple Ridge,Alberta,"V1K 1V0 ",Canada,621535747,Ethan@way.com
Mason,Williams,363,Bently Drive,Waterloo,Northwest Territories,J9P 1C6,Canada,1300812783,Mason@place.com
"",Jackson,319,Benalder Lane,North Vancouver,Prince Edward Island,G6X 2L1,Canada,1385793533,null@Mr.com
Jacob,Anderson,170,Birch Street,Maple Ridge,Saskatchewan,H3J 3P2,Canada,164535515,Jacob@study.com
"",Davis,34,Bison Crescent,Laval,New Brunswick,"L4A 0T3 ",Canada,466930548,null@study.com
"",Brown,219,Ash Lake Court,Guelph,Saskatchewan,J9P 1C6,Canada,117081374,null@case.com
Mason,Johnson,147,Claymore Avenue,Welland,New Brunswick,G3H 0B4,Canada,714688410,Mason@company.com
"",Brown,86,Cloverdale Road,Edmonton,Nunavut,G3E 2K4,Canada,1063409960,null@group.com
"",Jones,392,Catamaran Road,Sherbrooke,Nunavut,J9P 1C6,Canada,1012978236,null@program.com
Ethan,Johnson,141,Canterbury Close,Terrebonne,Nova Scotia,L4A 0T0,Canada,1104268256,Ethan@child.com
Mason,Williams,444,Bilton Lane,Milton,Northwest Territories,"V1K 1V0 ",Canada,1291179821,Mason@mother.com
William,Brown,76,Auburn Avenue,Cape Breton,Nova Scotia,E7E 3T7,Canada,802369066,William@question.com
Ethan,Jones,63,Circle Drive,New Westminster,Northwest Territories,H0H 3C9,Canada,888314362,Ethan@case.com
Ethan,,473,Blowers Street,Abbotsford,Northwest Territories,G3H 0B4,Canada,1348702484,Ethan@family.com
Mason,Moore,217,Bently Drive,Windsor,Northwest Territories,H9S 1R4,Canada,589739854,Mason@system.com
Jacob,Anderson,411,Alma Crescent,Coquitlam,British Columbia,L0N 3J2,Canada,1382212211,Jacob@book.com
Ethan,Wilson,201,Carnation Crescent,Repentigny,Prince Edward Island,T1L 2H8,Canada,499566934,Ethan@right.com
James,Thomas,214,Battery Drive,Drummondville,Prince Edward Island,V8C 0S2,Canada,558430719,James@word.com
Jacob,Anderson,490,Bliss Street,Grande Prairie,Alberta,N4N 0B9,Canada,520057821,Jacob@school.com
Alexander,Thomas,49,Boscobel Road,Thunder Bay,Alberta,G3H 0B4,Canada,1315070869,Alexander@place.com
"",Johnson,411,Beechwood Terrace,Saint-JÃ©rÃ´me,Alberta,H0H 3C9,Canada,778534228,null@child.com
Liam,Johnson,396,Belmont On The Arm,Milton,Prince Edward Island,V8B 1P6,Canada,1206771491,Liam@system.com
James,Thomas,282,Amberwood Court,Milton,Nunavut,"L4A 0T3 ",Canada,444791957,James@job.com
Mason,Thomas,164,Caitland Court,Fredericton,,G3H 0B4,Canada,777640999,Mason@Mr.com
Liam,Miller,460,Albion Road,Burnaby,New Brunswick,J0J 3V6,Canada,792743523,Liam@state.com
William,Taylor,297,Battery Drive,Mirabel,Prince Edward Island,V8C 0S2,Canada,408058549,William@man.com
Ethan,Thomas,304,Albion Road,Mirabel,Alberta,G3E 2K4,Canada,981484757,Ethan@country.com
