First Name,Last Name,Street Number,Street,City,Province,Postal Code,Country,Phone Number,email Address
Alexander,Thomas,165,Braeside Lane,Saanich,Newfoundland and Labrador,H0H 3C9,Canada,883013353,Alexander@government.com
"",Taylor,169,Bloomingdale Terrace,Abbotsford,Alberta,L9R 0A0,Canada,1241816323,null@book.com
William,Wilson,412,Bosun Run,Cape Breton,Alberta,G3H 0B4,Canada,993509187,William@group.com
Liam,Davis,67,Basinview Drive,Vancouver,British Columbia,J1S 0R4,Canada,798156092,Liam@home.com
"",Jones,89,Brodick Lane,Longueuil,Nunavut,L0N 3J2,Canada,965575177,null@business.com
"",Jones,372,Clinton Avenue,Hamilton,Nunavut,G3H 0B4,Canada,1304754841,null@school.com
William,Davis,273,Albert Street,Brantford,Manitoba,N5C 2J8,Canada,902086601,William@thing.com
Jacob,Jackson,3,Athlone Avenue,Cambridge,Northwest Territories,N4N 0B9,Canada,1034096722,Jacob@book.com
Ethan,Thomas,362,Bobolink Street,Red Deer,British Columbia,E5V 3X5,Canada,846700970,Ethan@woman.com
Alexander,,102,Bishop Street,Regina,Nunavut,N4N 0B9,Canada,975180076,Alexander@room.com
