First Name,Last Name,Street Number,Street,City,Province,Postal Code,Country,Phone Number,email Address
Liam,Jones,350,Belmont Road,Red Deer,Saskatchewan,E4S 3C4,Canada,131985062,Liam@way.com
Jacob,,34,Bloomingdale Terrace,Sarnia,Saskatchewan,E5V 3X5,Canada,278636081,Jacob@program.com
"",Brown,29,Brussels Street,Blainville,Saskatchewan,J9T 3H4,Canada,1378968835,null@government.com
Ethan,,457,Bluestone Road,Richmond Hill,Nova Scotia,"V1K 1V0 ",Canada,1370543602,Ethan@year.com
Liam,Jones,383,Chain Rock Drive,Moncton,Nunavut,L9R 0A0,Canada,335745066,Liam@family.com
Ethan,Miller,458,Balmoral Road,London,Alberta,J9P 1C6,Canada,906677265,Ethan@lot.com
Liam,Brown,445,Ardwell Avenue,Victoria,Prince Edward Island,,Canada,1102618554,Liam@eye.com
Ethan,Taylor,320,Africville Road,Sherbrooke,Alberta,N4N 0B9,Canada,393971513,Ethan@lot.com
Liam,Taylor,217,Blenheim Terrace,Aurora,Alberta,G3H 0B4,Canada,1381585900,Liam@point.com
"",Jones,220,Birchfield Crescent,Saint John,Nunavut,,Canada,1118232711,null@story.com
James,Anderson,442,Albert Street,,Northwest Territories,J1S 0R4,Canada,1196864195,James@book.com
Mason,Johnson,302,Alex Street,Brampton,Newfoundland and Labrador,J0N 0Z3,Canada,1291474211,Mason@program.com
Jacob,Williams,461,Cambridge Street,Kitchener,New Brunswick,H3J 3P2,Canada,1253097299,Jacob@state.com
Liam,Thomas,34,Artillery Place,Fredericton,New Brunswick,L4A 0T0,Canada,1106014903,Liam@world.com
"",Jackson,218,Claymore Avenue,Welland,Northwest Territories,L9R 0A0,Canada,1405485185,null@way.com
Liam,Jackson,222,Bridget Avenue,Waterloo,Manitoba,J0J 3V6,Canada,824636908,Liam@month.com
Alexander,Brown,292,Barkton Lane,Moncton,Prince Edward Island,T1L 2H8,Canada,1055080569,Alexander@woman.com
Jacob,,308,Almon Street,Norfolk County,Quebec,E5V 3X5,Canada,1196689844,Jacob@thing.com
William,Moore,328,Clovis Avenue,Sault Ste. Marie,Newfoundland and Labrador,N8A 0B3,Canada,982612964,William@program.com
Alexander,Brown,300,Bridget Avenue,London,Nova Scotia,N8H 2H6,Canada,546069152,Alexander@work.com
"",Thomas,245,Castlepark Grove,Trois-RiviÃ¨res,Nova Scotia,J1S 0R4,Canada,218476871,null@story.com
Ethan,Williams,19,Almon Street,Halifax,Nunavut,J9T 3H4,Canada,1090338524,Ethan@system.com
Jacob,Brown,233,Bently Drive,Airdrie,New Brunswick,"B0T 0Y5 ",Canada,966221489,Jacob@way.com
Ethan,Brown,369,Clayton Park Drive,Saskatoon,New Brunswick,,Canada,325425075,Ethan@month.com
Jacob,Johnson,362,Braeside Lane,Abbotsford,Northwest Territories,"B0T 0Y5 ",Canada,1124909207,Jacob@job.com
William,Jones,59,Alex Street,Blainville,Prince Edward Island,L9R 0A0,Canada,975237467,William@hand.com
Ethan,Williams,167,Bower Road,Guelph,Yukon,H0H 3C9,Canada,910646430,Ethan@right.com
Alexander,Thomas,455,Bland Street,Chatham-Kent,Nunavut,L9R 0A0,Canada,362621296,Alexander@question.com
Mason,Jones,336,Bond Street,Brossard,New Brunswick,J9P 1C6,Canada,267263782,Mason@study.com
James,Jones,306,Alton Drive,Mirabel,Nunavut,,Canada,358834274,James@book.com
Alexander,Moore,29,Birches Drive,Chilliwack,Alberta,J0J 3V6,Canada,1246553658,Alexander@family.com
"",Miller,281,Albion Road,Grande Prairie,Prince Edward Island,N4N 0B9,Canada,292280933,null@Mr.com
James,Thomas,308,Cabot Street,Hamilton,Nova Scotia,B2E 0X4,Canada,322985424,James@group.com
Mason,Jackson,124,Arvida Avenue,Port Coquitlam,Nunavut,J0J 3V6,Canada,817584835,Mason@woman.com
James,Miller,187,Barkton Lane,Moncton,Newfoundland and Labrador,E5V 3X5,Canada,1084941600,James@part.com
Alexander,,227,Bloomingdale Terrace,Kitchener,Newfoundland and Labrador,L0N 3J2,Canada,1039753590,Alexander@story.com
Ethan,Jackson,458,Brussels Street,Guelph,Northwest Territories,K1B 3B2,Canada,393408811,Ethan@life.com
James,Anderson,16,Birchdale Avenue,Pickering,New Brunswick,H3J 3P2,Canada,917537456,James@time.com
