First Name,Last Name,Street Number,Street,City,Province,Postal Code,Country,Phone Number,email Address
Ethan,Moore,128,Adelaide Avenue,Medicine Hat,Nova Scotia,J0J 3V6,Canada,869922698,Ethan@water.com
Ethan,Taylor,390,Charles Street,Saint-Hyacinthe,Nova Scotia,"L4A 0T3 ",Canada,1219051248,Ethan@job.com
Ethan,Thomas,500,Chebucto Road,Chilliwack,British Columbia,B3V 2V1,Canada,194992982,Ethan@eye.com
"",,349,Bliss Street,Blainville,Alberta,L0N 3J2,Canada,240136294,null@place.com
Ethan,Taylor,138,Centre Gate,Windsor,Alberta,N4N 0B9,Canada,726879136,Ethan@family.com
Liam,Jackson,95,Burgee Run,Burnaby,Northwest Territories,H3J 3P2,Canada,1203036394,Liam@mother.com
Jacob,Moore,51,Alm-a Ramp,Caledon,New Brunswick,J1S 0R4,Canada,753196385,Jacob@thing.com
Ethan,Wilson,232,Andrew Street,Saskatoon,Newfoundland and Labrador,B3V 2V1,Canada,359777076,Ethan@government.com
Alexander,Johnson,458,Bethany Way,Brantford,Northwest Territories,B2E 0X4,Canada,326015712,Alexander@man.com
Jacob,,46,Armcrescent West Avenue,Clarington,Saskatchewan,H9S 1R4,Canada,205621401,Jacob@word.com
William,Moore,78,Artz Street,Kawartha Lakes,Northwest Territories,G0H 2P3,Canada,1262504071,William@world.com
James,Wilson,342,Albion Road,Pickering,New Brunswick,L3V 1Y8,Canada,1005175362,James@woman.com
William,Miller,278,Cedar Street,Mirabel,Saskatchewan,"B0T 0Y5 ",Canada,458584952,William@place.com
Liam,Davis,335,Bridges Street,Port Coquitlam,Nunavut,J9T 3H4,Canada,591549514,Liam@woman.com
Jacob,Williams,188,Bald Eagle Place,Saint John,Newfoundland and Labrador,K1B 3B2,Canada,437140927,Jacob@year.com
James,Wilson,101,Bedford Highway Ramp,Calgary,Saskatchewan,E5V 3X5,Canada,1304648890,James@money.com
Mason,Brown,367,Battery 18th Road,Kitchener,Nunavut,J1S 0R4,Canada,407951536,Mason@room.com
James,Miller,442,Birchfield Crescent,Saint-JÃ©rÃ´me,Nunavut,L3V 1Y8,Canada,1000831053,James@point.com
"",Wilson,31,Clayton Park Drive,Aurora,Northwest Territories,L0N 3J2,Canada,219382721,null@night.com
Liam,Wilson,28,Bright Place,Aurora,Northwest Territories,"L4A 0T3 ",Canada,1242554959,Liam@day.com
Jacob,Moore,137,Birmingham Street,Hamilton,Nova Scotia,V8C 0S2,Canada,140362162,Jacob@eye.com
Ethan,Williams,159,Buffers Lane,Brossard,Manitoba,V8B 1P6,Canada,829184458,Ethan@state.com
Jacob,Anderson,45,Archibald Avenue,Saint-Jean-sur-Richelieu,New Brunswick,V8C 0S2,Canada,741167821,Jacob@government.com
Ethan,Moore,283,Bridgeview Drive,Winnipeg,British Columbia,G6X 2L1,Canada,610039097,Ethan@program.com
Liam,,374,Beresford Road,Ajax,Northwest Territories,G3E 2K4,Canada,369361307,Liam@man.com
William,Davis,148,Bromley Road,Terrebonne,Prince Edward Island,E7E 3T7,Canada,1181346545,William@time.com
Alexander,Jones,478,Chester Avenue,Medicine Hat,Nunavut,B3V 2V1,Canada,905431056,Alexander@book.com
James,Taylor,201,Charles Street,Chilliwack,Northwest Territories,K1B 3B2,Canada,107973760,James@government.com
William,Williams,272,Chartwell Lane,Windsor,Prince Edward Island,"L4A 0T3 ",Canada,1409313237,William@life.com
Alexander,Taylor,54,Bliss Street,Aurora,Prince Edward Island,E7E 3T7,Canada,368862061,Alexander@day.com
