First Name,Last Name,Street Number,Street,City,Province,Postal Code,Country,Phone Number,email Address
Jacob,,238,Arvida Avenue,Kamloops,Prince Edward Island,V8C 0S2,Canada,1296943175,Jacob@water.com
Liam,Miller,226,Alderwood Drive,Winnipeg,Prince Edward Island,G3H 0B4,Canada,698913421,Liam@company.com
Alexander,Wilson,195,Cloverdale Road,Markham,Quebec,H0H 3C9,Canada,239376355,Alexander@word.com
"",Williams,209,Claremont Street,Saint-Jean-sur-Richelieu,,J1S 0R4,Canada,1176758430,null@eye.com
Alexander,Davis,9,Clovis Avenue,Nanaimo,New Brunswick,N4N 0B9,Canada,106433849,Alexander@part.com
Mason,Anderson,285,Argyle Street,Airdrie,Yukon,B3V 2V1,Canada,1399589532,Mason@program.com
"",Jackson,495,Atlantic Street,Oshawa,Nunavut,V8B 1P6,Canada,1175725576,null@system.com
"",Jones,276,Belmont On The Arm,Kelowna,Alberta,J0J 3V6,Canada,1045166155,null@program.com
Alexander,Thomas,206,Alex Street,Kingston,Northwest Territories,L3V 1Y8,Canada,1076230739,Alexander@month.com
"",Wilson,53,Brewer Court,Halton Hills,British Columbia,H3J 3P2,Canada,1386461204,null@word.com
James,Miller,53,Bridges Street,Caledon,New Brunswick,V8B 1P6,Canada,292049561,James@right.com
Alexander,Johnson,312,Aldergrove Drive,Delta,Prince Edward Island,N5C 2J8,Canada,1280599316,Alexander@book.com
James,Jones,383,Broadholme Lane,Markham,Manitoba,"B0T 0Y5 ",Canada,884271354,James@world.com
"",Moore,184,Chadwick Place,Saint-Jean-sur-Richelieu,Yukon,"L4A 0T3 ",Canada,984201600,null@place.com
Jacob,Jones,88,Alm-a Ramp,,Newfoundland and Labrador,H0H 3C9,Canada,496399177,Jacob@way.com
Mason,Brown,382,Altavista Lane,Trois-RiviÃ¨res,Northwest Territories,G3H 0B4,Canada,571605258,Mason@country.com
"",Jones,449,Charlton Avenue,Oakville,Nova Scotia,"B0T 0Y5 ",Canada,811776997,null@country.com
Mason,Moore,54,Chelton Woods Lane,Maple Ridge,Newfoundland and Labrador,"B0T 0Y5 ",Canada,285446670,Mason@government.com
William,Wilson,171,Albert Place,Moncton,New Brunswick,E4M 2G2,Canada,198532112,William@place.com
Alexander,Williams,44,Circle Drive,Whitby,New Brunswick,V8B 1P6,Canada,982880513,Alexander@mother.com
James,Jackson,62,Alton Drive,St. Catharines,Northwest Territories,E7E 3T7,Canada,958805200,James@child.com
Ethan,Williams,39,Blowers Street,Mirabel,Manitoba,B2E 0X4,Canada,927259684,Ethan@day.com
Liam,Wilson,240,Armada Drive,Saskatoon,Saskatchewan,H0H 3C9,Canada,582842784,Liam@water.com
Alexander,Anderson,72,Ashburn Avenue,Burnaby,New Brunswick,K1B 3B2,Canada,524288705,Alexander@place.com
Alexander,Wilson,30,Almon Street,Guelph,Nunavut,L9R 0A0,Canada,1046234444,Alexander@night.com
William,Johnson,372,Bright Street,Grande Prairie,British Columbia,E5V 3X5,Canada,1004673069,William@home.com
Liam,Miller,432,Armview Avenue,Fredericton,Nova Scotia,J1S 0R4,Canada,1082320367,Liam@group.com
Alexander,Johnson,175,Angus L Macdonald Bridge,Greater Sudbury,New Brunswick,V8C 0S2,Canada,154444584,Alexander@system.com
James,Thomas,159,Chelsea Lane,Sault Ste. Marie,Nunavut,J9P 1C6,Canada,977661043,James@mother.com
"",Wilson,475,Armstrong Court,New Westminster,Newfoundland and Labrador,E4M 2G2,Canada,656367914,null@mother.com
Alexander,Thomas,285,Bedford Row,Burnaby,Northwest Territories,B3V 2V1,Canada,842550085,Alexander@question.com
Ethan,Thomas,175,Acadia Street,Strathcona County,Northwest Territories,N4N 0B9,Canada,827170034,Ethan@thing.com
"",Thomas,152,Battery Drive,Kawartha Lakes,Yukon,J0N 0Z3,Canada,160443203,null@day.com
James,,318,Armdale Rotary,Greater Sudbury,Saskatchewan,V8B 1P6,Canada,1309903447,James@part.com
Mason,Davis,272,Binney Street,Calgary,New Brunswick,L4A 0T0,Canada,734614564,Mason@government.com
Jacob,Jones,113,Cavendish Road,Greater Sudbury,Saskatchewan,G6X 2L1,Canada,1023113271,Jacob@eye.com
Liam,Jackson,370,Bristol Place,Saint-Hyacinthe,Northwest Territories,H0H 3C9,Canada,211402995,Liam@place.com
Ethan,Moore,47,Blue Jay Street,Coquitlam,Newfoundland and Labrador,,Canada,988361384,Ethan@part.com
