First Name,Last Name,Street Number,Street,City,Province,Postal Code,Country,Phone Number,email Address
Mason,Moore,286,Chartwell Lane,Richmond,Nova Scotia,H3J 3P2,Canada,515084039,Mason@fact.com
Liam,Taylor,129,Benjamin Green Drive,Laval,Prince Edward Island,"L4A 0T3 ",Canada,1346798094,Liam@system.com
Ethan,,106,Canary Crescent,North Vancouver,Yukon,J1S 0R4,Canada,1362919610,Ethan@money.com
Liam,Williams,14,Barkton Lane,Peterborough,Northwest Territories,J9P 1C6,Canada,609942311,Liam@hand.com
"",Moore,199,Albert Place,Cape Breton,Newfoundland and Labrador,J9P 1C6,Canada,280761517,null@child.com
William,Williams,459,Chartwell Lane,Vaughan,Saskatchewan,"B0T 0Y5 ",Canada,678465866,William@year.com
James,Davis,251,Chebucto Lane,Barrie,Northwest Territories,N4N 0B9,Canada,783979463,James@place.com
Alexander,Miller,136,Cedar Street,Markham,Prince Edward Island,E5V 3X5,Canada,581711297,Alexander@lot.com
Alexander,Wilson,249,Belle Aire Terrace,Abbotsford,Prince Edward Island,,Canada,672509876,Alexander@company.com
Mason,Brown,263,Battery 18th Road,Strathcona County,Nunavut,"B0T 0Y5 ",Canada,1105832484,Mason@story.com
James,Thomas,268,Claymore Avenue,Pickering,Manitoba,J0J 3V6,Canada,1137710211,James@book.com
Ethan,Jones,415,Barkton Lane,Airdrie,Nunavut,"L4A 0T3 ",Canada,1206399940,Ethan@work.com
Mason,Thomas,180,Bobolink Street,Sarnia,Nunavut,G3E 2K4,Canada,1354406148,Mason@study.com
Jacob,Wilson,149,Berlin Street,Langley,,N8A 0B3,Canada,923952486,Jacob@government.com
Liam,Thomas,490,Blink Bonnie Terrace,Strathcona County,Nunavut,V8C 0S2,Canada,1261799807,Liam@problem.com
William,Anderson,406,Alderwood Drive,Saint-Hyacinthe,British Columbia,N4N 0B9,Canada,1239560366,William@way.com
"",Williams,86,Carriageway Crescent,Kingston,Alberta,,Canada,927483823,null@life.com
Ethan,Taylor,484,Bliss Street,Hamilton,Nunavut,J9T 3H4,Canada,541177472,Ethan@water.com
Jacob,Thomas,196,Bilby Street,Kitchener,Prince Edward Island,J0N 0Z3,Canada,921895457,Jacob@word.com
Jacob,Wilson,240,Ashdale Avenue,Saanich,British Columbia,E5V 3X5,Canada,753783461,Jacob@book.com
Jacob,Thomas,185,Auburn Avenue,Chilliwack,Manitoba,K1B 3B2,Canada,369736494,Jacob@case.com
James,Wilson,439,Canterbury Close,Guelph,Saskatchewan,K1B 3B2,Canada,451339545,James@day.com
"",Davis,49,Alton Drive,Welland,Yukon,G0H 2P3,Canada,162240761,null@state.com
Mason,Brown,43,Bayers Road,,Alberta,V8C 0S2,Canada,1007620942,Mason@company.com
William,Jones,381,Alderwood Drive,Sault Ste. Marie,British Columbia,G6X 2L1,Canada,1207041589,William@right.com
Ethan,Jackson,500,Albert Street,Niagara Falls,Alberta,V8B 1P6,Canada,1007041649,Ethan@job.com
Mason,Johnson,189,Clayton Park Drive,Brampton,Quebec,L9R 0A0,Canada,840253717,Mason@child.com
Jacob,Williams,295,Bland Street,Peterborough,New Brunswick,J9P 1C6,Canada,709821045,Jacob@way.com
Ethan,Jackson,125,Alm-a Ramp,Sarnia,Prince Edward Island,H0H 3C9,Canada,1302173381,Ethan@word.com
Jacob,Jones,198,Adams Avenue,New Westminster,Quebec,,Canada,228230661,Jacob@year.com
Jacob,Jones,51,Barrington Street,Victoria,Northwest Territories,E7E 3T7,Canada,167311513,Jacob@day.com
Alexander,,55,Charlton Avenue,Sherbrooke,Northwest Territories,J0N 0Z3,Canada,832269511,Alexander@word.com
Mason,Williams,325,Bently Drive,Guelph,Yukon,L3V 1Y8,Canada,1199261191,Mason@work.com
"",Taylor,423,Bronson Avenue,Newmarket,Nunavut,L0N 3J2,Canada,438723161,null@company.com
Ethan,Williams,397,Belmont Road,Caledon,British Columbia,"L4A 0T3 ",Canada,618898849,Ethan@money.com
William,Thomas,214,Albert Street,Surrey,Nunavut,L9R 0A0,Canada,1033007271,William@word.com
