First Name,Last Name,Street Number,Street,City,Province,Postal Code,Country,Phone Number,email Address
Jacob,Wilson,347,Cairnwell Close,New Westminster,Northwest Territories,B2E 0X4,Canada,831830099,Jacob@state.com
James,Wilson,402,Bison Crescent,Trois-RiviÃ¨res,Saskatchewan,K1B 3B2,Canada,488853716,James@thing.com
"",Thomas,285,Birchdale Avenue,Port Coquitlam,Alberta,K1B 3B2,Canada,652085944,null@number.com
Alexander,Williams,460,Annandale Street,Newmarket,Newfoundland and Labrador,K1B 3B2,Canada,1303922513,Alexander@week.com
William,,426,Brenton Place,Saint-Hyacinthe,Yukon,G0H 2P3,Canada,1182400710,William@child.com
Liam,Davis,427,Bedford Windsor Ramp,Clarington,Newfoundland and Labrador,E5V 3X5,Canada,1389336644,Liam@man.com
Ethan,,428,Boulderwood Road,Thunder Bay,,B2E 0X4,Canada,1066033130,Ethan@problem.com
Alexander,Jackson,154,Armshore Drive,Chatham-Kent,Yukon,G6X 2L1,Canada,872473224,Alexander@place.com
"",Taylor,166,Anchor Drive,Brantford,Northwest Territories,L9R 0A0,Canada,218022718,null@day.com
Alexander,Miller,276,Bently Drive,Longueuil,Yukon,N8H 2H6,Canada,904586040,Alexander@child.com
"",Williams,239,Borden Street,Medicine Hat,Prince Edward Island,E4S 3C4,Canada,334146270,null@hand.com
Jacob,Jones,260,Aurora Avenue,New Westminster,Yukon,G6X 2L1,Canada,1216904717,Jacob@room.com
"",Davis,49,Alex Street,Whitby,Prince Edward Island,"V1K 1V0 ",Canada,130020457,null@school.com
"",Miller,328,Cedarbrae Lane,Port Coquitlam,Prince Edward Island,J0J 3V6,Canada,672856737,null@number.com
Alexander,Wilson,82,Albert Place,Kingston,Saskatchewan,L9R 0A0,Canada,359034294,Alexander@group.com
Alexander,Jones,290,Buffers Lane,Thunder Bay,Prince Edward Island,K1B 3B2,Canada,279667875,Alexander@people.com
William,Johnson,27,Armcrescent West Avenue,Calgary,Prince Edward Island,G0H 2P3,Canada,121092055,William@group.com
Jacob,Williams,402,Charlton Avenue,Moncton,Northwest Territories,L0N 3J2,Canada,660759150,Jacob@time.com
Mason,Jackson,488,Briar Lane,Mississauga,Nova Scotia,L3V 1Y8,Canada,739449169,Mason@word.com
"",,418,Amirault Court,North Bay,Northwest Territories,G6X 2L1,Canada,215642550,null@work.com
William,Williams,190,Canterbury Close,Burnaby,New Brunswick,L9R 0A0,Canada,1089110278,William@system.com
Ethan,Williams,443,Bedford Highway,New Westminster,Manitoba,L3V 1Y8,Canada,670407350,Ethan@number.com
William,Anderson,186,Brighton Avenue,Peterborough,Nunavut,H9S 1R4,Canada,1139926872,William@right.com
Liam,Moore,450,"Alm-../../view.php?place=Alm-# Ramp, Halifax, ns, CANADA Ramp",Grande Prairie,Nunavut,L9R 0A0,Canada,1297182323,Liam@mother.com
Ethan,Jones,249,Attenborough Court,Belleville,Manitoba,"V1K 1V0 ",Canada,999568818,Ethan@right.com
Alexander,Taylor,203,Brackley Place,Red Deer,New Brunswick,V8B 1P6,Canada,652572873,Alexander@woman.com
William,Moore,430,Armshore Drive,Winnipeg,Saskatchewan,V8C 0S2,Canada,222538161,William@company.com
Alexander,Davis,317,Brenton Street,Montreal,British Columbia,B3V 2V1,Canada,1379313729,Alexander@job.com
Ethan,Miller,376,Carmichael Street,Halifax,Yukon,"B0T 0Y5 ",Canada,1059693485,Ethan@story.com
Mason,Brown,257,Arnold Drive,Moncton,Prince Edward Island,J0N 0Z3,Canada,686732459,Mason@program.com
James,Thomas,97,Braemount Drive,Moncton,Newfoundland and Labrador,B3V 2V1,Canada,1072328634,James@case.com
Liam,,422,Chebucto Road,Kingston,Prince Edward Island,J0N 0Z3,Canada,272032509,Liam@point.com
Alexander,Taylor,3,Borden Street,Calgary,Alberta,E4M 2G2,Canada,216679417,Alexander@group.com
Ethan,Jackson,124,Cavendish Road,Richmond,New Brunswick,"L4A 0T3 ",Canada,569156852,Ethan@book.com
