First Name,Last Name,Street Number,Street,City,Province,Postal Code,Country,Phone Number,email Address
James,Jones,419,Bristol Place,Pickering,Alberta,B2E 0X4,Canada,991062424,James@room.com
"",Wilson,8,Chelmsford Place,Kitchener,Prince Edward Island,"L4A 0T3 ",Canada,869409308,null@day.com
Ethan,Williams,79,Bayne St Ramp,Saanich,New Brunswick,E7E 3T7,Canada,130862119,Ethan@room.com
Ethan,Williams,218,Bedros Lane,Repentigny,,H3J 3P2,Canada,447641700,Ethan@state.com
James,Wilson,72,Birmingham Street,Milton,Nunavut,L4A 0T0,Canada,1057836014,James@lot.com
Alexander,Johnson,49,Clayder Lane,Barrie,Prince Edward Island,J0N 0Z3,Canada,414546053,Alexander@problem.com
James,Williams,295,Chartwell Lane,Sherbrooke,Northwest Territories,G3H 0B4,Canada,299278538,James@government.com
Alexander,Brown,357,Bayne St Ramp,Saguenay,Nova Scotia,L0N 3J2,Canada,266815032,Alexander@school.com
"",Wilson,61,Artillery Place,Port Coquitlam,Alberta,J9P 1C6,Canada,891616709,null@group.com
Ethan,Williams,353,Bristol Place,Saskatoon,New Brunswick,G0H 2P3,Canada,708553401,Ethan@point.com
Alexander,,446,Churchill Drive,Ottawa,Prince Edward Island,L0N 3J2,Canada,423310577,Alexander@lot.com
William,Johnson,10,Armdale Rotary,Aurora,Nunavut,"V1K 1V0 ",Canada,508192943,William@room.com
Jacob,Jones,234,Alumni Crescent,Halifax,Newfoundland and Labrador,J9T 3H4,Canada,482589791,Jacob@night.com
"",Thomas,324,Cardiff Place,Red Deer,Nunavut,J0J 3V6,Canada,1060789579,null@home.com
Alexander,Wilson,262,Birchwood Drive,Fredericton,Newfoundland and Labrador,N4N 0B9,Canada,1067560258,Alexander@life.com
William,Davis,93,Canterbury Close,Moncton,Northwest Territories,J0J 3V6,Canada,1382817887,William@Mr.com
Ethan,Thomas,413,Charlton Avenue,North Vancouver,Nunavut,G3H 0B4,Canada,878527811,Ethan@program.com
Mason,Wilson,57,Beresford Road,Welland,Alberta,N4N 0B9,Canada,260352380,Mason@question.com
Ethan,Thomas,338,Campbell Drive,Drummondville,Nova Scotia,E7E 3T7,Canada,1311104346,Ethan@world.com
"",Williams,402,Chipstone Close,Lethbridge,New Brunswick,B2E 0X4,Canada,924963002,null@lot.com
"",,491,Armview Terrace,Sherbrooke,Nova Scotia,E4S 3C4,Canada,272071952,null@hand.com
Jacob,Miller,140,Ascot Avenue,Oshawa,Quebec,J9T 3H4,Canada,158074070,Jacob@money.com
Ethan,,492,Bently Drive,Brantford,British Columbia,G0H 2P3,Canada,162117376,Ethan@case.com
"",Wilson,129,Bryden Avenue,Moncton,Newfoundland and Labrador,E5V 3X5,Canada,518540009,null@night.com
"",Moore,115,Alm-d Ramp,Red Deer,,"V1K 1V0 ",Canada,584754874,null@group.com
Mason,Jones,177,Chebucto Road,Drummondville,Northwest Territories,T1L 2H8,Canada,352700573,Mason@life.com
James,,165,Ahern Avenue,Airdrie,Prince Edward Island,L4A 0T0,Canada,742120271,James@system.com
Liam,Taylor,385,Ardwell Avenue,Port Coquitlam,Northwest Territories,J0N 0Z3,Canada,460686032,Liam@time.com
"",Williams,33,Bison Crescent,Lethbridge,British Columbia,N4N 0B9,Canada,510083868,null@thing.com
