First Name,Last Name,Street Number,Street,City,Province,Postal Code,Country,Phone Number,email Address
Jacob,Johnson,214,Bond Street,LÃ©vis,Prince Edward Island,G6X 2L1,Canada,213906698,Jacob@school.com
Ethan,Moore,376,Aurora Avenue,Thunder Bay,Manitoba,J0N 0Z3,Canada,414620584,Ethan@group.com
Mason,Miller,491,Bellevue Avenue,Brantford,Nunavut,B3V 2V1,Canada,503141246,Mason@week.com
William,Wilson,278,Blink Bonnie Terrace,Grande Prairie,Newfoundland and Labrador,H0H 3C9,Canada,428242549,William@story.com
Ethan,Jackson,333,Clovis Avenue,Nanaimo,Nunavut,B2E 0X4,Canada,1106973974,Ethan@company.com
"",Williams,106,Camelot Lane,Greater Sudbury,New Brunswick,"L4A 0T3 ",Canada,474209268,null@year.com
Mason,Wilson,434,Brigadier Court,Waterloo,Manitoba,L0N 3J2,Canada,768063842,Mason@government.com
James,Williams,386,Chelmsford Place,Windsor,,G3E 2K4,Canada,1289428711,James@word.com
James,Jackson,267,Birmingham Street,Milton,Prince Edward Island,N4N 0B9,Canada,229256268,James@program.com
Ethan,Thomas,281,Churchill Drive,Barrie,Newfoundland and Labrador,N8A 0B3,Canada,665319303,Ethan@part.com
Jacob,Wilson,461,Burgee Run,St. Catharines,Nova Scotia,J9P 1C6,Canada,918460409,Jacob@point.com
Alexander,Thomas,411,Aikens Avenue,Halton Hills,Alberta,N8H 2H6,Canada,500276290,Alexander@company.com
William,Davis,423,Bond Street,Cape Breton,Prince Edward Island,J0N 0Z3,Canada,1171383178,William@time.com
Ethan,Jones,414,Acorn Road,St. John's,Alberta,,Canada,364611579,Ethan@government.com
Mason,Moore,195,Bryden Avenue,Aurora,New Brunswick,G6X 2L1,Canada,251900567,Mason@way.com
Mason,Taylor,170,Braeburn Road,Red Deer,Alberta,V8C 0S2,Canada,892527406,Mason@fact.com
Alexander,Thomas,202,Canary Crescent,Chilliwack,Prince Edward Island,E4S 3C4,Canada,1372611252,Alexander@story.com
James,Williams,79,Albemarle Street,Clarington,Quebec,L0N 3J2,Canada,850576525,James@child.com
Liam,Miller,285,Black Street,Sherbrooke,Yukon,J0N 0Z3,Canada,1107720430,Liam@point.com
James,,340,Belmont Road,Trois-RiviÃ¨res,Nova Scotia,E5V 3X5,Canada,513400949,James@people.com
Alexander,Williams,215,Bald Eagle Place,Quebec City,Alberta,"V1K 1V0 ",Canada,1264873200,Alexander@problem.com
"",Taylor,326,Albert Walker Drive,North Vancouver,Nova Scotia,E7E 3T7,Canada,167718837,null@Mr.com
"",Thomas,135,Armdale Rotary,Sherbrooke,British Columbia,L3V 1Y8,Canada,475542947,null@family.com
Liam,Miller,235,Briar Lane,Hamilton,Saskatchewan,J1S 0R4,Canada,967753926,Liam@problem.com
Mason,Jones,494,Campbell Drive,Saint-JÃ©rÃ´me,Saskatchewan,N8A 0B3,Canada,847000264,Mason@school.com
Alexander,Anderson,89,Bosun Run,North Vancouver,British Columbia,G6X 2L1,Canada,906077850,Alexander@right.com
William,Davis,47,Birchview Drive,Sherbrooke,Nova Scotia,J9P 1C6,Canada,517210341,William@child.com
James,Williams,200,Bloomfield Street,Newmarket,,B3V 2V1,Canada,385802705,James@week.com
Liam,Johnson,121,Abrams Way,Saint John,Nova Scotia,E4M 2G2,Canada,172285338,Liam@point.com
"",Jones,374,Atlantic Street,Saanich,Nova Scotia,H3J 3P2,Canada,1005407369,null@man.com
Liam,Wilson,14,Bridgeview Drive,Trois-RiviÃ¨res,Saskatchewan,L3V 1Y8,Canada,737392830,Liam@way.com
James,Anderson,227,Allan Street,Brantford,Yukon,G0H 2P3,Canada,1123811298,James@company.com
Ethan,Williams,252,Birchfield Crescent,Richmond,Nunavut,L4A 0T0,Canada,767369661,Ethan@day.com
Liam,Anderson,175,Clifton Street,Saanich,Nova Scotia,G3E 2K4,Canada,112136934,Liam@null
Ethan,Thomas,487,Alm-e Ramp,Medicine Hat,Prince Edward Island,"B0T 0Y5 ",Canada,289104635,Ethan@null
Jacob,Anderson,302,Bristol Place,Windsor,Alberta,"B0T 0Y5 ",Canada,827850324,Jacob@world.com
Ethan,Jones,415,Agricola Street,New Westminster,Nova Scotia,V8C 0S2,Canada,797702835,Ethan@month.com
Ethan,Thomas,405,Clearview Street,Brossard,New Brunswick,E5V 3X5,Canada,1123590137,Ethan@state.com
James,Jones,86,Armview Avenue,Coquitlam,Saskatchewan,N8H 2H6,Canada,1028154937,James@question.com
James,,27,Clearview Street,Trois-RiviÃ¨res,New Brunswick,L4A 0T0,Canada,1018789866,James@home.com
