First Name,Last Name,Street Number,Street,City,Province,Postal Code,Country,Phone Number,email Address
"",Anderson,476,Blue Jay Street,St. Catharines,Newfoundland and Labrador,L4A 0T0,Canada,1368314561,null@system.com
Alexander,Williams,296,Berts Drive,Saint John,Northwest Territories,H3J 3P2,Canada,350490197,Alexander@thing.com
Mason,Jones,474,Birch Cove Lane,Saint John,Quebec,E7E 3T7,Canada,1363365086,Mason@room.com
Alexander,Jackson,212,Arlington Avenue,Brantford,Yukon,L9R 0A0,Canada,701580565,Alexander@child.com
Ethan,Miller,322,Balcomes Drive,Laval,Northwest Territories,E7E 3T7,Canada,242621654,Ethan@year.com
Mason,,168,Cloverdale Road,Brampton,,B3V 2V1,Canada,1103352762,Mason@hand.com
