First Name,Last Name,Street Number,Street,City,Province,Postal Code,Country,Phone Number,email Address
"",Wilson,456,Bobolink Street,Cambridge,Alberta,J0J 3V6,Canada,993725393,null@part.com
Alexander,Brown,142,Alm-c Ramp,Moncton,Alberta,J0N 0Z3,Canada,1331815548,Alexander@life.com
Ethan,Taylor,372,Chadwick Place,Newmarket,Alberta,N8A 0B3,Canada,1382345192,Ethan@Mr.com
Alexander,,193,Altavista Lane,Ottawa,Saskatchewan,H9S 1R4,Canada,1034878745,Alexander@day.com
William,Jones,324,Aukland Place,Milton,,B2E 0X4,Canada,1155764818,William@right.com
William,Brown,187,Archibald Avenue,Drummondville,Alberta,N8H 2H6,Canada,237179201,William@business.com
Jacob,Jones,366,Aurora Avenue,Welland,Nunavut,G3H 0B4,Canada,115762630,Jacob@room.com
Alexander,Taylor,449,Brockhurst Close,Ajax,British Columbia,B3V 2V1,Canada,1191175482,Alexander@night.com
Ethan,Davis,197,Annandale Street,Saskatoon,British Columbia,G3E 2K4,Canada,1165483341,Ethan@thing.com
Jacob,,478,Blue Thistle Road,Saint-Jean-sur-Richelieu,Yukon,G6X 2L1,Canada,893274257,Jacob@mother.com
Alexander,Thomas,436,Birches Drive,Peterborough,Nova Scotia,V8C 0S2,Canada,886845592,Alexander@government.com
Ethan,Thomas,95,Attenborough Court,Blainville,Newfoundland and Labrador,E7E 3T7,Canada,637114495,Ethan@question.com
William,Wilson,74,Blue Willow Court,Lethbridge,Prince Edward Island,B2E 0X4,Canada,712923289,William@book.com
Ethan,Johnson,372,Bridges Street,St. Albert,Yukon,"B0T 0Y5 ",Canada,1399165924,Ethan@home.com
Mason,Thomas,282,Carroll Lane,Grande Prairie,Northwest Territories,"V1K 1V0 ",Canada,818692669,Mason@state.com
Alexander,Miller,176,Buddy Daye Street,Red Deer,Nunavut,J1S 0R4,Canada,1231480588,Alexander@number.com
Ethan,Wilson,123,Albemarle Street,Trois-RiviÃ¨res,Nunavut,J0J 3V6,Canada,773760865,Ethan@school.com
Ethan,Wilson,432,Armada Drive,Fredericton,Northwest Territories,"B0T 0Y5 ",Canada,413991362,Ethan@fact.com
Alexander,Davis,16,Annandale Street,Cape Breton,Alberta,B3V 2V1,Canada,456306619,Alexander@time.com
