First Name,Last Name,Street Number,Street,City,Province,Postal Code,Country,Phone Number,email Address
Liam,Thomas,434,Bently Drive,Lethbridge,Quebec,"V1K 1V0 ",Canada,654023716,Liam@fact.com
James,Anderson,300,Balmoral Road,Repentigny,Alberta,E4M 2G2,Canada,1365139720,James@way.com
James,Wilson,348,Bliss Street,Cape Breton,Prince Edward Island,"L4A 0T3 ",Canada,1148129155,James@hand.com
"",,185,"Alm-../../view.php?place=Alm-# Ramp, Halifax, ns, CANADA Ramp",Windsor,Northwest Territories,E7E 3T7,Canada,902453760,null@system.com
Mason,Davis,316,Brook Street,Brantford,Prince Edward Island,G3E 2K4,Canada,218946784,Mason@thing.com
James,Jones,367,Cedarbrae Lane,Saint-JÃ©rÃ´me,New Brunswick,J1S 0R4,Canada,1136273951,James@school.com
