First Name,Last Name,Street Number,Street,City,Province,Postal Code,Country,Phone Number,email Address
Mason,Wilson,321,Cavendish Road,Oshawa,Prince Edward Island,K1B 3B2,Canada,173513748,Mason@group.com
James,Taylor,393,Bedros Lane,Clarington,Alberta,G3E 2K4,Canada,1175999215,James@case.com
Ethan,Moore,10,Charlotte Lane,Pickering,Prince Edward Island,E5V 3X5,Canada,976462916,Ethan@government.com
William,Jackson,101,Benalder Lane,Surrey,Manitoba,N4N 0B9,Canada,236846130,William@government.com
Ethan,Wilson,255,Cavendish Road,Moncton,Newfoundland and Labrador,H0H 3C9,Canada,1286348896,Ethan@lot.com
Mason,,34,Brussels Street,Calgary,Prince Edward Island,J0N 0Z3,Canada,1297778578,Mason@people.com
James,Jones,164,Carrington Place,Kawartha Lakes,Saskatchewan,"B0T 0Y5 ",Canada,1112130385,James@world.com
James,Taylor,350,Carnation Crescent,Kitchener,British Columbia,,Canada,1215102438,James@fact.com
Alexander,Jones,66,Aster Court,Kamloops,Nova Scotia,G3H 0B4,Canada,1332580808,Alexander@place.com
Alexander,Williams,374,Carriageway Crescent,Ottawa,Newfoundland and Labrador,J9P 1C6,Canada,991209201,Alexander@book.com
Ethan,Jones,280,Castle Hill Drive,Kingston,Nova Scotia,E4M 2G2,Canada,758217428,Ethan@student.com
"",Anderson,488,Belmont Road,Brantford,Manitoba,J9P 1C6,Canada,108067570,null@job.com
William,Jackson,14,Charlotte Lane,Richmond Hill,Prince Edward Island,T1L 2H8,Canada,918527239,William@hand.com
"",Jackson,447,Charlotte Lane,Prince George,New Brunswick,E4S 3C4,Canada,649770668,null@world.com
Alexander,Moore,35,Cambridge Street,Whitby,Nunavut,N8H 2H6,Canada,499213262,Alexander@program.com
James,Johnson,295,Bedford Highway Ramp,Vaughan,Newfoundland and Labrador,B2E 0X4,Canada,746804210,James@mother.com
Alexander,Jones,49,Clifton Street,Greater Sudbury,Yukon,E7E 3T7,Canada,176856277,Alexander@year.com
William,Taylor,279,Battery Drive,Saint-Hyacinthe,Prince Edward Island,L3V 1Y8,Canada,634314404,William@story.com
