First Name,Last Name,Street Number,Street,City,Province,Postal Code,Country,Phone Number,email Address
Jacob,Anderson,24,Angus L Macdonald Bridge,Sherbrooke,Nova Scotia,"L4A 0T3 ",Canada,790725218,Jacob@country.com
Ethan,Moore,150,Botany Terrace,Saskatoon,Newfoundland and Labrador,G6X 2L1,Canada,1204636016,Ethan@home.com
James,,378,Briarwood Crescent,New Westminster,Nova Scotia,H9S 1R4,Canada,551422197,James@right.com
Mason,Moore,292,Carmichael Street,Milton,Manitoba,E5V 3X5,Canada,938962191,Mason@life.com
James,Johnson,133,Berts Drive,Cape Breton,Yukon,B2E 0X4,Canada,692904477,James@story.com
Jacob,Jones,453,Bedros Lane,Vancouver,Nunavut,B3V 2V1,Canada,996102234,Jacob@government.com
Liam,Wilson,467,Birchwood Drive,Maple Ridge,Northwest Territories,E5V 3X5,Canada,1347801138,Liam@woman.com
William,,452,Chadwick Place,Prince George,New Brunswick,J9P 1C6,Canada,875937305,William@country.com
William,Moore,487,Bently Drive,Aurora,New Brunswick,B3V 2V1,Canada,339929654,William@thing.com
Mason,Johnson,139,Bond Street,Maple Ridge,New Brunswick,E5V 3X5,Canada,127372575,Mason@group.com
Liam,Jones,22,Annandale Street,Moncton,Alberta,"L4A 0T3 ",Canada,867408030,Liam@way.com
Alexander,Brown,473,Bridgeview Drive,Burlington,Northwest Territories,G6X 2L1,Canada,1160053417,Alexander@time.com
Liam,Taylor,307,Brodick Lane,Richmond Hill,Yukon,G6X 2L1,Canada,693814323,Liam@company.com
Ethan,Davis,109,Barkton Lane,Port Coquitlam,Nova Scotia,H3J 3P2,Canada,1218082502,Ethan@work.com
James,Moore,100,Armcrescent East Drive,Niagara Falls,Prince Edward Island,L0N 3J2,Canada,1357107043,James@man.com
William,Wilson,327,Chartwell Lane,Waterloo,Prince Edward Island,H9S 1R4,Canada,1337710781,William@point.com
Alexander,,94,Attenborough Court,Brantford,Northwest Territories,E4M 2G2,Canada,964998782,Alexander@hand.com
Mason,Brown,333,Black Street,New Westminster,Newfoundland and Labrador,G3E 2K4,Canada,804100883,Mason@world.com
Mason,Davis,488,Artillery Place,Saint John,,G3E 2K4,Canada,381909375,Mason@time.com
Mason,Jackson,323,Adelaide Avenue,Drummondville,Quebec,J0N 0Z3,Canada,236808480,Mason@lot.com
Ethan,Anderson,349,Birchdale Avenue,Cape Breton,Yukon,E4S 3C4,Canada,1021848465,Ethan@man.com
William,Brown,250,Alm-a Ramp,Granby,Prince Edward Island,E7E 3T7,Canada,567696933,William@story.com
Jacob,Moore,356,Bromley Road,Welland,British Columbia,V8B 1P6,Canada,990938701,Jacob@family.com
Liam,Thomas,161,Alderwood Drive,Regina,New Brunswick,J9P 1C6,Canada,1408059494,Liam@country.com
Liam,Taylor,118,Broadholme Lane,New Westminster,Nova Scotia,J0N 0Z3,Canada,143040781,Liam@month.com
Alexander,Jackson,410,Alex Street,Medicine Hat,Nunavut,L9R 0A0,Canada,580263398,Alexander@study.com
Ethan,Davis,499,Brook Street,Pickering,Manitoba,"L4A 0T3 ",Canada,596670199,Ethan@man.com
