First Name,Last Name,Street Number,Street,City,Province,Postal Code,Country,Phone Number,email Address
James,,55,Bright Street,Quebec City,British Columbia,J9P 1C6,Canada,818653984,James@money.com
James,Johnson,93,Armview Avenue,Calgary,Yukon,N8A 0B3,Canada,466994143,James@family.com
Alexander,Johnson,324,Circle Drive,Grande Prairie,Nunavut,L0N 3J2,Canada,860431320,Alexander@company.com
William,Jones,209,Cambridge Street,Delta,Nova Scotia,J9T 3H4,Canada,1084455903,William@program.com
"",Jones,161,Bayne Street,Kingston,Yukon,J1S 0R4,Canada,1178373571,null@student.com
"",Brown,418,Buffers Lane,Brantford,New Brunswick,N8A 0B3,Canada,1097428897,null@family.com
"",Wilson,76,Athlone Avenue,Brossard,Nova Scotia,"B0T 0Y5 ",Canada,254129286,null@family.com
"",Jackson,399,Aldergrove Drive,Brantford,Northwest Territories,H3J 3P2,Canada,655089958,null@group.com
"",Wilson,213,Abbott Drive,Blainville,Nunavut,G0H 2P3,Canada,623426066,null@world.com
"",Thomas,444,Beechwood Terrace,Norfolk County,Nunavut,L3V 1Y8,Canada,1387951223,null@student.com
Liam,Miller,155,Chadwick Place,Kelowna,Prince Edward Island,B2E 0X4,Canada,1060640837,Liam@water.com
James,Williams,352,Brenton Street,St. Catharines,New Brunswick,N8A 0B3,Canada,838425274,James@man.com
"",Moore,231,Arnold Drive,Saint-Hyacinthe,Nunavut,N5C 2J8,Canada,1395393934,null@problem.com
James,Thomas,299,Adams Avenue,Milton,British Columbia,V8C 0S2,Canada,681550547,James@child.com
"",Miller,136,Bloomfield Street,Chilliwack,Prince Edward Island,G6X 2L1,Canada,942942407,null@day.com
William,Wilson,450,Barclay Avenue,Windsor,Newfoundland and Labrador,E4S 3C4,Canada,1097555590,William@student.com
William,Johnson,209,Cedarbank Terrace,Maple Ridge,Nunavut,L4A 0T0,Canada,616665598,William@woman.com
"",Miller,84,Armoury Place,Edmonton,Yukon,L4A 0T0,Canada,764075900,null@year.com
"",Brown,388,Barracks Drive,Halifax,Northwest Territories,N8A 0B3,Canada,777743346,null@month.com
Liam,,309,Armoury Place,Cape Breton,Nunavut,G3E 2K4,Canada,681789484,Liam@world.com
James,Taylor,313,Bliss Street,Kawartha Lakes,New Brunswick,H0H 3C9,Canada,442066903,James@child.com
William,Miller,488,Bedford Windsor Ramp,Markham,Prince Edward Island,N8H 2H6,Canada,666092455,William@company.com
Alexander,Johnson,39,Barracks Drive,Clarington,Yukon,V8B 1P6,Canada,1137001378,Alexander@month.com
