First Name,Last Name,Street Number,Street,City,Province,Postal Code,Country,Phone Number,email Address
Alexander,Moore,159,Benalder Lane,Drummondville,New Brunswick,E7E 3T7,Canada,391648661,Alexander@government.com
James,Davis,348,Chessvale Close,Mississauga,Nunavut,J9P 1C6,Canada,1247563315,James@water.com
Jacob,Taylor,39,Alma Crescent,Niagara Falls,Nova Scotia,"B0T 0Y5 ",Canada,965554883,Jacob@number.com
William,Wilson,443,Brenton Street,Saskatoon,Northwest Territories,"L4A 0T3 ",Canada,896206398,William@family.com
Alexander,Wilson,125,Braeside Lane,Kitchener,Nunavut,G3H 0B4,Canada,589434195,Alexander@state.com
James,,341,Balmoral Road,,Quebec,T1L 2H8,Canada,1102437051,James@government.com
Jacob,Moore,224,Carlton Street,Cape Breton,Quebec,E4S 3C4,Canada,354570634,Jacob@part.com
Liam,Williams,479,Avon Crescent,Saint John,Newfoundland and Labrador,J9T 3H4,Canada,144781337,Liam@time.com
William,Miller,159,Berts Drive,North Vancouver,Quebec,N4N 0B9,Canada,455729591,William@system.com
"",Brown,212,Bliss Street,Saanich,Alberta,G6X 2L1,Canada,846992231,null@story.com
Ethan,,360,Albert Street,Pickering,Northwest Territories,L4A 0T0,Canada,278417395,Ethan@way.com
Ethan,,448,Cambridge Street,Victoria,Manitoba,K1B 3B2,Canada,558574609,Ethan@life.com
"",Davis,130,Black Street,Saint-JÃ©rÃ´me,Quebec,V8C 0S2,Canada,1299700229,null@study.com
Ethan,Jackson,38,Chessvale Close,New Westminster,Prince Edward Island,J0J 3V6,Canada,176268543,Ethan@company.com
Alexander,Jackson,325,,Montreal,Alberta,"B0T 0Y5 ",Canada,591518704,Alexander@water.com
Liam,Wilson,199,Chester Avenue,Saint-Jean-sur-Richelieu,Saskatchewan,"L4A 0T3 ",Canada,1238418225,Liam@state.com
"",Davis,61,Albion Road,Prince George,Prince Edward Island,H0H 3C9,Canada,1337803428,null@man.com
Liam,,18,Alm-c Ramp,Halton Hills,Nova Scotia,B3V 2V1,Canada,311416535,Liam@case.com
James,Moore,471,Brockhurst Close,Clarington,Newfoundland and Labrador,T1L 2H8,Canada,877085697,James@water.com
"",Wilson,440,Alex Street,North Vancouver,Saskatchewan,L3V 1Y8,Canada,607441435,null@time.com
"",Williams,462,Bobolink Street,Granby,New Brunswick,J1S 0R4,Canada,136134490,null@home.com
Liam,Anderson,173,Bently Drive,Saint John,Northwest Territories,N8H 2H6,Canada,1261290224,Liam@man.com
James,Thomas,242,Caxton Close,Saint-Jean-sur-Richelieu,Prince Edward Island,V8C 0S2,Canada,296881591,James@story.com
Ethan,Wilson,306,Armada Drive,Maple Ridge,New Brunswick,B3V 2V1,Canada,1140527107,Ethan@question.com
William,Taylor,53,Borden Street,Mississauga,New Brunswick,L4A 0T0,Canada,128754366,William@group.com
Ethan,Moore,482,Clovis Avenue,Newmarket,Nunavut,H3J 3P2,Canada,663927329,Ethan@day.com
James,Davis,353,Annandale Street,Peterborough,Prince Edward Island,V8B 1P6,Canada,1058368210,James@world.com
"",,264,Brigadier Court,Mississauga,Northwest Territories,E4M 2G2,Canada,311399430,null@money.com
Jacob,Brown,441,Charlotte Lane,Belleville,Newfoundland and Labrador,E4S 3C4,Canada,201798034,Jacob@part.com
Ethan,Jones,418,Berlin Street,Nanaimo,Nova Scotia,"V1K 1V0 ",Canada,770965618,Ethan@story.com
James,Davis,81,Agricola Street,Cambridge,Yukon,N5C 2J8,Canada,1042388093,James@Mr.com
James,Taylor,182,Bayne St Ramp,Surrey,Nunavut,H9S 1R4,Canada,391987617,James@thing.com
"",Moore,104,Albemarle Street,Grande Prairie,Saskatchewan,V8B 1P6,Canada,562285998,null@woman.com
James,Miller,471,Chelmsford Place,Medicine Hat,Prince Edward Island,"L4A 0T3 ",Canada,1192269246,James@money.com
Jacob,Anderson,63,Bromley Road,Saskatoon,New Brunswick,J1S 0R4,Canada,604634928,Jacob@program.com
Alexander,Johnson,276,Atlantic Street,Ottawa,Alberta,G3H 0B4,Canada,1099635971,Alexander@story.com
