First Name,Last Name,Street Number,Street,City,Province,Postal Code,Country,Phone Number,email Address
Jacob,Taylor,453,Bakers Drive,Sault Ste. Marie,Nunavut,E5V 3X5,Canada,423598222,Jacob@number.com
Ethan,Anderson,150,Cherry Street,Kingston,Nunavut,"B0T 0Y5 ",Canada,1180302019,Ethan@study.com
James,Wilson,268,Bloomingdale Terrace,Fredericton,Northwest Territories,E7E 3T7,Canada,548599695,James@week.com
William,Jones,75,Autumn Drive,Cape Breton,Nunavut,T1L 2H8,Canada,1162397532,William@system.com
"",Jackson,280,Burgee Run,Fredericton,Nova Scotia,N8H 2H6,Canada,289636136,null@lot.com
Ethan,Jackson,190,Bromley Road,Greater Sudbury,Northwest Territories,V8C 0S2,Canada,699464189,Ethan@room.com
Alexander,Jones,11,Bayers Road,London,Newfoundland and Labrador,N5C 2J8,Canada,934989487,Alexander@group.com
James,Anderson,244,Athlone Avenue,Regina,Prince Edward Island,H3J 3P2,Canada,1127420145,James@mother.com
James,Williams,454,Bliss Street,Saint-Hyacinthe,Nova Scotia,N8H 2H6,Canada,908729647,James@study.com
Alexander,Anderson,207,Bayne St Ramp,Saint John,Northwest Territories,"L4A 0T3 ",Canada,294855045,Alexander@school.com
James,Taylor,209,Briar Place,North Vancouver,Alberta,N5C 2J8,Canada,375937519,James@story.com
Mason,Brown,350,Berts Drive,Coquitlam,Manitoba,T1L 2H8,Canada,461091649,Mason@group.com
Ethan,Davis,390,Carlton Street,Cambridge,New Brunswick,V8C 0S2,Canada,147821542,Ethan@government.com
James,Brown,469,Armview Avenue,Mirabel,Saskatchewan,B2E 0X4,Canada,1002613125,James@lot.com
James,Williams,385,Bayne St Ramp,Sherbrooke,Prince Edward Island,T1L 2H8,Canada,881587888,James@woman.com
Jacob,Davis,322,Cavendish Road,Prince George,Newfoundland and Labrador,G0H 2P3,Canada,640154910,Jacob@home.com
Liam,Moore,455,Beechwood Terrace,Red Deer,Prince Edward Island,E5V 3X5,Canada,706250292,Liam@book.com
James,Williams,335,Brockhurst Close,Edmonton,Nunavut,J9T 3H4,Canada,544375627,James@people.com
Liam,Jones,330,Admirals Way,Oshawa,Nova Scotia,L3V 1Y8,Canada,332623407,Liam@home.com
Mason,Williams,139,Clifton Street,Regina,Alberta,T1L 2H8,Canada,175750809,Mason@story.com
"",Thomas,414,Alton Drive,Welland,Prince Edward Island,N4N 0B9,Canada,214454642,null@eye.com
"",Wilson,54,Albert Street,Saint John,Prince Edward Island,B3V 2V1,Canada,213511354,null@year.com
Jacob,Johnson,310,Ballantrae Lane,Wood Buffalo,Nunavut,"B0T 0Y5 ",Canada,756571553,Jacob@company.com
James,Anderson,356,Blue Jay Street,Aurora,Quebec,L3V 1Y8,Canada,193920517,James@number.com
