First Name,Last Name,Street Number,Street,City,Province,Postal Code,Country,Phone Number,email Address
"",Jackson,128,Alex Street,Kawartha Lakes,Northwest Territories,"L4A 0T3 ",Canada,1327868209,null@system.com
Mason,Jones,16,Bromley Road,Caledon,Prince Edward Island,T1L 2H8,Canada,297769647,Mason@time.com
"",Taylor,480,Balmoral Road,Clarington,Manitoba,E5V 3X5,Canada,354071790,null@time.com
Mason,Anderson,214,Albert Walker Drive,Nanaimo,Newfoundland and Labrador,E4M 2G2,Canada,702233837,Mason@night.com
Ethan,Moore,256,Cedarbank Terrace,Delta,Prince Edward Island,E4S 3C4,Canada,626443594,Ethan@program.com
Alexander,Wilson,100,Barkton Lane,Moncton,Newfoundland and Labrador,N8H 2H6,Canada,883102585,Alexander@right.com
Mason,Davis,456,Bond Street,Belleville,Northwest Territories,J9T 3H4,Canada,1322921751,Mason@program.com
William,,150,Alumni Crescent,Burnaby,,"V1K 1V0 ",Canada,204228285,William@school.com
Liam,Taylor,220,Buddy Daye Street,St. Catharines,Alberta,G6X 2L1,Canada,1311850719,Liam@room.com
Jacob,Thomas,109,Agricola Street,Moncton,Prince Edward Island,B3V 2V1,Canada,928036293,Jacob@water.com
"",,3,Birch Cove Lane,Grande Prairie,Yukon,B3V 2V1,Canada,547769402,null@child.com
William,Brown,230,Ballantrae Lane,Welland,British Columbia,B2E 0X4,Canada,911979651,William@question.com
Alexander,Johnson,291,Cherry Street,Guelph,Prince Edward Island,H9S 1R4,Canada,445853025,Alexander@school.com
James,,453,Bristol Place,Ottawa,Alberta,G6X 2L1,Canada,688212554,James@woman.com
Alexander,,153,Bower Road,North Vancouver,Newfoundland and Labrador,V8B 1P6,Canada,1078866679,Alexander@country.com
"",Moore,22,Chipstone Close,Moncton,Alberta,B3V 2V1,Canada,547364256,null@state.com
Liam,Johnson,87,,Whitby,New Brunswick,G0H 2P3,Canada,1292946185,Liam@study.com
"",Wilson,195,Annandale Street,Drummondville,Nunavut,V8C 0S2,Canada,688225324,null@government.com
Ethan,Jackson,383,Angus L Macdonald Bridge,Repentigny,Northwest Territories,L0N 3J2,Canada,389769163,Ethan@time.com
Liam,Wilson,433,Berlin Street,Trois-RiviÃ¨res,British Columbia,B2E 0X4,Canada,814248583,Liam@water.com
