First Name,Last Name,Street Number,Street,City,Province,Postal Code,Country,Phone Number,email Address
Ethan,,428,Charles Street,Chilliwack,Alberta,B2E 0X4,Canada,244019140,Ethan@world.com
William,Jones,278,Bilby Street,Windsor,Nova Scotia,T1L 2H8,Canada,930478369,William@program.com
Ethan,Jones,235,Atlantic Street,Aurora,Yukon,G6X 2L1,Canada,407476830,Ethan@man.com
Ethan,Johnson,494,Canary Crescent,Saskatoon,Northwest Territories,J1S 0R4,Canada,518178640,Ethan@people.com
Liam,Jackson,334,Annandale Street,Milton,Quebec,G3H 0B4,Canada,1408458637,Liam@company.com
Jacob,Davis,53,Brunswick Street,Calgary,British Columbia,E4M 2G2,Canada,240352261,Jacob@world.com
Ethan,Jackson,468,Chelton Woods Lane,Wood Buffalo,Manitoba,L4A 0T0,Canada,1318279180,Ethan@fact.com
Ethan,Brown,130,Barracks Drive,St. Catharines,Quebec,B3V 2V1,Canada,1178690619,Ethan@job.com
Ethan,Johnson,19,Braeburn Road,Trois-RiviÃ¨res,British Columbia,B3V 2V1,Canada,637544043,Ethan@life.com
"",Thomas,216,Chain Lake Drive,Richmond Hill,Nunavut,E5V 3X5,Canada,369777354,null@people.com
Ethan,Taylor,463,Ballantrae Lane,Medicine Hat,Yukon,V8B 1P6,Canada,472067680,Ethan@woman.com
Ethan,Anderson,297,Annandale Street,Thunder Bay,Northwest Territories,E4S 3C4,Canada,322130993,Ethan@people.com
Liam,Brown,16,Cabot Back Lane,New Westminster,Alberta,"L4A 0T3 ",Canada,1259670958,Liam@month.com
"",Davis,224,Bower Road,Repentigny,,J1S 0R4,Canada,1368633445,null@part.com
James,Moore,465,Chessvale Close,Guelph,Prince Edward Island,H3J 3P2,Canada,200551766,James@right.com
Liam,Johnson,243,Barclay Avenue,Hamilton,Quebec,"V1K 1V0 ",Canada,1198121003,Liam@thing.com
Ethan,Wilson,47,Birkdale Crescent,Saskatoon,Northwest Territories,G3E 2K4,Canada,1068674016,Ethan@hand.com
"",Moore,319,Ardwell Avenue,Richmond,Prince Edward Island,N4N 0B9,Canada,831771779,null@country.com
William,Miller,336,Abbott Drive,Clarington,Nunavut,V8C 0S2,Canada,662540723,William@place.com
Ethan,Moore,99,Binney Street,Windsor,Nunavut,J9T 3H4,Canada,1147358413,Ethan@hand.com
William,,310,Armview Terrace,Mirabel,Saskatchewan,L9R 0A0,Canada,1093319348,William@week.com
"",Taylor,304,Alex Street,Milton,Nunavut,G3E 2K4,Canada,1328203185,null@Mr.com
Liam,Williams,274,Argyle Street,Coquitlam,,E4S 3C4,Canada,827350613,Liam@study.com
William,Moore,73,Central Avenue,Caledon,Nunavut,E4S 3C4,Canada,1229734089,William@year.com
James,Thomas,67,Armview Avenue,Milton,Nunavut,J9P 1C6,Canada,1188304048,James@part.com
Alexander,Moore,16,Altavista Lane,Greater Sudbury,Manitoba,N8A 0B3,Canada,311154928,Alexander@state.com
Alexander,Anderson,244,Alm-b Ramp,Clarington,Nunavut,B3V 2V1,Canada,230716354,Alexander@way.com
Alexander,Jackson,7,Blue Jay Street,Burnaby,Prince Edward Island,L9R 0A0,Canada,148160111,Alexander@group.com
"",Thomas,414,Alm-a Ramp,Winnipeg,British Columbia,G0H 2P3,Canada,935309545,null@state.com
Jacob,,370,Clayder Lane,Welland,Nova Scotia,E4M 2G2,Canada,834977341,Jacob@room.com
Ethan,Williams,386,Carriageway Crescent,Aurora,Nova Scotia,G3E 2K4,Canada,209518797,Ethan@book.com
Alexander,Anderson,402,Banbury Close,Cape Breton,Northwest Territories,G3H 0B4,Canada,1080876058,Alexander@mother.com
Alexander,Moore,117,Bronson Avenue,Saint John,Yukon,N4N 0B9,Canada,1386999975,Alexander@work.com
Ethan,Miller,34,Bison Crescent,Saint-Hyacinthe,Nova Scotia,G3E 2K4,Canada,414377683,Ethan@book.com
William,Jones,429,Andrew Street,Ajax,Northwest Territories,J1S 0R4,Canada,688797803,William@null
