First Name,Last Name,Street Number,Street,City,Province,Postal Code,Country,Phone Number,email Address
Mason,Anderson,144,Bedford Highway,Drummondville,Alberta,J9P 1C6,Canada,1267488288,Mason@home.com
Mason,Miller,358,Bedford Row,Saint-JÃ©rÃ´me,Yukon,L3V 1Y8,Canada,485405063,Mason@week.com
Mason,Jackson,186,Agricola Street,Niagara Falls,Prince Edward Island,L9R 0A0,Canada,1239496477,Mason@month.com
Alexander,Taylor,164,Birches Drive,Saskatoon,Nunavut,L3V 1Y8,Canada,779454996,Alexander@child.com
Ethan,Thomas,221,Birch Cove Lane,Mississauga,Northwest Territories,E4S 3C4,Canada,1076060048,Ethan@right.com
"",Moore,164,Alm-a Ramp,Milton,Newfoundland and Labrador,"V1K 1V0 ",Canada,1347896205,null@job.com
Alexander,Miller,115,Chain Rock Drive,St. John's,New Brunswick,L9R 0A0,Canada,876452990,Alexander@money.com
Mason,Jones,163,Ballantrae Lane,Saint-JÃ©rÃ´me,Alberta,L4A 0T0,Canada,325687846,Mason@day.com
Mason,Anderson,27,Centre Gate,Halton Hills,Yukon,G3E 2K4,Canada,737096151,Mason@point.com
"",Taylor,138,Bluestone Road,Brampton,Yukon,J0J 3V6,Canada,272992876,null@water.com
William,Williams,191,Clovis Avenue,Greater Sudbury,Alberta,G0H 2P3,Canada,1311824776,William@number.com
"",Brown,460,Chadwick Place,London,Prince Edward Island,"B0T 0Y5 ",Canada,583926803,null@child.com
Jacob,Williams,44,Birchview Drive,Waterloo,Newfoundland and Labrador,V8C 0S2,Canada,1230556624,Jacob@way.com
Ethan,Brown,305,Breen Avenue,Longueuil,Nunavut,H0H 3C9,Canada,146198137,Ethan@system.com
Alexander,Anderson,450,Berkshire Close,Saint-JÃ©rÃ´me,Yukon,E4S 3C4,Canada,612219937,Alexander@time.com
Ethan,Thomas,288,Brigadier Court,Delta,Northwest Territories,L0N 3J2,Canada,302713838,Ethan@word.com
Liam,Brown,335,Carriageway Crescent,Victoria,Northwest Territories,E4M 2G2,Canada,448898622,Liam@country.com
James,Johnson,50,Charlotte Lane,Winnipeg,Northwest Territories,E4S 3C4,Canada,454895895,James@water.com
Mason,Jones,282,Brenton Place,Cape Breton,Nunavut,K1B 3B2,Canada,1144128250,Mason@mother.com
Ethan,Moore,65,Buddy Daye Street,Thunder Bay,Yukon,B2E 0X4,Canada,1319287533,Ethan@year.com
"",Williams,100,Chessvale Close,Norfolk County,Nunavut,"V1K 1V0 ",Canada,745077618,null@eye.com
Mason,Jones,64,Armstrong Court,Mississauga,Alberta,J9P 1C6,Canada,777034483,Mason@room.com
Ethan,Wilson,251,Bayne St Ramp,Winnipeg,Northwest Territories,G3H 0B4,Canada,798307246,Ethan@company.com
Ethan,Jones,338,Atlantic Street,Saanich,Alberta,H9S 1R4,Canada,564285530,Ethan@day.com
Ethan,Taylor,95,Ahern Avenue,Coquitlam,Nova Scotia,B3V 2V1,Canada,825330091,Ethan@water.com
Ethan,Brown,378,Belmont On The Arm,Ottawa,Nunavut,N5C 2J8,Canada,334241199,Ethan@work.com
Liam,Wilson,490,Bower Road,Trois-RiviÃ¨res,Manitoba,H3J 3P2,Canada,1033275424,Liam@student.com
Alexander,Miller,321,Bower Road,Saint John,Northwest Territories,N4N 0B9,Canada,1096437311,Alexander@day.com
Ethan,Jones,287,Bloomingdale Terrace,Brampton,Prince Edward Island,L0N 3J2,Canada,1113811701,Ethan@lot.com
Alexander,Miller,45,Belmont Road,Sherbrooke,Alberta,N5C 2J8,Canada,1238273987,Alexander@thing.com
Alexander,Jones,129,Balcomes Drive,Mirabel,Northwest Territories,"V1K 1V0 ",Canada,851150631,Alexander@country.com
William,Davis,25,Canary Crescent,Aurora,New Brunswick,N8H 2H6,Canada,1320926402,William@way.com
William,Taylor,9,Chebucto Road,Whitby,Northwest Territories,N8H 2H6,Canada,835785314,William@time.com
"",Miller,12,Bell Road,Richmond Hill,Prince Edward Island,T1L 2H8,Canada,981263547,null@part.com
