First Name,Last Name,Street Number,Street,City,Province,Postal Code,Country,Phone Number,email Address
"",Williams,362,Blue Jay Street,Red Deer,Northwest Territories,G0H 2P3,Canada,1177418820,null@year.com
"",Williams,303,Brockhurst Close,Longueuil,British Columbia,E4M 2G2,Canada,1203170197,null@point.com
Alexander,Jones,456,Anchor Drive,Port Coquitlam,Prince Edward Island,E7E 3T7,Canada,571100445,Alexander@man.com
Jacob,Jones,440,Clayton Park Drive,Longueuil,Newfoundland and Labrador,E4S 3C4,Canada,718223015,Jacob@woman.com
Liam,Moore,442,Bridges Street,Richmond Hill,Quebec,J9P 1C6,Canada,1377763155,Liam@study.com
"",Taylor,12,Bayne Street,Burlington,Saskatchewan,N8H 2H6,Canada,128900115,null@people.com
"",Johnson,349,Blue Willow Court,Victoria,Newfoundland and Labrador,N8A 0B3,Canada,1247396272,null@eye.com
Mason,Jackson,92,Blowers Street,Quebec City,Saskatchewan,G6X 2L1,Canada,294092046,Mason@country.com
William,Johnson,235,Chelton Woods Lane,Saskatoon,British Columbia,K1B 3B2,Canada,197690506,William@year.com
Alexander,Wilson,495,Aldergrove Drive,North Bay,Northwest Territories,E4M 2G2,Canada,345031313,Alexander@woman.com
William,Davis,460,Bedford Highway,Saguenay,Northwest Territories,H9S 1R4,Canada,1123068103,William@Mr.com
Mason,Williams,375,Allan Street,LÃ©vis,Prince Edward Island,J0N 0Z3,Canada,801448892,Mason@people.com
Jacob,Johnson,387,Argyle Street,Oakville,Nunavut,E4S 3C4,Canada,462462672,Jacob@year.com
Jacob,Davis,173,Beech Street,Surrey,Prince Edward Island,"B0T 0Y5 ",Canada,1247172066,Jacob@problem.com
Jacob,Wilson,461,Angus L Macdonald Bridge,Victoria,Prince Edward Island,"L4A 0T3 ",Canada,631676930,Jacob@business.com
Alexander,Taylor,327,Cascade Drive,Sarnia,Prince Edward Island,H3J 3P2,Canada,1226338505,Alexander@room.com
James,Jackson,307,Ashburn Avenue,Caledon,Prince Edward Island,H9S 1R4,Canada,678671058,James@fact.com
James,Jackson,328,Bond Street,Mississauga,Manitoba,J0J 3V6,Canada,1103756666,James@Mr.com
"",Anderson,21,Athlone Avenue,Moncton,Nunavut,V8B 1P6,Canada,361000148,null@state.com
Liam,Davis,15,Athlone Avenue,Saint John,Northwest Territories,,Canada,967759406,Liam@group.com
Ethan,Miller,282,Aukland Place,Longueuil,Nunavut,N5C 2J8,Canada,312888975,Ethan@month.com
Ethan,Johnson,349,Albert Walker Drive,Repentigny,Alberta,N5C 2J8,Canada,1190253359,Ethan@home.com
Liam,Williams,386,Aikens Avenue,Surrey,Newfoundland and Labrador,T1L 2H8,Canada,1350446130,Liam@group.com
Mason,Moore,72,Broadholme Lane,Pickering,Quebec,H9S 1R4,Canada,1245077400,Mason@job.com
Ethan,Jones,350,Cabot Back Lane,Kitchener,,T1L 2H8,Canada,1302748416,Ethan@book.com
James,Williams,5,Bridges Street,Granby,Nunavut,L0N 3J2,Canada,336970830,James@problem.com
James,Miller,274,Blue Jay Street,LÃ©vis,Northwest Territories,G0H 2P3,Canada,1043070082,James@job.com
James,,144,Armoury Place,North Bay,Nunavut,N8A 0B3,Canada,715614092,James@state.com
Mason,Moore,28,Annandale Street,Airdrie,Prince Edward Island,G3E 2K4,Canada,306412844,Mason@man.com
William,Jackson,399,Buffers Lane,Niagara Falls,Newfoundland and Labrador,E7E 3T7,Canada,664465310,William@year.com
Alexander,Brown,314,Alumni Crescent,Brantford,Nova Scotia,"B0T 0Y5 ",Canada,178864521,Alexander@fact.com
Liam,Williams,473,Briar Place,Burlington,Nunavut,E5V 3X5,Canada,902680045,Liam@group.com
James,Taylor,267,Armview Terrace,Blainville,Northwest Territories,B2E 0X4,Canada,156130747,James@government.com
