First Name,Last Name,Street Number,Street,City,Province,Postal Code,Country,Phone Number,email Address
Ethan,,439,Balcomes Drive,New Westminster,Yukon,N4N 0B9,Canada,1340930238,Ethan@school.com
Liam,Miller,341,Charlton Avenue,Sault Ste. Marie,Prince Edward Island,J0J 3V6,Canada,167876394,Liam@business.com
James,Jackson,445,Chelsea Lane,Mississauga,Prince Edward Island,G3E 2K4,Canada,694757432,James@week.com
Alexander,Thomas,426,Bland Street,Saint-Hyacinthe,Northwest Territories,J0J 3V6,Canada,1192894916,Alexander@word.com
"",Moore,275,Bond Street,Saint John,Prince Edward Island,B2E 0X4,Canada,1232785469,null@hand.com
William,,333,Birchfield Crescent,Red Deer,Alberta,L4A 0T0,Canada,998399556,William@case.com
Jacob,Taylor,348,Castlepark Grove,Vaughan,Northwest Territories,L0N 3J2,Canada,1370901288,Jacob@student.com
Ethan,Johnson,395,Bedford Highway Ramp,Sault Ste. Marie,British Columbia,E5V 3X5,Canada,1163465952,Ethan@number.com
William,Brown,191,Bonaventure Drive,Red Deer,Nunavut,L3V 1Y8,Canada,127492968,William@Mr.com
Ethan,Moore,476,Barclay Avenue,Hamilton,Prince Edward Island,T1L 2H8,Canada,140201754,Ethan@fact.com
"",Brown,396,Blink Bonnie Terrace,Markham,Yukon,J1S 0R4,Canada,1255638367,null@room.com
Jacob,Thomas,394,Brigadier Court,Saint John,Alberta,"V1K 1V0 ",Canada,713136846,Jacob@water.com
Alexander,Wilson,15,Briarwood Crescent,Greater Sudbury,Alberta,,Canada,378907636,Alexander@room.com
James,Miller,294,Cloverdale Road,Caledon,Nunavut,N8H 2H6,Canada,482976636,James@system.com
Liam,Taylor,485,Bryden Avenue,North Vancouver,Alberta,J0N 0Z3,Canada,919544160,Liam@Mr.com
Liam,Miller,120,Alm-a Ramp,Aurora,Quebec,B2E 0X4,Canada,1136279228,Liam@null
Ethan,Davis,111,Banbury Close,Brantford,Nova Scotia,N8A 0B3,Canada,447381050,Ethan@book.com
Liam,,65,Bower Road,Hamilton,Newfoundland and Labrador,J0J 3V6,Canada,1307579212,Liam@school.com
Jacob,,265,Abrams Way,Blainville,Nunavut,E7E 3T7,Canada,949728225,Jacob@company.com
Ethan,Williams,86,Bluestone Road,Winnipeg,Alberta,H9S 1R4,Canada,1379594469,Ethan@way.com
Liam,Johnson,142,Abercrombie Lane,Guelph,New Brunswick,L9R 0A0,Canada,634616293,Liam@day.com
Ethan,Jackson,296,Church Street,North Vancouver,Prince Edward Island,H3J 3P2,Canada,399525773,Ethan@place.com
Mason,Jones,414,Charlton Avenue,Kitchener,Alberta,L0N 3J2,Canada,440582408,Mason@system.com
Ethan,Wilson,353,Africville Road,Ottawa,Nova Scotia,V8C 0S2,Canada,484610672,Ethan@problem.com
Alexander,Jones,228,Charlton Avenue,Surrey,Prince Edward Island,E7E 3T7,Canada,1317918849,Alexander@number.com
Jacob,Moore,432,Autumn Drive,Cape Breton,Saskatchewan,E7E 3T7,Canada,337470163,Jacob@null
"",Jones,265,Bosun Run,St. Catharines,Nunavut,E7E 3T7,Canada,993574575,null@question.com
Alexander,Davis,85,Artillery Place,Lethbridge,New Brunswick,V8C 0S2,Canada,1031667923,Alexander@question.com
Alexander,Davis,281,Beachstone Drive,Cambridge,New Brunswick,J9T 3H4,Canada,150298592,Alexander@month.com
Ethan,Anderson,366,Beresford Road,Markham,Newfoundland and Labrador,J1S 0R4,Canada,1287642760,Ethan@job.com
Ethan,Williams,184,Albert Place,Kamloops,Newfoundland and Labrador,G3E 2K4,Canada,201142365,Ethan@room.com
Ethan,Thomas,382,Alm-b Ramp,Pickering,Nunavut,"B0T 0Y5 ",Canada,1317479581,Ethan@question.com
Liam,Brown,237,Ahern Avenue,Strathcona County,Nova Scotia,J1S 0R4,Canada,1314289842,Liam@hand.com
William,Williams,226,Barclay Avenue,Lethbridge,Saskatchewan,V8B 1P6,Canada,855272229,William@case.com
Alexander,Anderson,453,Anchor Drive,Laval,Alberta,H0H 3C9,Canada,629343513,Alexander@book.com
