First Name,Last Name,Street Number,Street,City,Province,Postal Code,Country,Phone Number,email Address
James,Jackson,295,Chocolate Lake Road,Oakville,Prince Edward Island,B2E 0X4,Canada,298289972,James@thing.com
Ethan,Thomas,156,Brussels Street,Fredericton,Manitoba,G0H 2P3,Canada,156310676,Ethan@month.com
James,Anderson,293,Bilby Street,Niagara Falls,New Brunswick,N4N 0B9,Canada,1321241244,James@program.com
Ethan,Brown,424,Bayview Road,Trois-RiviÃ¨res,New Brunswick,"V1K 1V0 ",Canada,285005424,Ethan@day.com
Ethan,Jackson,34,Chisholm Avenue,Repentigny,,N8H 2H6,Canada,1068520866,Ethan@school.com
Liam,Miller,341,Bedford Highway,Longueuil,Yukon,E5V 3X5,Canada,305961431,Liam@mother.com
Ethan,Taylor,479,Armview Avenue,Kawartha Lakes,Newfoundland and Labrador,N4N 0B9,Canada,101149032,Ethan@student.com
"",Anderson,436,Alton Drive,Greater Sudbury,Prince Edward Island,J1S 0R4,Canada,1219002477,null@case.com
Jacob,Brown,279,Charlotte Lane,Welland,Nunavut,E4M 2G2,Canada,969949791,Jacob@job.com
Liam,Miller,308,Albion Road,Pickering,,N4N 0B9,Canada,1011527654,Liam@eye.com
James,Jackson,446,Carlton Street,Richmond Hill,Northwest Territories,G3E 2K4,Canada,1217617756,James@right.com
Mason,Anderson,346,Circle Drive,Kamloops,Yukon,E5V 3X5,Canada,1326788757,Mason@book.com
Alexander,Jones,497,Annandale Street,Moncton,Prince Edward Island,V8C 0S2,Canada,807869859,Alexander@money.com
Jacob,Jones,271,Bilby Street,Prince George,Prince Edward Island,T1L 2H8,Canada,456837138,Jacob@program.com
Mason,Brown,182,Belmont On The Arm,Cape Breton,Newfoundland and Labrador,G3E 2K4,Canada,1219150421,Mason@lot.com
Liam,Brown,39,Cedar Street,Lethbridge,New Brunswick,G0H 2P3,Canada,312137643,Liam@group.com
Mason,Miller,156,Bower Road,Moncton,Northwest Territories,"B0T 0Y5 ",Canada,505538098,Mason@case.com
James,Jackson,370,Battery Drive,Saskatoon,Newfoundland and Labrador,N4N 0B9,Canada,373981962,James@business.com
"",Jones,242,Brussels Street,Oakville,Newfoundland and Labrador,E7E 3T7,Canada,790783640,null@government.com
Mason,Thomas,3,Clearview Street,Cape Breton,,,Canada,1266881693,Mason@year.com
Alexander,Davis,228,Castlepark Grove,Montreal,Alberta,L0N 3J2,Canada,615484163,Alexander@home.com
"",Johnson,390,Beresford Road,Thunder Bay,Northwest Territories,J9T 3H4,Canada,1173687369,null@company.com
James,Moore,265,Albert Walker Drive,Prince George,Prince Edward Island,B2E 0X4,Canada,104508372,James@room.com
James,Wilson,138,Belmont On The Arm,Thunder Bay,New Brunswick,L4A 0T0,Canada,242382262,James@month.com
William,Brown,153,Cartaret Street,Clarington,New Brunswick,E5V 3X5,Canada,351660675,William@water.com
Liam,Davis,28,Chestnut Street,Chilliwack,Northwest Territories,G3H 0B4,Canada,1045721754,Liam@book.com
"",Wilson,379,Bridges Street,Greater Sudbury,Prince Edward Island,J0N 0Z3,Canada,157098948,null@week.com
Liam,Williams,268,Belmont Road,Aurora,Nova Scotia,V8B 1P6,Canada,276627347,Liam@hand.com
"",Wilson,479,Africville Road,Longueuil,Alberta,E5V 3X5,Canada,510768031,null@night.com
James,Wilson,85,Armcrescent West Avenue,Drummondville,Nunavut,L0N 3J2,Canada,888427722,James@system.com
"",Miller,363,Braeburn Road,Lethbridge,Nunavut,"V1K 1V0 ",Canada,537549505,null@night.com
Jacob,Thomas,94,Autumn Drive,Nanaimo,British Columbia,L4A 0T0,Canada,1082116545,Jacob@book.com
Mason,Jackson,22,Clayder Lane,Cape Breton,Yukon,G0H 2P3,Canada,164714351,Mason@work.com
Ethan,Anderson,463,Armstrong Court,Thunder Bay,Alberta,G0H 2P3,Canada,923216945,Ethan@water.com
James,Anderson,435,Cambridge Street,Saint-JÃ©rÃ´me,Manitoba,,Canada,499378284,James@place.com
Alexander,Brown,69,Clearview Street,,New Brunswick,N4N 0B9,Canada,619473977,Alexander@thing.com
Mason,Miller,497,Acorn Road,Ottawa,Northwest Territories,H3J 3P2,Canada,764629353,Mason@problem.com
