First Name,Last Name,Street Number,Street,City,Province,Postal Code,Country,Phone Number,email Address
James,Wilson,430,Braeside Lane,Niagara Falls,Prince Edward Island,J9P 1C6,Canada,528171272,James@family.com
Jacob,Moore,378,Alm-b Ramp,Newmarket,,H9S 1R4,Canada,1111331888,Jacob@program.com
Ethan,Johnson,433,Black Street,Waterloo,Prince Edward Island,H9S 1R4,Canada,702677189,Ethan@thing.com
Liam,Thomas,223,Bristol Place,Nanaimo,Newfoundland and Labrador,L9R 0A0,Canada,1257207939,Liam@world.com
"",Thomas,258,Carlton Street,Surrey,Alberta,"B0T 0Y5 ",Canada,845710686,null@school.com
Ethan,Davis,340,Alderwood Drive,New Westminster,New Brunswick,K1B 3B2,Canada,281938575,Ethan@book.com
Ethan,Thomas,191,Brodick Lane,Windsor,Nunavut,"L4A 0T3 ",Canada,392403350,Ethan@right.com
"",Davis,67,Clifton Street,Kawartha Lakes,Nunavut,N4N 0B9,Canada,1374453033,null@right.com
Ethan,Brown,435,Birchfield Crescent,Kamloops,Prince Edward Island,"L4A 0T3 ",Canada,883865848,Ethan@null
Alexander,Jones,113,Caitland Court,Waterloo,Northwest Territories,N8H 2H6,Canada,1042738740,Alexander@case.com
"",Moore,444,Arnold Drive,Lethbridge,Saskatchewan,N5C 2J8,Canada,195328362,null@group.com
Alexander,Anderson,3,Brunswick Street,Saskatoon,Yukon,E4M 2G2,Canada,750784785,Alexander@woman.com
Liam,Wilson,44,Bell Road,Belleville,Nunavut,B3V 2V1,Canada,583501282,Liam@story.com
"",Jones,184,Brighton Avenue,Edmonton,Nunavut,L9R 0A0,Canada,631533444,null@world.com
James,Williams,386,Boulderwood Road,Fredericton,,L4A 0T0,Canada,567233355,James@question.com
Jacob,,233,Alm-e Ramp,Surrey,Northwest Territories,V8C 0S2,Canada,1200556133,Jacob@book.com
Jacob,Johnson,306,Carrington Place,Halton Hills,Northwest Territories,"B0T 0Y5 ",Canada,529919266,Jacob@month.com
Alexander,Jackson,457,Argyle Street,Longueuil,Newfoundland and Labrador,G6X 2L1,Canada,941107048,Alexander@Mr.com
Jacob,Jones,140,Agricola Street,Port Coquitlam,Alberta,E5V 3X5,Canada,114653020,Jacob@time.com
Ethan,Jones,461,Caxton Close,Burlington,New Brunswick,B3V 2V1,Canada,631301723,Ethan@day.com
Jacob,Miller,481,Ashdale Avenue,Chatham-Kent,British Columbia,N5C 2J8,Canada,1247164747,Jacob@right.com
James,Thomas,160,Albert Place,Longueuil,Northwest Territories,E4M 2G2,Canada,340846145,James@job.com
