First Name,Last Name,Street Number,Street,City,Province,Postal Code,Country,Phone Number,email Address
Liam,Johnson,245,Clovis Avenue,North Bay,Quebec,G3E 2K4,Canada,114086189,Liam@world.com
Liam,Taylor,40,Catamaran Road,,Alberta,J9T 3H4,Canada,322820007,Liam@way.com
Ethan,,195,Clinton Avenue,Norfolk County,Saskatchewan,N5C 2J8,Canada,674654815,Ethan@day.com
Alexander,Anderson,230,Blenheim Terrace,Saguenay,New Brunswick,G3E 2K4,Canada,848416723,Alexander@eye.com
Jacob,Williams,223,Cedar Street,Blainville,Alberta,"L4A 0T3 ",Canada,550204686,Jacob@room.com
Mason,Thomas,77,Arnold Drive,Longueuil,Prince Edward Island,J9P 1C6,Canada,1403247102,Mason@study.com
Ethan,Moore,334,Bently Drive,Calgary,Nunavut,J9P 1C6,Canada,468113324,Ethan@case.com
"",Anderson,34,Claremont Street,St. Catharines,Quebec,B2E 0X4,Canada,1123738213,null@school.com
Liam,Davis,294,Central Avenue,Thunder Bay,Nunavut,H0H 3C9,Canada,217148109,Liam@school.com
Mason,Williams,72,Armoury Place,Medicine Hat,Alberta,J0N 0Z3,Canada,299340494,Mason@day.com
Jacob,Miller,262,Canterbury Close,St. Catharines,Nova Scotia,,Canada,1340258896,Jacob@fact.com
Liam,,90,Bedford Highway,Kamloops,Yukon,B2E 0X4,Canada,321679905,Liam@lot.com
Alexander,,351,Benalder Lane,Saguenay,British Columbia,E4S 3C4,Canada,743807594,Alexander@Mr.com
Liam,,27,Autumn Drive,Sault Ste. Marie,Nunavut,N4N 0B9,Canada,596124199,Liam@way.com
"",Anderson,197,Banbury Close,Grande Prairie,Alberta,G3H 0B4,Canada,331879470,null@government.com
Alexander,Moore,459,Balwearie Lane,Aurora,Nunavut,G3E 2K4,Canada,377035528,Alexander@government.com
James,Williams,66,Chelmsford Place,Trois-RiviÃ¨res,Saskatchewan,G0H 2P3,Canada,666942804,James@month.com
William,Thomas,455,Caxton Close,North Bay,Newfoundland and Labrador,J9P 1C6,Canada,579899538,William@thing.com
William,Thomas,249,Bermuda Avenue,Welland,Alberta,"L4A 0T3 ",Canada,240266313,William@work.com
William,Anderson,133,Chelsea Lane,,Nunavut,B3V 2V1,Canada,541135199,William@company.com
James,Anderson,396,Berkshire Close,Strathcona County,New Brunswick,B3V 2V1,Canada,377989387,James@home.com
"",Williams,107,Alm-a Ramp,Kawartha Lakes,Prince Edward Island,E5V 3X5,Canada,551462076,null@man.com
Ethan,Moore,240,Alm-a Ramp,Barrie,Prince Edward Island,N8H 2H6,Canada,736067125,Ethan@study.com
Liam,Williams,8,Altavista Lane,Longueuil,Nunavut,J0J 3V6,Canada,757963093,Liam@eye.com
Mason,Thomas,202,Buffers Lane,Whitby,Prince Edward Island,G0H 2P3,Canada,761055179,Mason@group.com
James,Williams,99,Bridges Street,Halifax,Prince Edward Island,K1B 3B2,Canada,182596743,James@question.com
"",Taylor,271,Archibald Avenue,Halton Hills,Nova Scotia,B3V 2V1,Canada,1351430801,null@case.com
"",Jones,102,Argyle Street,Waterloo,Quebec,K1B 3B2,Canada,1174507322,null@problem.com
Alexander,Brown,69,Brodick Lane,Medicine Hat,Newfoundland and Labrador,J1S 0R4,Canada,1074868921,Alexander@point.com
