First Name,Last Name,Street Number,Street,City,Province,Postal Code,Country,Phone Number,email Address
Mason,Wilson,2,Armview Terrace,Trois-RiviÃ¨res,New Brunswick,E7E 3T7,Canada,479769321,Mason@book.com
"",Wilson,32,Armada Drive,Burnaby,Newfoundland and Labrador,L4A 0T0,Canada,1067731180,null@day.com
Jacob,Wilson,127,Birchview Drive,Waterloo,Yukon,J1S 0R4,Canada,1178591698,Jacob@Mr.com
William,Thomas,286,Chain Rock Drive,Montreal,Quebec,B2E 0X4,Canada,684203701,William@student.com
"",Anderson,401,Bently Drive,Milton,Manitoba,G0H 2P3,Canada,1222122373,null@room.com
Alexander,Jackson,39,Blue Jay Street,Winnipeg,Prince Edward Island,H3J 3P2,Canada,367943048,Alexander@fact.com
Ethan,Davis,324,Blue Jay Street,Welland,Prince Edward Island,L3V 1Y8,Canada,249186678,Ethan@eye.com
James,Jones,375,Acorn Road,Chilliwack,Nova Scotia,"V1K 1V0 ",Canada,1016527700,James@number.com
Mason,Jones,380,Clayder Lane,Maple Ridge,New Brunswick,L0N 3J2,Canada,129084991,Mason@work.com
William,Anderson,323,Cherry Lane,Saint-JÃ©rÃ´me,,L9R 0A0,Canada,960544220,William@year.com
"",Moore,121,Bayers Road,Guelph,Prince Edward Island,L0N 3J2,Canada,475689999,null@night.com
Jacob,Thomas,320,Carroll Lane,Abbotsford,Prince Edward Island,K1B 3B2,Canada,822273361,Jacob@null
Mason,,302,Chipstone Close,Kingston,Nunavut,H3J 3P2,Canada,412901389,Mason@job.com
Ethan,,304,Armstrong Court,Newmarket,Yukon,E5V 3X5,Canada,1384887287,Ethan@life.com
William,Jackson,232,Cascade Drive,Cape Breton,Prince Edward Island,B2E 0X4,Canada,206863003,William@world.com
William,Johnson,474,Blue Willow Court,Trois-RiviÃ¨res,,H0H 3C9,Canada,1185438722,William@world.com
James,,291,Bloomingdale Terrace,Coquitlam,Nova Scotia,J9T 3H4,Canada,352318592,James@word.com
James,Brown,261,Aldergrove Drive,Winnipeg,Prince Edward Island,G0H 2P3,Canada,928277108,James@case.com
Ethan,,130,Charlotte Lane,Blainville,Alberta,G3E 2K4,Canada,786106204,Ethan@null
Liam,Brown,169,Alma Crescent,North Vancouver,Prince Edward Island,"B0T 0Y5 ",Canada,590147655,Liam@right.com
James,Davis,420,Bland Street,Port Coquitlam,Nova Scotia,N8A 0B3,Canada,1056718883,James@home.com
Liam,Anderson,294,Birchwood Drive,Kelowna,Nunavut,H9S 1R4,Canada,253483864,Liam@room.com
Alexander,Johnson,459,Autumn Drive,Saguenay,Alberta,L4A 0T0,Canada,200962555,Alexander@null
James,Jones,486,Admirals Way,Fredericton,Northwest Territories,E5V 3X5,Canada,262923326,James@problem.com
James,Wilson,162,Binney Street,Waterloo,Manitoba,G3E 2K4,Canada,620055048,James@program.com
William,,200,Chipstone Close,Burnaby,Alberta,E7E 3T7,Canada,1242056645,William@money.com
Alexander,Johnson,319,Acorn Road,Burnaby,Alberta,T1L 2H8,Canada,827432261,Alexander@Mr.com
James,Moore,460,Carriageway Crescent,Norfolk County,Nunavut,J9T 3H4,Canada,341631070,James@water.com
Alexander,Johnson,430,Barrington Street,Guelph,Yukon,N4N 0B9,Canada,355097337,Alexander@country.com
Alexander,Jackson,321,Caxton Close,Chatham-Kent,Nova Scotia,V8C 0S2,Canada,673592089,Alexander@case.com
William,Jones,4,Cabot Street,Milton,Nova Scotia,"L4A 0T3 ",Canada,1316050708,William@Mr.com
"",Jackson,417,Balcomes Drive,Chilliwack,Alberta,L0N 3J2,Canada,1323448138,null@story.com
Jacob,Taylor,386,Bedford Row,Vaughan,Prince Edward Island,L4A 0T0,Canada,712364331,Jacob@woman.com
Ethan,Jackson,312,Birch Street,Ottawa,Nova Scotia,J9P 1C6,Canada,493739395,Ethan@child.com
