First Name,Last Name,Street Number,Street,City,Province,Postal Code,Country,Phone Number,email Address
Ethan,Thomas,305,Chestnut Street,Newmarket,Northwest Territories,V8C 0S2,Canada,1270404345,Ethan@month.com
Liam,Williams,383,Armdale Rotary,Halton Hills,Nova Scotia,G3H 0B4,Canada,396277379,Liam@people.com
"",Williams,106,Abbott Drive,North Vancouver,Newfoundland and Labrador,B2E 0X4,Canada,379326654,null@null
"",Jones,176,Bland Street,Laval,Nunavut,L9R 0A0,Canada,1402702963,null@number.com
Liam,Miller,136,Bilby Street,Oakville,Nunavut,H0H 3C9,Canada,1119952819,Liam@time.com
James,Jackson,431,Cherry Lane,Aurora,Nunavut,K1B 3B2,Canada,965702568,James@group.com
Alexander,Brown,115,Belmont On The Arm,St. Catharines,Nova Scotia,"L4A 0T3 ",Canada,487977115,Alexander@program.com
Ethan,Moore,27,Argyle Street,Thunder Bay,Quebec,E7E 3T7,Canada,827849858,Ethan@state.com
Ethan,Wilson,15,Adelaide Avenue,Milton,British Columbia,B3V 2V1,Canada,226670596,Ethan@story.com
Liam,Anderson,325,Cedarbrae Lane,Saint John,British Columbia,E4S 3C4,Canada,460216991,Liam@day.com
"",Wilson,428,Aikens Avenue,Cape Breton,British Columbia,E7E 3T7,Canada,799222008,null@water.com
James,Moore,288,Aikenhead Road,Pickering,,J0J 3V6,Canada,1372254529,James@money.com
"",Jones,205,Carriageway Crescent,Cape Breton,Manitoba,G0H 2P3,Canada,340564856,null@home.com
Mason,Wilson,76,Barracks Drive,Saint John,Newfoundland and Labrador,H0H 3C9,Canada,1067405402,Mason@company.com
William,Taylor,51,Castlepark Grove,Saint-JÃ©rÃ´me,Nunavut,L9R 0A0,Canada,477170874,William@question.com
Alexander,Williams,126,Camelot Lane,Windsor,Nova Scotia,E4S 3C4,Canada,453532194,Alexander@job.com
Ethan,Jackson,451,Belle Aire Terrace,Ottawa,Nunavut,G0H 2P3,Canada,1260329063,Ethan@part.com
Jacob,Moore,402,Braeburn Road,Kamloops,New Brunswick,E5V 3X5,Canada,1306165344,Jacob@people.com
Alexander,Jones,49,Brenton Place,Whitby,Newfoundland and Labrador,G0H 2P3,Canada,1318969682,Alexander@place.com
"",Wilson,230,Blowers Street,Red Deer,Northwest Territories,E4M 2G2,Canada,1402872939,null@month.com
