First Name,Last Name,Street Number,Street,City,Province,Postal Code,Country,Phone Number,email Address
Liam,,305,"Alm-../../view.php?place=Alm-# Ramp, Halifax, ns, CANADA Ramp",Saint-Hyacinthe,Northwest Territories,"V1K 1V0 ",Canada,868157432,Liam@country.com
Liam,Thomas,39,Annandale Street,Richmond,Northwest Territories,V8B 1P6,Canada,1279050517,Liam@company.com
Ethan,Williams,92,Bliss Street,Montreal,Nunavut,H0H 3C9,Canada,308564518,Ethan@work.com
Alexander,Williams,256,Armcrescent West Avenue,Welland,Manitoba,G3H 0B4,Canada,533316985,Alexander@money.com
Liam,Miller,185,Beech Street,Prince George,Newfoundland and Labrador,L4A 0T0,Canada,1168286790,Liam@lot.com
"",Davis,250,Cascade Drive,Wood Buffalo,Yukon,L4A 0T0,Canada,954763598,null@system.com
"",Williams,69,Armdale Rotary,Brantford,Nunavut,B2E 0X4,Canada,1177104565,null@null
James,Anderson,373,Beaufort Avenue,Caledon,Nunavut,N8H 2H6,Canada,278730751,James@lot.com
James,Taylor,241,Bower Road,London,Alberta,G3E 2K4,Canada,1334477478,James@lot.com
Mason,Jones,69,Angus L Macdonald Bridge,Milton,Newfoundland and Labrador,N5C 2J8,Canada,1022380289,Mason@problem.com
Jacob,Davis,200,Ashton Lane,Ottawa,Manitoba,B3V 2V1,Canada,1180664269,Jacob@government.com
James,Jones,104,Bryden Avenue,Surrey,Prince Edward Island,B3V 2V1,Canada,709935986,James@woman.com
Mason,Williams,69,Clovis Avenue,Norfolk County,Saskatchewan,V8C 0S2,Canada,270812151,Mason@week.com
"",Williams,187,Cartaret Street,Aurora,Nova Scotia,J9P 1C6,Canada,1064112962,null@hand.com
Alexander,Taylor,107,Barrington Street,Terrebonne,Nunavut,G6X 2L1,Canada,1331862407,Alexander@word.com
Mason,Williams,311,Bridgeview Drive,Ajax,,H3J 3P2,Canada,1395440299,Mason@month.com
Ethan,Davis,44,Archibald Avenue,North Vancouver,Alberta,V8B 1P6,Canada,321327543,Ethan@number.com
William,Jones,124,Bloomingdale Terrace,Waterloo,Nunavut,E7E 3T7,Canada,977114922,William@night.com
"",Davis,316,Catamaran Road,Saanich,Prince Edward Island,L0N 3J2,Canada,448960772,null@family.com
Mason,Moore,464,Albert Street,Chatham-Kent,Alberta,"L4A 0T3 ",Canada,1206318678,Mason@question.com
"",Jackson,77,Canary Crescent,Surrey,Nunavut,G3H 0B4,Canada,250495777,null@business.com
Ethan,Johnson,284,Bosun Run,Fredericton,Alberta,J9T 3H4,Canada,471241709,Ethan@case.com
Jacob,Johnson,289,Birmingham Street,Kamloops,Nova Scotia,N8A 0B3,Canada,486054040,Jacob@man.com
Ethan,Williams,133,Attenborough Court,Quebec City,Nova Scotia,G3E 2K4,Canada,1391355025,Ethan@problem.com
William,Taylor,140,Buffers Lane,Aurora,British Columbia,"B0T 0Y5 ",Canada,1256273449,William@people.com
William,,385,Almon Street,Kelowna,Saskatchewan,G0H 2P3,Canada,992979893,William@man.com
Jacob,Thomas,456,Chelton Woods Lane,Moncton,Alberta,G6X 2L1,Canada,1233687283,Jacob@world.com
William,Williams,421,Archibald Avenue,Saint-Jean-sur-Richelieu,Nunavut,E4M 2G2,Canada,589953707,William@point.com
William,Anderson,326,Clovis Avenue,Saint-JÃ©rÃ´me,Northwest Territories,J0J 3V6,Canada,768833709,William@money.com
James,Anderson,387,Brook Street,Markham,Newfoundland and Labrador,N8A 0B3,Canada,1107436164,James@time.com
Ethan,Taylor,150,Ashdale Avenue,North Vancouver,Quebec,N8A 0B3,Canada,814628163,Ethan@company.com
"",Davis,5,Circle Drive,Whitby,Yukon,N5C 2J8,Canada,206236902,null@number.com
Alexander,Jones,159,Armcrescent West Avenue,Maple Ridge,Alberta,J0N 0Z3,Canada,335415146,Alexander@work.com
"",Anderson,46,Almon Street,Saint-JÃ©rÃ´me,Northwest Territories,G0H 2P3,Canada,288379785,null@month.com
Mason,,52,Briarwood Crescent,Brampton,Quebec,J9T 3H4,Canada,598801346,Mason@hand.com
"",Williams,355,Chessvale Close,Kamloops,Saskatchewan,N5C 2J8,Canada,521784669,null@woman.com
William,Jones,37,Bilby Street,Blainville,Quebec,H3J 3P2,Canada,667789232,William@country.com
"",Wilson,271,Brigadier Court,Langley,Prince Edward Island,N8H 2H6,Canada,310105354,null@point.com
James,Jones,158,Ashburn Avenue,Brantford,Yukon,H3J 3P2,Canada,655229431,James@time.com
"",,136,Allan Street,Surrey,Nunavut,H0H 3C9,Canada,1380926812,null@Mr.com
Liam,Thomas,229,Bayne Street,Medicine Hat,Manitoba,"B0T 0Y5 ",Canada,188803109,Liam@program.com
William,Anderson,438,Chebucto Road,Red Deer,Manitoba,"V1K 1V0 ",Canada,624960311,William@family.com
