First Name,Last Name,Street Number,Street,City,Province,Postal Code,Country,Phone Number,email Address
Mason,Thomas,410,Botany Terrace,Cape Breton,Nunavut,V8B 1P6,Canada,446654033,Mason@week.com
"",Jones,452,Allan Street,Mississauga,Alberta,H3J 3P2,Canada,559660411,null@way.com
Ethan,Davis,112,Brunswick Street,Kingston,British Columbia,H0H 3C9,Canada,343120033,Ethan@room.com
"",,124,Alm-e Ramp,Burnaby,Alberta,L3V 1Y8,Canada,101364390,null@lot.com
Ethan,Jackson,378,Cedarbank Terrace,Ajax,New Brunswick,B3V 2V1,Canada,781808980,Ethan@group.com
Alexander,Johnson,289,Birches Drive,Prince George,Nunavut,N8H 2H6,Canada,1016613050,Alexander@company.com
Ethan,Taylor,444,Bakers Drive,Newmarket,Nunavut,H3J 3P2,Canada,750717935,Ethan@child.com
Liam,Jones,83,Bliss Street,Regina,Nunavut,N5C 2J8,Canada,971517975,Liam@right.com
Liam,Miller,91,Buddy Daye Street,Aurora,New Brunswick,"L4A 0T3 ",Canada,134575675,Liam@program.com
Ethan,,371,Allan Street,Saint-Hyacinthe,Northwest Territories,,Canada,555197398,Ethan@company.com
William,Johnson,379,Birch Cove Lane,Drummondville,Newfoundland and Labrador,H0H 3C9,Canada,263855834,William@month.com
Ethan,Jackson,400,Bloomfield Street,Nanaimo,Nova Scotia,G3E 2K4,Canada,1172985925,Ethan@home.com
"",Williams,250,Boulderwood Road,Fredericton,Nova Scotia,E5V 3X5,Canada,140937096,null@family.com
Mason,Brown,98,Cedarbank Terrace,Terrebonne,Manitoba,G3H 0B4,Canada,353525381,Mason@case.com
"",,294,Albert Street,Belleville,Prince Edward Island,L3V 1Y8,Canada,509333084,null@part.com
Mason,Williams,224,Alm-c Ramp,Vaughan,Quebec,N8H 2H6,Canada,1282668345,Mason@student.com
"",Moore,274,Bridgeview Drive,Brossard,Nunavut,J0J 3V6,Canada,195675181,null@word.com
Mason,Thomas,365,Cavendish Road,Saanich,Nunavut,L3V 1Y8,Canada,1230189277,Mason@country.com
Liam,Williams,465,Brodick Lane,Longueuil,Prince Edward Island,"V1K 1V0 ",Canada,1307431359,Liam@lot.com
Mason,Williams,36,Alm-e Ramp,Caledon,Nova Scotia,B2E 0X4,Canada,1144503105,Mason@business.com
"",Williams,54,Agricola Street,Halifax,Northwest Territories,H3J 3P2,Canada,1344535408,null@state.com
"",Williams,355,Cedar Street,Prince George,Manitoba,N8A 0B3,Canada,1020563883,null@study.com
James,Jones,335,Alm-c Ramp,Granby,Saskatchewan,L4A 0T0,Canada,901817877,James@right.com
Jacob,Wilson,150,Brook Street,Saguenay,Nova Scotia,L9R 0A0,Canada,283827838,Jacob@null
Liam,Jackson,290,Armview Terrace,Kawartha Lakes,Prince Edward Island,"B0T 0Y5 ",Canada,1159632327,Liam@state.com
Liam,Brown,168,Birch Street,Fredericton,Newfoundland and Labrador,G0H 2P3,Canada,749590276,Liam@point.com
Liam,Wilson,489,Breen Avenue,Wood Buffalo,Nunavut,G3E 2K4,Canada,415660178,Liam@case.com
Mason,Anderson,78,Basinview Drive,Niagara Falls,New Brunswick,H3J 3P2,Canada,1362065283,Mason@room.com
Ethan,Taylor,84,Boulderwood Road,Port Coquitlam,,L4A 0T0,Canada,1246880692,Ethan@country.com
