First Name,Last Name,Street Number,Street,City,Province,Postal Code,Country,Phone Number,email Address
James,Jackson,217,Armshore Drive,Norfolk County,Nunavut,N4N 0B9,Canada,449629744,James@week.com
Jacob,Johnson,83,Avon Crescent,St. John's,Nunavut,J1S 0R4,Canada,1102427416,Jacob@Mr.com
Ethan,Anderson,332,Admirals Way,Coquitlam,Nunavut,G3E 2K4,Canada,774682710,Ethan@thing.com
Liam,Anderson,59,Bristol Place,Medicine Hat,Prince Edward Island,L4A 0T0,Canada,1288458865,Liam@fact.com
Jacob,Williams,78,Chadwick Place,Sherbrooke,Northwest Territories,G6X 2L1,Canada,359734815,Jacob@null
Ethan,Jones,23,Bently Drive,Markham,Nunavut,J1S 0R4,Canada,738915565,Ethan@world.com
Alexander,Williams,180,Attenborough Court,Longueuil,Nunavut,J0N 0Z3,Canada,808725579,Alexander@study.com
Liam,Johnson,495,Bliss Street,Sarnia,Prince Edward Island,G0H 2P3,Canada,974478908,Liam@case.com
Jacob,Brown,179,Bethany Way,Chatham-Kent,Alberta,G6X 2L1,Canada,1083169433,Jacob@hand.com
"",Thomas,365,Alma Crescent,Moncton,Prince Edward Island,N5C 2J8,Canada,1032289444,null@hand.com
Ethan,Taylor,190,Battery 18th Road,Niagara Falls,Newfoundland and Labrador,L0N 3J2,Canada,1217485458,Ethan@problem.com
James,Taylor,354,Chartwell Lane,Barrie,Alberta,"B0T 0Y5 ",Canada,146330583,James@study.com
Ethan,,343,Clearview Street,Sarnia,Nova Scotia,J9P 1C6,Canada,1011549437,Ethan@right.com
Liam,Thomas,113,Bishop Street,Grande Prairie,Prince Edward Island,J0N 0Z3,Canada,985529063,Liam@job.com
Ethan,Johnson,88,Blowers Street,Brampton,New Brunswick,G3E 2K4,Canada,679709895,Ethan@work.com
Alexander,Taylor,410,Cherry Street,Chatham-Kent,New Brunswick,B2E 0X4,Canada,318448235,Alexander@company.com
Mason,Jackson,79,Brook Street,Strathcona County,Saskatchewan,J9T 3H4,Canada,1238959273,Mason@place.com
Liam,Jones,473,Bromley Road,Prince George,Prince Edward Island,L3V 1Y8,Canada,632310781,Liam@number.com
Liam,Miller,240,Albert Place,Norfolk County,Quebec,G3H 0B4,Canada,691858889,Liam@home.com
"",Moore,36,Arnold Drive,Wood Buffalo,Prince Edward Island,G3H 0B4,Canada,1271680129,null@man.com
"",Thomas,485,Ash Lake Court,Montreal,Newfoundland and Labrador,K1B 3B2,Canada,775737443,null@mother.com
Ethan,Jackson,412,Clifton Street,Victoria,Northwest Territories,E4S 3C4,Canada,1341289706,Ethan@Mr.com
Jacob,Taylor,412,Bedford Highway Ramp,St. Catharines,Yukon,E7E 3T7,Canada,923112009,Jacob@question.com
Alexander,Davis,35,Battery 18th Road,Thunder Bay,Quebec,H9S 1R4,Canada,1230755331,Alexander@group.com
"",Taylor,113,Birchview Drive,Drummondville,Nunavut,J9P 1C6,Canada,155841066,null@thing.com
James,Jackson,481,Blue Jay Street,LÃ©vis,New Brunswick,L0N 3J2,Canada,818812569,James@system.com
"",Johnson,351,Alm-a Ramp,Drummondville,Newfoundland and Labrador,H9S 1R4,Canada,671207880,null@hand.com
Mason,Thomas,17,Balwearie Lane,Saint John,Northwest Territories,J0J 3V6,Canada,1027538437,Mason@group.com
"",Williams,306,Brenton Street,Burnaby,Alberta,E7E 3T7,Canada,589681833,null@night.com
James,Brown,385,Arvida Avenue,Kawartha Lakes,Newfoundland and Labrador,L3V 1Y8,Canada,692887929,James@time.com
Ethan,Thomas,353,Chelsea Lane,Sault Ste. Marie,Northwest Territories,"L4A 0T3 ",Canada,1270379305,Ethan@state.com
James,,473,Brunswick Street,Windsor,Yukon,N5C 2J8,Canada,932051042,James@program.com
