First Name,Last Name,Street Number,Street,City,Province,Postal Code,Country,Phone Number,email Address
"",Taylor,331,Birch Street,Drummondville,Saskatchewan,G3E 2K4,Canada,1247366348,null@eye.com
"",Miller,236,Clovis Avenue,Clarington,Alberta,L4A 0T0,Canada,1047345542,null@book.com
William,Brown,191,Aikenhead Road,Brampton,Northwest Territories,E4S 3C4,Canada,967415536,William@lot.com
Alexander,Moore,208,Armoury Place,Grande Prairie,New Brunswick,V8B 1P6,Canada,731988976,Alexander@study.com
Ethan,,58,Bristol Place,Oakville,Alberta,E4M 2G2,Canada,1356382154,Ethan@study.com
James,,329,Bison Crescent,Trois-RiviÃ¨res,Manitoba,G3E 2K4,Canada,1335164178,James@state.com
Liam,Williams,444,Barrington Street,Niagara Falls,Nova Scotia,G3H 0B4,Canada,860331620,Liam@null
Ethan,Anderson,168,Banbury Close,Cape Breton,New Brunswick,B2E 0X4,Canada,1398384766,Ethan@right.com
Mason,,306,Buffers Lane,Peterborough,,V8C 0S2,Canada,1348299598,Mason@part.com
