First Name,Last Name,Street Number,Street,City,Province,Postal Code,Country,Phone Number,email Address
Ethan,Johnson,450,Birchview Drive,Airdrie,Newfoundland and Labrador,E4M 2G2,Canada,1302310526,Ethan@company.com
Ethan,Jones,84,Basinview Drive,Coquitlam,,G6X 2L1,Canada,181828126,Ethan@program.com
Ethan,Taylor,242,Carnation Crescent,Peterborough,Saskatchewan,"L4A 0T3 ",Canada,1144547937,Ethan@home.com
Liam,Brown,43,Berts Drive,Ajax,,J0J 3V6,Canada,775308225,Liam@room.com
William,Anderson,129,Angus L Macdonald Bridge,Welland,New Brunswick,E4M 2G2,Canada,880498857,William@study.com
Jacob,Anderson,18,Albemarle Street,Newmarket,Northwest Territories,E7E 3T7,Canada,994144452,Jacob@thing.com
Ethan,Williams,16,Castlepark Grove,Kawartha Lakes,Nunavut,L0N 3J2,Canada,913958969,Ethan@work.com
