First Name,Last Name,Street Number,Street,City,Province,Postal Code,Country,Phone Number,email Address
"",Davis,405,Blink Bonnie Terrace,Oakville,Alberta,J9P 1C6,Canada,451727765,null@student.com
Liam,Jones,400,Allan Street,Medicine Hat,Quebec,N8H 2H6,Canada,139190611,Liam@number.com
Mason,Brown,59,Aikens Avenue,St. Catharines,Alberta,B2E 0X4,Canada,924185442,Mason@lot.com
"",Wilson,21,Bright Street,Laval,Prince Edward Island,E4M 2G2,Canada,831603525,null@problem.com
Jacob,Jackson,452,Alm-a Ramp,Regina,Nova Scotia,B3V 2V1,Canada,620017549,Jacob@Mr.com
Liam,Jackson,5,Acorn Road,North Vancouver,Yukon,B3V 2V1,Canada,1201773784,Liam@number.com
"",,270,Chipstone Close,Saint-Hyacinthe,Alberta,E4S 3C4,Canada,887323069,null@story.com
James,Thomas,82,Abercrombie Lane,Terrebonne,Nunavut,E7E 3T7,Canada,1288105001,James@woman.com
Ethan,Thomas,283,Blenheim Terrace,Fredericton,Alberta,E5V 3X5,Canada,286482942,Ethan@null
Ethan,Wilson,153,Clovis Avenue,Terrebonne,Prince Edward Island,E7E 3T7,Canada,533551159,Ethan@null
Alexander,Taylor,488,Armview Terrace,New Westminster,British Columbia,H9S 1R4,Canada,1394416593,Alexander@right.com
Liam,Davis,34,Bliss Street,Halton Hills,Yukon,"L4A 0T3 ",Canada,860802743,Liam@point.com
Mason,Thomas,281,Charles Street,Halifax,Alberta,"L4A 0T3 ",Canada,962842340,Mason@people.com
"",Wilson,67,Aster Court,Mirabel,Yukon,J9T 3H4,Canada,508173501,null@time.com
William,Davis,243,Bobolink Street,Sherbrooke,Northwest Territories,"L4A 0T3 ",Canada,670750549,William@room.com
"",Davis,429,Balmoral Road,Norfolk County,Nunavut,G6X 2L1,Canada,867774782,null@country.com
James,Thomas,213,Arvida Avenue,Cape Breton,Alberta,"L4A 0T3 ",Canada,996254583,James@money.com
William,Miller,278,Brycedale Lane,Terrebonne,New Brunswick,J9T 3H4,Canada,998679051,William@case.com
Alexander,Anderson,5,Bronson Avenue,Markham,Saskatchewan,L4A 0T0,Canada,1214438381,Alexander@part.com
Mason,Jackson,458,Brighton Avenue,Nanaimo,New Brunswick,"L4A 0T3 ",Canada,502949156,Mason@time.com
Mason,Williams,403,Chain Lake Drive,Saskatoon,Nunavut,B3V 2V1,Canada,355874737,Mason@lot.com
Liam,Thomas,89,Chisholm Avenue,Niagara Falls,Quebec,L9R 0A0,Canada,140671462,Liam@number.com
"",Davis,161,Bland Street,Waterloo,Nova Scotia,L0N 3J2,Canada,1213750080,null@money.com
Alexander,Moore,149,Berkshire Close,Brampton,Prince Edward Island,L4A 0T0,Canada,611751011,Alexander@mother.com
Ethan,Williams,202,Belmont On The Arm,Mirabel,New Brunswick,T1L 2H8,Canada,639150098,Ethan@government.com
Alexander,Johnson,141,Amirault Court,Kawartha Lakes,New Brunswick,J9T 3H4,Canada,671977863,Alexander@part.com
James,Williams,92,Belmont Road,Aurora,Nunavut,N8H 2H6,Canada,1315634928,James@man.com
Alexander,Wilson,500,Chain Lake Drive,Kingston,Nunavut,N5C 2J8,Canada,1407406978,Alexander@null
