First Name,Last Name,Street Number,Street,City,Province,Postal Code,Country,Phone Number,email Address
Alexander,Jackson,236,Chartwell Lane,Halifax,Prince Edward Island,H3J 3P2,Canada,342316827,Alexander@government.com
Mason,Jones,48,Carriageway Crescent,Kingston,Prince Edward Island,,Canada,1128115522,Mason@night.com
Liam,Wilson,500,Cambridge Street,Brossard,,L9R 0A0,Canada,935989518,Liam@month.com
Jacob,Thomas,307,Balmoral Road,Langley,Yukon,J9P 1C6,Canada,580891446,Jacob@right.com
Ethan,Anderson,281,Blink Bonnie Terrace,Ottawa,Nunavut,"V1K 1V0 ",Canada,251844160,Ethan@program.com
William,Johnson,336,Chisholm Avenue,Saanich,Northwest Territories,J0J 3V6,Canada,1165499705,William@eye.com
William,Wilson,136,Alm-a Ramp,Clarington,Nova Scotia,J9P 1C6,Canada,891339604,William@student.com
Jacob,Jones,421,Alm-c Ramp,Nanaimo,Prince Edward Island,"L4A 0T3 ",Canada,1049268491,Jacob@night.com
Mason,Jones,399,Artz Street,Hamilton,Alberta,V8C 0S2,Canada,1383294445,Mason@people.com
Jacob,Jackson,419,Beachstone Drive,Airdrie,Prince Edward Island,"B0T 0Y5 ",Canada,548568315,Jacob@problem.com
William,Williams,477,Albert Place,Guelph,Northwest Territories,T1L 2H8,Canada,575369592,William@student.com
"",Moore,60,Avon Crescent,Mississauga,New Brunswick,"B0T 0Y5 ",Canada,1184877478,null@study.com
Alexander,Thomas,79,Battery Drive,Pickering,Northwest Territories,L9R 0A0,Canada,1386151007,Alexander@point.com
Jacob,Williams,405,Abbott Drive,Vaughan,Prince Edward Island,,Canada,483415291,Jacob@job.com
Alexander,Thomas,375,,Cape Breton,New Brunswick,H3J 3P2,Canada,127806245,Alexander@water.com
Jacob,Brown,488,Belmont On The Arm,Greater Sudbury,Saskatchewan,E4M 2G2,Canada,581153883,Jacob@thing.com
Mason,,446,Carnation Crescent,Winnipeg,Prince Edward Island,J1S 0R4,Canada,1248049317,Mason@school.com
William,Wilson,381,Briarwood Crescent,Strathcona County,Nova Scotia,L9R 0A0,Canada,769552378,William@country.com
"",Miller,283,Armview Avenue,Drummondville,Northwest Territories,G3E 2K4,Canada,138127521,null@study.com
"",,156,Bakers Drive,Lethbridge,Newfoundland and Labrador,G6X 2L1,Canada,686844299,null@state.com
Alexander,Thomas,376,Blenheim Terrace,Winnipeg,Manitoba,N8A 0B3,Canada,846999337,Alexander@part.com
James,Jones,350,Brenton Street,Sault Ste. Marie,Prince Edward Island,N8A 0B3,Canada,1341145203,James@year.com
William,Moore,176,Aurora Avenue,Medicine Hat,Newfoundland and Labrador,V8C 0S2,Canada,339781504,William@point.com
"",Brown,77,Armshore Drive,Oshawa,Nunavut,G3H 0B4,Canada,118355508,null@program.com
William,Taylor,140,Altavista Lane,New Westminster,Alberta,E5V 3X5,Canada,854194558,William@problem.com
"",Johnson,431,Archibald Avenue,Saint-Jean-sur-Richelieu,Newfoundland and Labrador,,Canada,1221689136,null@number.com
Alexander,Thomas,273,Albert Place,St. Catharines,Nunavut,B2E 0X4,Canada,567997330,Alexander@state.com
Ethan,Thomas,276,Bedros Lane,Pickering,Newfoundland and Labrador,B2E 0X4,Canada,1283388521,Ethan@way.com
William,Jones,273,Armdale Rotary,Winnipeg,Prince Edward Island,E7E 3T7,Canada,984914961,William@night.com
Liam,,145,Bermuda Avenue,Lethbridge,Saskatchewan,N8A 0B3,Canada,354868519,Liam@story.com
Ethan,,230,Cardiff Place,LÃ©vis,New Brunswick,N4N 0B9,Canada,1368250040,Ethan@company.com
Alexander,Taylor,199,Benalder Lane,Saskatoon,Nunavut,N8A 0B3,Canada,640901069,Alexander@job.com
Jacob,Davis,420,Charlotte Lane,Quebec City,Northwest Territories,L0N 3J2,Canada,351025986,Jacob@system.com
