First Name,Last Name,Street Number,Street,City,Province,Postal Code,Country,Phone Number,email Address
Liam,Brown,96,Admirals Way,Red Deer,Newfoundland and Labrador,J0N 0Z3,Canada,1172076647,Liam@story.com
William,Anderson,478,Caitland Court,Edmonton,Newfoundland and Labrador,H9S 1R4,Canada,1278462736,William@child.com
Liam,Brown,92,Bristol Place,,Nunavut,J9P 1C6,Canada,200092462,Liam@hand.com
"",Wilson,180,Brycedale Lane,Guelph,Northwest Territories,"L4A 0T3 ",Canada,830157979,null@study.com
Alexander,Johnson,225,Berts Drive,Airdrie,Yukon,J0J 3V6,Canada,160428949,Alexander@story.com
Ethan,Davis,475,Armdale Rotary,New Westminster,New Brunswick,"L4A 0T3 ",Canada,717820931,Ethan@day.com
Ethan,Jackson,244,Bright Street,Laval,Yukon,J0N 0Z3,Canada,1271662682,Ethan@problem.com
"",Moore,272,Annandale Street,Milton,Nunavut,"V1K 1V0 ",Canada,438431107,null@mother.com
Jacob,,131,Armview Avenue,Montreal,Saskatchewan,L9R 0A0,Canada,1010733074,Jacob@study.com
"",Williams,101,Alex Street,Kingston,Nova Scotia,"V1K 1V0 ",Canada,875015255,null@fact.com
James,Jones,404,Benjamin Green Drive,Brampton,Prince Edward Island,L3V 1Y8,Canada,368578824,James@company.com
Jacob,Wilson,87,Boscobel Road,Ottawa,Quebec,J9P 1C6,Canada,191576869,Jacob@place.com
James,Johnson,208,,Calgary,Northwest Territories,J9P 1C6,Canada,702410488,James@people.com
"",Thomas,282,Bryden Avenue,Peterborough,Northwest Territories,L4A 0T0,Canada,1151686510,null@business.com
Mason,Moore,164,Belle Aire Terrace,Airdrie,Nova Scotia,H3J 3P2,Canada,436466293,Mason@thing.com
William,Moore,353,,St. Catharines,Prince Edward Island,B2E 0X4,Canada,1155105729,William@word.com
Alexander,Anderson,278,Banbury Close,Drummondville,Northwest Territories,N8A 0B3,Canada,120504733,Alexander@year.com
Jacob,Williams,361,Ashburn Avenue,Caledon,Nova Scotia,L0N 3J2,Canada,1358188368,Jacob@number.com
Liam,Jackson,387,Clayton Park Drive,Airdrie,Newfoundland and Labrador,N8H 2H6,Canada,705446925,Liam@month.com
Liam,Anderson,352,Benalder Lane,Trois-RiviÃ¨res,Alberta,L9R 0A0,Canada,433678719,Liam@time.com
William,Johnson,224,Carroll Lane,Brantford,Nunavut,G3E 2K4,Canada,165169664,William@lot.com
