First Name,Last Name,Street Number,Street,City,Province,Postal Code,Country,Phone Number,email Address
James,Wilson,395,Amberwood Court,Kawartha Lakes,Nunavut,B2E 0X4,Canada,596887059,James@water.com
William,,324,Angus L Macdonald Bridge,Fredericton,Nunavut,B2E 0X4,Canada,732011732,William@child.com
William,Jones,494,Bently Drive,Vancouver,Nunavut,V8C 0S2,Canada,1363769119,William@month.com
Liam,Thomas,144,Birmingham Street,Moncton,Northwest Territories,J0N 0Z3,Canada,916548589,Liam@problem.com
William,Jones,478,Castlepark Grove,Surrey,Alberta,N5C 2J8,Canada,998978874,William@story.com
Liam,Miller,148,Abrams Way,Cape Breton,Northwest Territories,E4M 2G2,Canada,483002430,Liam@study.com
"",Johnson,95,Amirault Court,Langley,Nunavut,G3H 0B4,Canada,174509846,null@book.com
Liam,Miller,48,Castine Way,Lethbridge,Northwest Territories,J9P 1C6,Canada,1140754351,Liam@time.com
James,Jackson,20,Clearview Street,Sault Ste. Marie,New Brunswick,L3V 1Y8,Canada,919944138,James@word.com
Alexander,Anderson,180,Autumn Drive,Airdrie,Yukon,"V1K 1V0 ",Canada,972170545,Alexander@book.com
Jacob,Moore,329,Alumni Crescent,Peterborough,Nunavut,N8A 0B3,Canada,1231055038,Jacob@school.com
William,Williams,357,Aikenhead Road,Port Coquitlam,Nova Scotia,"L4A 0T3 ",Canada,544607091,William@system.com
James,Taylor,324,Charles Street,Strathcona County,Nunavut,L3V 1Y8,Canada,550763560,James@day.com
Ethan,Johnson,100,Auburn Avenue,Vaughan,New Brunswick,E4S 3C4,Canada,255905185,Ethan@case.com
Mason,Jones,83,Bishop Street,Wood Buffalo,Saskatchewan,E4S 3C4,Canada,1209030780,Mason@government.com
"",Williams,139,Birchview Drive,Oshawa,Saskatchewan,N4N 0B9,Canada,1129006033,null@fact.com
Mason,Moore,119,Carlina Court,Halifax,Yukon,"L4A 0T3 ",Canada,285112822,Mason@fact.com
Alexander,Johnson,480,Clinton Avenue,Chilliwack,Newfoundland and Labrador,L3V 1Y8,Canada,511197494,Alexander@right.com
"",Jones,100,Battery Drive,Trois-RiviÃ¨res,Prince Edward Island,E4S 3C4,Canada,719832152,null@lot.com
Mason,Williams,274,Bison Crescent,Kawartha Lakes,Prince Edward Island,H3J 3P2,Canada,1153398507,Mason@thing.com
Liam,Moore,209,Autumn Drive,,Prince Edward Island,K1B 3B2,Canada,1000038202,Liam@mother.com
"",Jackson,250,Cabot Place,Trois-RiviÃ¨res,Prince Edward Island,G3H 0B4,Canada,891614110,null@mother.com
"",Jones,69,Circle Drive,Barrie,Alberta,B2E 0X4,Canada,267349240,null@case.com
Jacob,Jackson,117,Bland Street,Chilliwack,Yukon,L9R 0A0,Canada,552970222,Jacob@problem.com
Alexander,Williams,278,Alderwood Drive,Burlington,Saskatchewan,J1S 0R4,Canada,142141356,Alexander@lot.com
Jacob,Anderson,309,Armoury Place,Brantford,British Columbia,H3J 3P2,Canada,764840281,Jacob@month.com
James,,191,Bond Street,North Vancouver,New Brunswick,N4N 0B9,Canada,580648858,James@day.com
William,Johnson,352,Churchill Drive,Medicine Hat,Saskatchewan,G3H 0B4,Canada,100804677,William@child.com
Ethan,Taylor,372,Annandale Street,Sault Ste. Marie,Prince Edward Island,H0H 3C9,Canada,350322901,Ethan@study.com
Alexander,Johnson,271,Charlotte Lane,Ajax,Manitoba,J9T 3H4,Canada,205927436,Alexander@part.com
Liam,Moore,2,Bauer Street,Vaughan,British Columbia,E4M 2G2,Canada,309949388,Liam@place.com
William,Davis,155,Cascade Drive,Abbotsford,,E7E 3T7,Canada,886902182,William@world.com
"",Johnson,448,Camelot Lane,Oshawa,New Brunswick,J0J 3V6,Canada,581599657,null@book.com
William,Jones,330,Basinview Drive,Vaughan,Quebec,"V1K 1V0 ",Canada,1073407580,William@people.com
"",Anderson,237,Alderwood Drive,Norfolk County,Prince Edward Island,H0H 3C9,Canada,426506634,null@family.com
