First Name,Last Name,Street Number,Street,City,Province,Postal Code,Country,Phone Number,email Address
James,Wilson,451,Acorn Road,Trois-RiviÃ¨res,Prince Edward Island,J0N 0Z3,Canada,538585972,James@number.com
Alexander,Davis,500,Armoury Place,Grande Prairie,Saskatchewan,G0H 2P3,Canada,1078198126,Alexander@time.com
Alexander,Moore,486,Breen Avenue,Richmond,Alberta,"L4A 0T3 ",Canada,1024592188,Alexander@lot.com
Liam,Thomas,298,Bermuda Avenue,Langley,Prince Edward Island,N4N 0B9,Canada,1009173475,Liam@school.com
William,Williams,470,Bonaventure Drive,Milton,Prince Edward Island,B2E 0X4,Canada,335249585,William@time.com
Jacob,Williams,277,Catamaran Road,Milton,Alberta,G0H 2P3,Canada,165244562,Jacob@question.com
Ethan,Brown,176,Altavista Lane,Surrey,Northwest Territories,J9P 1C6,Canada,799343404,Ethan@fact.com
"",Miller,45,Castlepark Grove,Kamloops,Nova Scotia,E7E 3T7,Canada,1328120833,null@eye.com
James,Wilson,359,Aurora Avenue,Cambridge,Quebec,"L4A 0T3 ",Canada,400123515,James@question.com
Mason,Davis,411,Acadia Street,Longueuil,Nova Scotia,"B0T 0Y5 ",Canada,255824992,Mason@state.com
Alexander,Thomas,113,Bland Street,Prince George,Nunavut,E4M 2G2,Canada,130431849,Alexander@company.com
Jacob,Thomas,422,Bridges Street,Prince George,Prince Edward Island,V8C 0S2,Canada,296749358,Jacob@business.com
"",,55,Bedros Lane,Aurora,Prince Edward Island,H9S 1R4,Canada,510792327,null@year.com
Liam,Jones,241,Annandale Street,North Bay,Yukon,G6X 2L1,Canada,991170928,Liam@case.com
Mason,Moore,54,Balmoral Road,Cape Breton,Nova Scotia,V8C 0S2,Canada,1357501272,Mason@way.com
Ethan,Williams,135,Chessvale Close,Quebec City,Prince Edward Island,"L4A 0T3 ",Canada,622254247,Ethan@part.com
James,,169,Alm-a Ramp,St. John's,Newfoundland and Labrador,H3J 3P2,Canada,149535244,James@night.com
Jacob,Williams,71,Bright Street,Saint John,Northwest Territories,"L4A 0T3 ",Canada,206879455,Jacob@room.com
"",Jackson,382,Abercrombie Lane,Montreal,Northwest Territories,E4M 2G2,Canada,299940891,null@country.com
Ethan,Jackson,423,Bilton Lane,Blainville,Saskatchewan,L9R 0A0,Canada,1027493613,Ethan@place.com
Mason,Anderson,268,Berkshire Close,Red Deer,Nova Scotia,"V1K 1V0 ",Canada,902109498,Mason@school.com
"",Jones,232,Braeburn Road,Lethbridge,Northwest Territories,N5C 2J8,Canada,953513280,null@group.com
Mason,Thomas,259,Brycedale Lane,Lethbridge,Newfoundland and Labrador,E5V 3X5,Canada,777139492,Mason@business.com
"",Taylor,253,Chocolate Lake Road,Saint-Jean-sur-Richelieu,Northwest Territories,H0H 3C9,Canada,287926833,null@night.com
Alexander,Jackson,478,Birkdale Crescent,Brampton,Alberta,H9S 1R4,Canada,150570146,Alexander@business.com
Ethan,Jackson,227,Amirault Court,Oakville,Nova Scotia,"L4A 0T3 ",Canada,642594442,Ethan@case.com
Alexander,Brown,81,Balmoral Road,Trois-RiviÃ¨res,Nunavut,J9T 3H4,Canada,821931067,Alexander@right.com
Ethan,,410,Bedford Highway Ramp,Saint-Hyacinthe,Prince Edward Island,N8A 0B3,Canada,1281074587,Ethan@job.com
Mason,Moore,93,Blue Jay Street,Whitby,Saskatchewan,J9P 1C6,Canada,664248737,Mason@woman.com
James,Williams,267,Alm-a Ramp,Saguenay,British Columbia,E5V 3X5,Canada,691185511,James@business.com
Liam,Brown,428,Botany Terrace,Delta,Northwest Territories,V8C 0S2,Canada,926927507,Liam@word.com
