First Name,Last Name,Street Number,Street,City,Province,Postal Code,Country,Phone Number,email Address
Mason,Taylor,229,Centre Gate,Burnaby,Quebec,B2E 0X4,Canada,596234678,Mason@part.com
James,,163,Ashburn Avenue,Wood Buffalo,Manitoba,H9S 1R4,Canada,1188421497,James@man.com
Ethan,Thomas,224,Albion Road,Wood Buffalo,Nunavut,G3E 2K4,Canada,504852462,Ethan@question.com
Mason,Wilson,454,Carroll Lane,Vancouver,Saskatchewan,J1S 0R4,Canada,408446489,Mason@water.com
James,Wilson,388,Battery Drive,Newmarket,Prince Edward Island,N8H 2H6,Canada,1046496127,James@year.com
William,Miller,206,Armstrong Court,Vaughan,Newfoundland and Labrador,T1L 2H8,Canada,788850369,William@part.com
Alexander,Taylor,280,Brackley Place,Edmonton,Northwest Territories,"B0T 0Y5 ",Canada,1209828125,Alexander@question.com
James,Brown,191,Brook Street,Mississauga,Prince Edward Island,V8B 1P6,Canada,493409652,James@system.com
William,Jackson,213,Cloverdale Road,North Vancouver,Prince Edward Island,E5V 3X5,Canada,684399084,William@null
Ethan,Moore,34,Cabot Back Lane,Halton Hills,Nunavut,L9R 0A0,Canada,637883492,Ethan@year.com
Ethan,Johnson,458,Albion Road,Waterloo,Quebec,G6X 2L1,Canada,1391160450,Ethan@way.com
Ethan,Moore,102,Chisholm Avenue,Brantford,Quebec,L3V 1Y8,Canada,682038960,Ethan@program.com
Jacob,Jones,93,Alma Crescent,North Vancouver,Newfoundland and Labrador,N8H 2H6,Canada,414004456,Jacob@people.com
Alexander,Jones,408,Bedford Highway Ramp,Kingston,Yukon,"V1K 1V0 ",Canada,1136038675,Alexander@month.com
Ethan,Jackson,108,Clayton Park Drive,North Bay,Prince Edward Island,,Canada,1092221933,Ethan@room.com
Ethan,Williams,266,Carrington Place,Burlington,Nunavut,J9T 3H4,Canada,390421568,Ethan@group.com
Jacob,Taylor,226,Basinview Drive,Nanaimo,Newfoundland and Labrador,H3J 3P2,Canada,303710525,Jacob@way.com
William,Taylor,101,Church Street,Oshawa,Nunavut,H0H 3C9,Canada,155935290,William@group.com
James,Brown,135,Bright Street,Barrie,Nova Scotia,T1L 2H8,Canada,1088609530,James@business.com
"",Brown,139,Brighton Avenue,Sault Ste. Marie,Nunavut,T1L 2H8,Canada,310411276,null@part.com
"",Thomas,35,Brockhurst Close,Waterloo,British Columbia,V8B 1P6,Canada,221416269,null@study.com
Jacob,Davis,375,Bellevue Avenue,Halton Hills,Yukon,N4N 0B9,Canada,154818445,Jacob@way.com
"",Williams,389,Arvida Avenue,Winnipeg,Manitoba,B3V 2V1,Canada,738737806,null@world.com
Ethan,Wilson,441,Altavista Lane,Port Coquitlam,,K1B 3B2,Canada,348185025,Ethan@water.com
"",Moore,356,Buffers Lane,Barrie,Nunavut,B3V 2V1,Canada,1402555190,null@number.com
Alexander,Wilson,349,Basinview Drive,,,N4N 0B9,Canada,514121514,Alexander@point.com
