First Name,Last Name,Street Number,Street,City,Province,Postal Code,Country,Phone Number,email Address
Ethan,Davis,283,Broadholme Lane,Mirabel,Prince Edward Island,J1S 0R4,Canada,812362837,Ethan@state.com
James,Moore,337,Bliss Street,Brantford,Saskatchewan,J1S 0R4,Canada,502864930,James@job.com
James,Moore,242,Claremont Street,Belleville,Nunavut,E4S 3C4,Canada,242386063,James@lot.com
Jacob,Brown,416,Bromley Road,Red Deer,,"L4A 0T3 ",Canada,1050348962,Jacob@study.com
Jacob,Johnson,134,Bridget Avenue,Burlington,Alberta,N4N 0B9,Canada,609760311,Jacob@book.com
Jacob,Anderson,23,Ballantrae Lane,Lethbridge,Newfoundland and Labrador,L4A 0T0,Canada,642774165,Jacob@program.com
Liam,Davis,127,Artillery Place,Regina,Prince Edward Island,J0J 3V6,Canada,1253973303,Liam@group.com
"",Moore,39,Birchwood Drive,Nanaimo,Newfoundland and Labrador,L9R 0A0,Canada,662786370,null@question.com
Ethan,Brown,179,Belmont Road,North Vancouver,Alberta,V8C 0S2,Canada,1013898247,Ethan@child.com
Alexander,Williams,481,Admirals Way,Trois-RiviÃ¨res,Prince Edward Island,V8B 1P6,Canada,298693955,Alexander@study.com
