First Name,Last Name,Street Number,Street,City,Province,Postal Code,Country,Phone Number,email Address
James,Davis,111,Banbury Close,Pickering,Quebec,L3V 1Y8,Canada,893883795,James@state.com
James,,16,Alm-a Ramp,Airdrie,Alberta,G3E 2K4,Canada,117419780,James@book.com
Jacob,Anderson,39,Arvida Avenue,Vancouver,Newfoundland and Labrador,"L4A 0T3 ",Canada,1117024546,Jacob@country.com
Liam,Thomas,370,Birchview Drive,Montreal,Nova Scotia,N8A 0B3,Canada,1375557896,Liam@word.com
Ethan,Jackson,431,Armdale Rotary,Welland,Prince Edward Island,J9T 3H4,Canada,1144148970,Ethan@problem.com
Ethan,Thomas,349,Battery Drive,Prince George,Yukon,E7E 3T7,Canada,680563667,Ethan@month.com
Jacob,Anderson,479,Adelaide Avenue,North Vancouver,British Columbia,J9P 1C6,Canada,1300843698,Jacob@life.com
Liam,Williams,391,Attenborough Court,Drummondville,New Brunswick,E4M 2G2,Canada,817962734,Liam@time.com
Liam,Jones,390,Armshore Drive,Niagara Falls,Nova Scotia,G3E 2K4,Canada,480904442,Liam@state.com
William,,342,Bently Drive,Sarnia,Yukon,B3V 2V1,Canada,598441877,William@thing.com
"",Williams,331,Chadwick Place,Saint-Hyacinthe,Northwest Territories,N4N 0B9,Canada,1142803693,null@fact.com
Liam,Thomas,332,Chestnut Street,Delta,Newfoundland and Labrador,L0N 3J2,Canada,945936722,Liam@lot.com
Ethan,Jackson,145,Buffers Lane,Montreal,Nunavut,"L4A 0T3 ",Canada,614524940,Ethan@day.com
Liam,Miller,155,Aikenhead Road,Saint-Hyacinthe,Newfoundland and Labrador,T1L 2H8,Canada,190323189,Liam@question.com
William,Williams,451,Alm-a Ramp,Sarnia,Prince Edward Island,N8A 0B3,Canada,137120438,William@people.com
Ethan,Anderson,467,Albion Road,Gatineau,Saskatchewan,J1S 0R4,Canada,1079923722,Ethan@night.com
Jacob,Moore,394,Centre Gate,Airdrie,,L0N 3J2,Canada,400043616,Jacob@company.com
Mason,Johnson,263,Armdale Rotary,Oshawa,Prince Edward Island,"B0T 0Y5 ",Canada,1122076050,Mason@group.com
"",Jackson,99,Cascade Drive,Saint John,Northwest Territories,"B0T 0Y5 ",Canada,1312937105,null@people.com
William,Anderson,474,Bond Street,New Westminster,Prince Edward Island,"V1K 1V0 ",Canada,1367184831,William@right.com
James,Jackson,358,Castine Way,Coquitlam,New Brunswick,H9S 1R4,Canada,316185973,James@month.com
Jacob,Thomas,412,Bliss Street,Waterloo,Prince Edward Island,V8B 1P6,Canada,631037178,Jacob@state.com
Ethan,Brown,444,Armshore Drive,Surrey,British Columbia,H3J 3P2,Canada,287344572,Ethan@year.com
"",Jones,402,Aldergrove Drive,Clarington,,G0H 2P3,Canada,1024141183,null@case.com
James,Moore,120,Bayers Road,Newmarket,Northwest Territories,H0H 3C9,Canada,1284135681,James@time.com
Jacob,Wilson,101,Brackley Place,New Westminster,New Brunswick,H0H 3C9,Canada,1380179662,Jacob@word.com
"",Wilson,338,Albert Walker Drive,Terrebonne,Nunavut,"B0T 0Y5 ",Canada,798739625,null@business.com
Ethan,Jackson,445,Artz Street,Halifax,Northwest Territories,N8H 2H6,Canada,763459564,Ethan@business.com
James,,433,Adelaide Avenue,Halifax,Nunavut,N8A 0B3,Canada,703641881,James@hand.com
Ethan,,413,Clayder Lane,Delta,Nunavut,N8H 2H6,Canada,1066507475,Ethan@number.com
Jacob,Wilson,193,Balwearie Lane,Victoria,New Brunswick,L3V 1Y8,Canada,839953896,Jacob@system.com
James,Jones,266,Cartaret Street,Pickering,British Columbia,H3J 3P2,Canada,162790322,James@right.com
Ethan,Thomas,374,Bonaventure Drive,Sault Ste. Marie,Saskatchewan,B3V 2V1,Canada,355011860,Ethan@right.com
