First Name,Last Name,Street Number,Street,City,Province,Postal Code,Country,Phone Number,email Address
"",Wilson,26,Athlone Avenue,Brampton,Alberta,J0N 0Z3,Canada,909361773,null@null
Alexander,Jackson,489,Carrington Place,Medicine Hat,Alberta,"B0T 0Y5 ",Canada,1179442714,Alexander@study.com
James,Moore,376,Alm-a Ramp,Red Deer,Nunavut,J1S 0R4,Canada,786554559,James@case.com
William,Williams,90,Carriageway Crescent,Cape Breton,Prince Edward Island,L9R 0A0,Canada,1041112733,William@company.com
William,Thomas,2,Beachstone Drive,Cape Breton,Prince Edward Island,T1L 2H8,Canada,488803163,William@water.com
Liam,Anderson,206,Bridget Avenue,Edmonton,Newfoundland and Labrador,N5C 2J8,Canada,1037696012,Liam@point.com
Jacob,Jackson,127,Brewer Court,Vancouver,Newfoundland and Labrador,N4N 0B9,Canada,378255124,Jacob@world.com
"",Brown,354,Bedford Row,Drummondville,Northwest Territories,E5V 3X5,Canada,208901332,null@number.com
Mason,Anderson,73,Abercrombie Lane,Oshawa,New Brunswick,B2E 0X4,Canada,1075230635,Mason@room.com
William,Jones,492,Battery Drive,Halifax,Alberta,L3V 1Y8,Canada,659494342,William@job.com
"",Jones,63,Angus L Macdonald Bridge,St. Catharines,Northwest Territories,E7E 3T7,Canada,625683480,null@week.com
James,Moore,441,Chadwick Place,Moncton,British Columbia,H9S 1R4,Canada,1079757643,James@fact.com
Ethan,Moore,273,Boulderwood Road,Chatham-Kent,Prince Edward Island,B2E 0X4,Canada,926363379,Ethan@place.com
William,,115,Beachstone Drive,Saint-JÃ©rÃ´me,Nova Scotia,B2E 0X4,Canada,1123577147,William@work.com
Alexander,Williams,33,Brussels Street,Medicine Hat,Nunavut,V8C 0S2,Canada,992775887,Alexander@eye.com
James,Thomas,337,Bedford Highway,Laval,Nunavut,B3V 2V1,Canada,756841048,James@life.com
James,Jackson,91,Charles Street,Moncton,Prince Edward Island,G3H 0B4,Canada,813955221,James@year.com
"",Jones,50,Clinton Avenue,Belleville,Nunavut,B3V 2V1,Canada,476007774,null@number.com
Ethan,,290,Blue Willow Court,Airdrie,Prince Edward Island,V8B 1P6,Canada,539616021,Ethan@water.com
"",Miller,208,Birmingham Street,St. Catharines,New Brunswick,B2E 0X4,Canada,105358259,null@number.com
William,Brown,474,Carroll Lane,Burnaby,Quebec,E4M 2G2,Canada,946448247,William@null
Jacob,Davis,356,Cabot Street,Kingston,Northwest Territories,E4M 2G2,Canada,814977736,Jacob@point.com
Ethan,Thomas,125,Bellevue Avenue,Calgary,Manitoba,H0H 3C9,Canada,355807169,Ethan@right.com
