First Name,Last Name,Street Number,Street,City,Province,Postal Code,Country,Phone Number,email Address
Jacob,Davis,320,Bedford Row,Oakville,Quebec,T1L 2H8,Canada,960026013,Jacob@man.com
William,Davis,223,Admirals Way,St. Catharines,Nova Scotia,V8B 1P6,Canada,445980597,William@study.com
William,Williams,468,Bloomingdale Terrace,London,Nunavut,H0H 3C9,Canada,469369565,William@state.com
Jacob,Wilson,483,Amirault Court,Drummondville,Nunavut,N5C 2J8,Canada,669147048,Jacob@man.com
"",Anderson,209,Chisholm Avenue,Caledon,Northwest Territories,"B0T 0Y5 ",Canada,275301866,null@night.com
Jacob,Anderson,410,Brackley Place,Trois-RiviÃ¨res,Quebec,H0H 3C9,Canada,1392722641,Jacob@lot.com
James,Jones,368,Beechwood Terrace,Kitchener,New Brunswick,E7E 3T7,Canada,415581200,James@Mr.com
Alexander,Miller,434,Chain Lake Drive,Airdrie,Northwest Territories,L3V 1Y8,Canada,358172259,Alexander@program.com
William,Thomas,52,Bright Street,Niagara Falls,Prince Edward Island,,Canada,143926873,William@year.com
William,Moore,294,Armstrong Court,Montreal,Nunavut,B2E 0X4,Canada,106399555,William@null
Alexander,Johnson,120,Barclay Avenue,Markham,Prince Edward Island,H3J 3P2,Canada,737170312,Alexander@time.com
Alexander,Williams,317,Birchfield Crescent,Strathcona County,Saskatchewan,N5C 2J8,Canada,1383634051,Alexander@null
Liam,Jones,258,Black Street,Welland,Newfoundland and Labrador,J0J 3V6,Canada,834832799,Liam@woman.com
Alexander,Jackson,416,Artillery Place,Whitby,Quebec,B3V 2V1,Canada,911572364,Alexander@study.com
Alexander,Moore,26,Cloverdale Road,Norfolk County,Prince Edward Island,J0J 3V6,Canada,242493999,Alexander@business.com
Ethan,Thomas,455,Chestnut Street,Coquitlam,Northwest Territories,H3J 3P2,Canada,353401733,Ethan@number.com
"",Taylor,244,Brussels Street,Surrey,Saskatchewan,L9R 0A0,Canada,1340761105,null@state.com
Jacob,Thomas,287,Cartaret Street,Hamilton,Nunavut,J0J 3V6,Canada,379053822,Jacob@water.com
Ethan,Miller,13,Aurora Avenue,Saint John,Quebec,G3E 2K4,Canada,573852928,Ethan@thing.com
Liam,Taylor,157,Chisholm Avenue,Norfolk County,Prince Edward Island,J1S 0R4,Canada,1375669323,Liam@government.com
William,Taylor,262,Charles Street,St. John's,Alberta,N5C 2J8,Canada,803776861,William@Mr.com
William,Wilson,235,Altavista Lane,Brampton,New Brunswick,H3J 3P2,Canada,176504289,William@lot.com
"",,416,Clayton Park Drive,Mississauga,Nova Scotia,"V1K 1V0 ",Canada,1034436728,null@company.com
Alexander,Moore,48,Balwearie Lane,Halton Hills,British Columbia,H3J 3P2,Canada,445505443,Alexander@month.com
James,,458,Benalder Lane,Brampton,Nova Scotia,J1S 0R4,Canada,293536593,James@eye.com
"",Taylor,137,Bedros Lane,Brossard,Nova Scotia,N4N 0B9,Canada,1211992887,null@null
Ethan,Williams,140,Ascot Avenue,Peterborough,Newfoundland and Labrador,G0H 2P3,Canada,899735680,Ethan@money.com
James,Williams,172,Circle Drive,London,Northwest Territories,"B0T 0Y5 ",Canada,895804722,James@people.com
James,Taylor,86,Alm-e Ramp,Saint-Hyacinthe,Newfoundland and Labrador,N4N 0B9,Canada,249098503,James@home.com
James,Thomas,29,Carlton Street,Strathcona County,New Brunswick,J9P 1C6,Canada,1342072842,James@story.com
James,Brown,388,Armdale Rotary,Victoria,Quebec,G3H 0B4,Canada,565382068,James@problem.com
Liam,Williams,377,Africville Road,Port Coquitlam,Nova Scotia,V8C 0S2,Canada,1244601110,Liam@case.com
"",Anderson,441,Berkshire Close,Airdrie,,N4N 0B9,Canada,1097748856,null@world.com
Ethan,Jackson,372,Clovis Avenue,Thunder Bay,Nunavut,N5C 2J8,Canada,930041203,Ethan@system.com
"",Wilson,400,Alm-a Ramp,Sault Ste. Marie,Northwest Territories,E5V 3X5,Canada,1187330166,null@word.com
Liam,Wilson,80,Alm-b Ramp,Surrey,Newfoundland and Labrador,B2E 0X4,Canada,172943213,Liam@right.com
Liam,Thomas,170,Berlin Street,Surrey,Prince Edward Island,K1B 3B2,Canada,1188119109,Liam@government.com
James,Moore,378,Borden Street,Sherbrooke,Nunavut,"L4A 0T3 ",Canada,962189961,James@point.com
Alexander,Johnson,90,Alex Street,Montreal,Nunavut,T1L 2H8,Canada,124877461,Alexander@night.com
Ethan,Brown,320,Ahern Avenue,Saskatoon,Newfoundland and Labrador,G0H 2P3,Canada,974191113,Ethan@money.com
