First Name,Last Name,Street Number,Street,City,Province,Postal Code,Country,Phone Number,email Address
Liam,Wilson,350,Abercrombie Lane,St. John's,Nunavut,L4A 0T0,Canada,686058691,Liam@company.com
"",Brown,487,Ash Lake Court,London,Prince Edward Island,L3V 1Y8,Canada,987152635,null@year.com
"",Davis,361,Bond Street,Kawartha Lakes,Nova Scotia,H9S 1R4,Canada,1226997233,null@company.com
Ethan,Anderson,61,Banbury Close,Welland,Prince Edward Island,J9T 3H4,Canada,563106300,Ethan@fact.com
Mason,Brown,10,Benjamin Green Drive,Drummondville,Newfoundland and Labrador,"B0T 0Y5 ",Canada,888733954,Mason@fact.com
William,Wilson,468,Ardwell Avenue,North Vancouver,Nunavut,E4S 3C4,Canada,414186474,William@thing.com
Alexander,Williams,278,Alm-c Ramp,Abbotsford,Newfoundland and Labrador,J9P 1C6,Canada,1156369985,Alexander@word.com
Alexander,Davis,125,Carlton Street,Drummondville,Manitoba,G6X 2L1,Canada,1047502246,Alexander@system.com
James,Jones,176,Bromley Road,Aurora,,E5V 3X5,Canada,207002495,James@case.com
Mason,Wilson,423,Cardiff Place,Moncton,British Columbia,H0H 3C9,Canada,319859834,Mason@study.com
Jacob,Brown,122,Artillery Place,Moncton,Alberta,"L4A 0T3 ",Canada,148013565,Jacob@number.com
William,Thomas,380,Albemarle Street,Norfolk County,Northwest Territories,"V1K 1V0 ",Canada,1099222911,William@part.com
"",Brown,287,Buddy Daye Street,Markham,Alberta,N4N 0B9,Canada,1051774118,null@time.com
