First Name,Last Name,Street Number,Street,City,Province,Postal Code,Country,Phone Number,email Address
"",Williams,170,Belle Aire Terrace,Drummondville,Yukon,"L4A 0T3 ",Canada,1356832498,null@state.com
Ethan,Moore,248,Bedford Windsor Ramp,Airdrie,Nunavut,E4M 2G2,Canada,790136345,Ethan@month.com
"",Jones,260,Aukland Place,Brampton,Newfoundland and Labrador,J0N 0Z3,Canada,1131870825,null@world.com
"",Anderson,200,Blue Thistle Road,Port Coquitlam,New Brunswick,J0J 3V6,Canada,1018695023,null@man.com
Mason,Davis,145,Ashburn Avenue,Saskatoon,Nova Scotia,L3V 1Y8,Canada,1131195506,Mason@night.com
"",Jones,70,Bridget Avenue,Sault Ste. Marie,Northwest Territories,L4A 0T0,Canada,117593888,null@story.com
Mason,,23,Alma Crescent,Repentigny,Northwest Territories,J9P 1C6,Canada,1078865832,Mason@word.com
Alexander,Brown,380,Clinton Avenue,Chilliwack,Nunavut,J1S 0R4,Canada,185982235,Alexander@case.com
Liam,Jackson,392,Abrams Way,Barrie,Saskatchewan,"V1K 1V0 ",Canada,311350469,Liam@man.com
"",Miller,444,Bedford Highway,Winnipeg,Nunavut,J1S 0R4,Canada,227250599,null@country.com
Ethan,Williams,246,Ashton Lane,Kingston,Prince Edward Island,J9T 3H4,Canada,1230563438,Ethan@people.com
Alexander,Williams,288,Buddy Daye Street,Peterborough,Northwest Territories,"V1K 1V0 ",Canada,1379646143,Alexander@place.com
"",Johnson,99,Chebucto Road,Vaughan,New Brunswick,,Canada,687819099,null@case.com
Alexander,Moore,107,Cherry Lane,Burlington,New Brunswick,T1L 2H8,Canada,854409834,Alexander@group.com
"",Williams,59,Carrington Place,Peterborough,Nova Scotia,G0H 2P3,Canada,678068216,null@work.com
James,Thomas,3,Balcomes Drive,Brantford,Nunavut,"L4A 0T3 ",Canada,685730167,James@child.com
Jacob,Wilson,231,Blenheim Terrace,Saint John,Quebec,G3E 2K4,Canada,875751433,Jacob@school.com
"",Wilson,309,Balwearie Lane,Kelowna,Northwest Territories,V8B 1P6,Canada,454467320,null@place.com
James,Miller,389,Carrington Place,Surrey,Nunavut,B2E 0X4,Canada,136651658,James@case.com
James,Wilson,322,Braeburn Road,Caledon,Northwest Territories,"V1K 1V0 ",Canada,864214544,James@question.com
William,Williams,463,Bedros Lane,Greater Sudbury,New Brunswick,L9R 0A0,Canada,610771167,William@program.com
James,Taylor,412,Armdale Rotary,Delta,Saskatchewan,E4M 2G2,Canada,803934546,James@number.com
Jacob,Johnson,265,Aster Court,Nanaimo,Northwest Territories,"L4A 0T3 ",Canada,139580563,Jacob@case.com
Mason,Miller,345,Armcrescent West Avenue,Fredericton,Nunavut,J1S 0R4,Canada,351943698,Mason@life.com
Ethan,,365,Anchor Drive,Red Deer,British Columbia,H0H 3C9,Canada,291286288,Ethan@hand.com
William,Williams,211,Campbell Drive,Kawartha Lakes,Alberta,L4A 0T0,Canada,900851574,William@job.com
