First Name,Last Name,Street Number,Street,City,Province,Postal Code,Country,Phone Number,email Address
Jacob,Williams,476,Albert Place,Oshawa,Northwest Territories,J9P 1C6,Canada,734948554,Jacob@world.com
Ethan,Brown,394,Birchfield Crescent,Brantford,New Brunswick,J1S 0R4,Canada,618644778,Ethan@family.com
"",Thomas,402,Alderwood Drive,Delta,Prince Edward Island,L3V 1Y8,Canada,1397949328,null@problem.com
William,Wilson,35,Cavendish Road,Victoria,Nunavut,L4A 0T0,Canada,848284394,William@thing.com
"",Jackson,310,Chain Rock Drive,Quebec City,Newfoundland and Labrador,G6X 2L1,Canada,1269017452,null@hand.com
"",Anderson,421,Allan Street,Kitchener,Newfoundland and Labrador,"B0T 0Y5 ",Canada,232210553,null@water.com
"",Davis,352,Bloomfield Street,Peterborough,Prince Edward Island,L0N 3J2,Canada,1316715994,null@group.com
Liam,Jones,362,Cedar Street,Saskatoon,Alberta,N8A 0B3,Canada,603990589,Liam@company.com
Liam,Wilson,357,Armshore Drive,Niagara Falls,British Columbia,T1L 2H8,Canada,994343505,Liam@study.com
Mason,,59,Claremont Street,Surrey,New Brunswick,K1B 3B2,Canada,586610892,Mason@job.com
James,,494,Alm-c Ramp,Cape Breton,New Brunswick,E7E 3T7,Canada,984758882,James@country.com
Jacob,Jackson,33,Central Avenue,Strathcona County,Saskatchewan,L9R 0A0,Canada,738436772,Jacob@student.com
Liam,Wilson,153,Bently Drive,Medicine Hat,Prince Edward Island,G3H 0B4,Canada,1062074634,Liam@way.com
Ethan,Davis,157,Cedarbank Terrace,Maple Ridge,Prince Edward Island,G3H 0B4,Canada,452034216,Ethan@work.com
Alexander,Thomas,185,Bayne Street,Thunder Bay,Northwest Territories,V8C 0S2,Canada,835380329,Alexander@group.com
