First Name,Last Name,Street Number,Street,City,Province,Postal Code,Country,Phone Number,email Address
Mason,Wilson,305,Brenton Street,Oakville,Quebec,N8A 0B3,Canada,678723670,Mason@word.com
Ethan,Thomas,479,Beaufort Avenue,Drummondville,Alberta,G3H 0B4,Canada,395086677,Ethan@room.com
Mason,Taylor,131,Armview Avenue,Whitby,Prince Edward Island,N8A 0B3,Canada,390221030,Mason@point.com
Alexander,Miller,20,Chocolate Lake Road,Welland,British Columbia,B3V 2V1,Canada,434352570,Alexander@thing.com
James,Anderson,155,Burgee Run,Ajax,Northwest Territories,J0N 0Z3,Canada,109909661,James@program.com
"",Jackson,331,Alm-a Ramp,Hamilton,Manitoba,G3E 2K4,Canada,256318144,null@part.com
Ethan,Brown,203,Ballantrae Lane,St. Albert,Prince Edward Island,G3H 0B4,Canada,163175668,Ethan@month.com
"",Taylor,348,Cabot Back Lane,Drummondville,New Brunswick,V8C 0S2,Canada,814104379,null@problem.com
James,Thomas,6,Chelsea Lane,Kawartha Lakes,Northwest Territories,T1L 2H8,Canada,156119842,James@family.com
"",Moore,484,Abercrombie Lane,Prince George,Nunavut,J1S 0R4,Canada,206835369,null@time.com
James,Miller,350,Braeside Lane,Saskatoon,Northwest Territories,G6X 2L1,Canada,222714928,James@company.com
Jacob,Anderson,414,Braeside Lane,Sherbrooke,Prince Edward Island,H9S 1R4,Canada,1072478330,Jacob@school.com
Ethan,Johnson,20,Armview Terrace,Blainville,Quebec,V8C 0S2,Canada,643403694,Ethan@family.com
Ethan,Miller,449,Armcrescent West Avenue,Red Deer,Yukon,N4N 0B9,Canada,452362006,Ethan@lot.com
Liam,Davis,17,Balcomes Drive,Saint-Hyacinthe,Yukon,T1L 2H8,Canada,235805912,Liam@time.com
"",Johnson,440,Carmichael Street,Richmond Hill,Alberta,"L4A 0T3 ",Canada,399417756,null@state.com
William,Williams,230,Bauer Street,Waterloo,New Brunswick,L3V 1Y8,Canada,562436659,William@world.com
James,Moore,58,Beech Street,St. Albert,New Brunswick,,Canada,1364671541,James@child.com
Jacob,Jones,485,Chessvale Close,Port Coquitlam,Northwest Territories,N8H 2H6,Canada,558645628,Jacob@place.com
Ethan,Jackson,496,Bosun Run,Saint-Hyacinthe,Nunavut,E7E 3T7,Canada,413240123,Ethan@day.com
Ethan,Taylor,257,Berlin Street,Mississauga,Nunavut,V8C 0S2,Canada,324967461,Ethan@country.com
"",Wilson,483,Buffers Lane,Belleville,Nunavut,J9T 3H4,Canada,1049532410,null@government.com
"",,343,Bloomingdale Terrace,New Westminster,Saskatchewan,H3J 3P2,Canada,259509841,null@world.com
Jacob,Miller,478,Bakers Drive,Medicine Hat,Alberta,V8B 1P6,Canada,1010004634,Jacob@home.com
Liam,Taylor,351,Brockhurst Close,Maple Ridge,Nunavut,"V1K 1V0 ",Canada,872858410,Liam@water.com
William,Anderson,54,Brunswick Street,Coquitlam,Prince Edward Island,L4A 0T0,Canada,672518590,William@week.com
Ethan,Davis,182,Bloomfield Street,Longueuil,Prince Edward Island,L0N 3J2,Canada,347118096,Ethan@room.com
Ethan,Jones,81,Ascot Avenue,Sherbrooke,Prince Edward Island,H3J 3P2,Canada,1150944515,Ethan@government.com
Mason,Anderson,198,Cherry Lane,North Vancouver,Prince Edward Island,J9T 3H4,Canada,409407047,Mason@right.com
Liam,Wilson,133,Alex Street,Winnipeg,Northwest Territories,L0N 3J2,Canada,171367952,Liam@program.com
Liam,Thomas,324,Charlton Avenue,Prince George,Northwest Territories,L3V 1Y8,Canada,955946678,Liam@word.com
Alexander,Moore,165,Balmoral Road,Kawartha Lakes,Newfoundland and Labrador,E5V 3X5,Canada,997085431,Alexander@student.com
Ethan,,390,Canterbury Close,Maple Ridge,Nunavut,K1B 3B2,Canada,737756580,Ethan@thing.com
"",Thomas,271,Bland Street,Montreal,Saskatchewan,"B0T 0Y5 ",Canada,1003946584,null@Mr.com
"",Thomas,52,Burns Drive,Victoria,New Brunswick,G3E 2K4,Canada,553384148,null@room.com
