First Name,Last Name,Street Number,Street,City,Province,Postal Code,Country,Phone Number,email Address
Liam,Thomas,327,Birmingham Street,Mirabel,Northwest Territories,L4A 0T0,Canada,765401327,Liam@day.com
James,Jackson,493,Bison Crescent,Coquitlam,Newfoundland and Labrador,E4S 3C4,Canada,294468362,James@part.com
Jacob,Williams,429,Birchdale Avenue,Surrey,Nova Scotia,"V1K 1V0 ",Canada,914620709,Jacob@government.com
James,Wilson,408,Bently Drive,Brantford,Nunavut,L0N 3J2,Canada,1136352030,James@group.com
"",Thomas,496,Alm-a Ramp,Oakville,Northwest Territories,G3E 2K4,Canada,1300364356,null@story.com
Liam,Wilson,96,Berkshire Close,North Bay,Nova Scotia,J0J 3V6,Canada,1387544193,Liam@time.com
Liam,Brown,158,Blue Willow Court,Burlington,Nova Scotia,"L4A 0T3 ",Canada,386855655,Liam@country.com
"",Jackson,67,Bilton Lane,Moncton,British Columbia,"L4A 0T3 ",Canada,145983160,null@room.com
Alexander,Williams,450,Brigadier Court,Newmarket,Prince Edward Island,L9R 0A0,Canada,482685391,Alexander@right.com
James,Wilson,339,Cedar Street,LÃ©vis,Prince Edward Island,V8B 1P6,Canada,106053985,James@word.com
Mason,Davis,385,Barrington Street,Trois-RiviÃ¨res,Saskatchewan,G0H 2P3,Canada,1162325398,Mason@year.com
William,Thomas,15,Circle Drive,Coquitlam,Prince Edward Island,T1L 2H8,Canada,1001235773,William@life.com
Mason,Anderson,329,Ballantrae Lane,Granby,Nunavut,J0N 0Z3,Canada,559621462,Mason@week.com
James,Williams,197,Bronson Avenue,Port Coquitlam,Alberta,J9P 1C6,Canada,646787999,James@week.com
Alexander,Moore,262,Camelot Lane,Whitby,Quebec,"L4A 0T3 ",Canada,946110380,Alexander@country.com
Mason,Johnson,340,Argyle Street,Airdrie,Yukon,B3V 2V1,Canada,612798634,Mason@study.com
"",Thomas,21,Altavista Lane,St. Catharines,Alberta,T1L 2H8,Canada,744181975,null@number.com
Ethan,Johnson,158,Artillery Place,Regina,Manitoba,J1S 0R4,Canada,664818543,Ethan@mother.com
Mason,Wilson,446,Cartaret Street,Barrie,Nova Scotia,V8C 0S2,Canada,679926251,Mason@people.com
Alexander,Jones,213,Armdale Rotary,Saint-Hyacinthe,Nunavut,L9R 0A0,Canada,387603248,Alexander@way.com
Jacob,Davis,255,Bower Road,Oshawa,Newfoundland and Labrador,N8A 0B3,Canada,451044220,Jacob@company.com
Alexander,Taylor,206,Arvida Avenue,Norfolk County,Prince Edward Island,H9S 1R4,Canada,1202046986,Alexander@way.com
"",Jones,294,Aukland Place,Moncton,Northwest Territories,N8H 2H6,Canada,163611713,null@state.com
"",Davis,429,Bilton Lane,Mirabel,Manitoba,G6X 2L1,Canada,980349383,null@school.com
Ethan,Jackson,162,Armshore Drive,Cape Breton,New Brunswick,H3J 3P2,Canada,148849147,Ethan@family.com
Alexander,Davis,498,Bedford Highway,Granby,Manitoba,H3J 3P2,Canada,1146385053,Alexander@night.com
James,Brown,292,Buffers Lane,Saint-Jean-sur-Richelieu,Quebec,G3E 2K4,Canada,547518286,James@night.com
"",,422,Blue Thistle Road,Sault Ste. Marie,Nunavut,G6X 2L1,Canada,269318552,null@way.com
Ethan,Taylor,361,Archibald Avenue,Drummondville,Northwest Territories,J0N 0Z3,Canada,1203827734,Ethan@problem.com
Jacob,Wilson,66,Chadwick Place,,Prince Edward Island,T1L 2H8,Canada,459222516,Jacob@hand.com
"",,325,Cairnwell Close,Gatineau,Yukon,E5V 3X5,Canada,606160669,null@eye.com
Alexander,Jackson,76,,Saint John,Saskatchewan,N5C 2J8,Canada,1404844226,Alexander@problem.com
Liam,Davis,242,Blue Jay Street,Drummondville,Saskatchewan,E4M 2G2,Canada,444500972,Liam@mother.com
James,Williams,156,Buddy Daye Street,Chatham-Kent,Nova Scotia,N8H 2H6,Canada,803663913,James@month.com
Mason,Jones,49,Admirals Way,Calgary,Yukon,H9S 1R4,Canada,319893170,Mason@world.com
Jacob,Anderson,391,Bromley Road,Airdrie,Prince Edward Island,G0H 2P3,Canada,1264572031,Jacob@job.com
Ethan,Brown,312,Centre Gate,Newmarket,Manitoba,N8A 0B3,Canada,705143862,Ethan@business.com
Jacob,Thomas,284,Altavista Lane,Peterborough,Newfoundland and Labrador,J1S 0R4,Canada,869220314,Jacob@work.com
