First Name,Last Name,Street Number,Street,City,Province,Postal Code,Country,Phone Number,email Address
William,,110,Bedford Windsor Ramp,Longueuil,Prince Edward Island,L0N 3J2,Canada,1259722241,William@mother.com
William,Jackson,304,Bellevue Avenue,Sherbrooke,Nunavut,N8A 0B3,Canada,391218329,William@room.com
Liam,Taylor,17,Apollo Court,Waterloo,Manitoba,"L4A 0T3 ",Canada,1289338732,Liam@eye.com
Alexander,Wilson,102,Birch Street,Strathcona County,New Brunswick,V8C 0S2,Canada,204340529,Alexander@program.com
Ethan,Moore,401,Bilby Street,Cape Breton,New Brunswick,J9T 3H4,Canada,222555018,Ethan@man.com
"",Davis,405,Brenton Street,Oakville,Prince Edward Island,V8B 1P6,Canada,1011683746,null@week.com
Alexander,Wilson,497,Blue Thistle Road,Milton,Manitoba,K1B 3B2,Canada,276303924,Alexander@case.com
"",Anderson,279,Bell Road,Sarnia,Alberta,N8A 0B3,Canada,421446787,null@null
Mason,Wilson,341,Brycedale Lane,Welland,Prince Edward Island,E5V 3X5,Canada,920482437,Mason@place.com
Liam,Wilson,104,Birmingham Street,Richmond Hill,Nunavut,B2E 0X4,Canada,775427492,Liam@right.com
James,Davis,117,Chester Avenue,Medicine Hat,Northwest Territories,T1L 2H8,Canada,693344433,James@story.com
