First Name,Last Name,Street Number,Street,City,Province,Postal Code,Country,Phone Number,email Address
James,Anderson,109,Berlin Street,Airdrie,Prince Edward Island,,Canada,229971605,James@day.com
William,Thomas,168,Catamaran Road,Port Coquitlam,Newfoundland and Labrador,L9R 0A0,Canada,571485105,William@question.com
Alexander,Williams,193,Bronson Avenue,Brampton,Newfoundland and Labrador,J9T 3H4,Canada,1311277210,Alexander@word.com
Alexander,Moore,230,Aikens Avenue,Calgary,Nova Scotia,B2E 0X4,Canada,283377216,Alexander@year.com
Mason,Wilson,440,Albert Place,Maple Ridge,Alberta,J0J 3V6,Canada,1343400102,Mason@system.com
Ethan,Wilson,29,Bison Crescent,Granby,New Brunswick,B2E 0X4,Canada,961528772,Ethan@room.com
Ethan,Brown,424,Bland Street,Cape Breton,New Brunswick,K1B 3B2,Canada,1093536600,Ethan@week.com
"",Jones,410,Centre Gate,Burnaby,Northwest Territories,E4S 3C4,Canada,1297139244,null@right.com
Alexander,Jones,423,Alm-a Ramp,Mississauga,Yukon,"V1K 1V0 ",Canada,486454825,Alexander@point.com
William,Anderson,498,Abercrombie Lane,Welland,Nova Scotia,E4M 2G2,Canada,1080787718,William@group.com
