First Name,Last Name,Street Number,Street,City,Province,Postal Code,Country,Phone Number,email Address
"",Anderson,290,Chain Lake Drive,St. Catharines,Manitoba,H3J 3P2,Canada,899111157,null@government.com
"",Miller,239,Angus L Macdonald Bridge,Chilliwack,Prince Edward Island,E4M 2G2,Canada,1107386644,null@money.com
"",Moore,485,Blue Willow Court,Guelph,Saskatchewan,J1S 0R4,Canada,666406611,null@room.com
"",Brown,259,Caxton Close,Sarnia,Alberta,J9T 3H4,Canada,192075203,null@child.com
"",Jones,86,Bristol Place,Medicine Hat,Nova Scotia,J9P 1C6,Canada,1220648651,null@word.com
William,Taylor,128,Charlotte Lane,Kitchener,Manitoba,V8B 1P6,Canada,1167799146,William@program.com
Ethan,,84,Albert Place,Nanaimo,Alberta,B3V 2V1,Canada,437866952,Ethan@business.com
Liam,Davis,16,Bond Street,Delta,Prince Edward Island,N5C 2J8,Canada,1030227834,Liam@thing.com
Mason,Davis,229,Alm-e Ramp,London,Prince Edward Island,E7E 3T7,Canada,261615980,Mason@home.com
Ethan,Jackson,288,Acorn Road,North Bay,Newfoundland and Labrador,L0N 3J2,Canada,971658982,Ethan@company.com
James,Johnson,129,Carroll Lane,Maple Ridge,Northwest Territories,V8C 0S2,Canada,1198530739,James@group.com
Alexander,Johnson,273,Centre Gate,Repentigny,Prince Edward Island,N4N 0B9,Canada,1117480448,Alexander@book.com
Liam,Jones,484,Chocolate Lake Road,Port Coquitlam,Prince Edward Island,T1L 2H8,Canada,797520039,Liam@room.com
Jacob,Moore,74,Ascot Avenue,Winnipeg,Northwest Territories,V8C 0S2,Canada,474408442,Jacob@month.com
Ethan,Jones,175,Chessvale Close,Brantford,Alberta,N4N 0B9,Canada,958000722,Ethan@month.com
Ethan,Brown,242,Alm-a Ramp,Port Coquitlam,Nova Scotia,,Canada,201478567,Ethan@family.com
Ethan,Wilson,13,Clifton Street,Halton Hills,Newfoundland and Labrador,E4S 3C4,Canada,241191319,Ethan@problem.com
Jacob,Anderson,239,Alm-d Ramp,Regina,Newfoundland and Labrador,J1S 0R4,Canada,1114843936,Jacob@case.com
"",Thomas,436,Benalder Lane,Ajax,Northwest Territories,N8H 2H6,Canada,1371088885,null@book.com
Mason,Johnson,42,Borden Street,Strathcona County,Northwest Territories,N4N 0B9,Canada,1224134658,Mason@people.com
Mason,Thomas,29,Bedford Windsor Ramp,Halifax,Prince Edward Island,H9S 1R4,Canada,248245084,Mason@right.com
"",Brown,272,Barrington Street,Victoria,Northwest Territories,"V1K 1V0 ",Canada,376989518,null@room.com
Ethan,Moore,81,Brodick Lane,Quebec City,Prince Edward Island,"L4A 0T3 ",Canada,469491472,Ethan@study.com
"",Moore,39,Chelmsford Place,Peterborough,Prince Edward Island,E7E 3T7,Canada,1288511122,null@time.com
James,Taylor,342,Bond Street,Langley,Newfoundland and Labrador,N5C 2J8,Canada,1286402004,James@question.com
James,Taylor,70,Bayne St Ramp,Greater Sudbury,Prince Edward Island,T1L 2H8,Canada,618939079,James@hand.com
William,Taylor,307,Carrington Place,Surrey,Nova Scotia,H9S 1R4,Canada,827664094,William@book.com
William,,437,Alm-a Ramp,Medicine Hat,,"L4A 0T3 ",Canada,229737004,William@month.com
"",Thomas,31,Braeburn Road,Cape Breton,Quebec,H3J 3P2,Canada,786962502,null@way.com
"",Johnson,405,Birches Drive,Port Coquitlam,Prince Edward Island,T1L 2H8,Canada,422945948,null@number.com
"",Johnson,234,Bridges Street,Norfolk County,Prince Edward Island,E4S 3C4,Canada,1162174068,null@Mr.com
James,Brown,51,Canary Crescent,Ottawa,Nova Scotia,"L4A 0T3 ",Canada,451771887,James@problem.com
Jacob,Brown,357,Campbell Drive,Saanich,Northwest Territories,V8C 0S2,Canada,738155547,Jacob@story.com
James,Moore,432,Bright Place,Peterborough,Manitoba,G3H 0B4,Canada,1058253298,James@company.com
Ethan,Anderson,65,Charles Street,Coquitlam,Newfoundland and Labrador,G0H 2P3,Canada,1352215116,Ethan@people.com
Ethan,Williams,339,Blue Thistle Road,Barrie,Nunavut,N4N 0B9,Canada,131913549,Ethan@job.com
Ethan,Taylor,187,Buffers Lane,Airdrie,Alberta,V8B 1P6,Canada,454371554,Ethan@system.com
Ethan,Anderson,278,Armcrescent West Avenue,Maple Ridge,Saskatchewan,K1B 3B2,Canada,1296320969,Ethan@question.com
Liam,Williams,270,Clayton Park Drive,Mississauga,Prince Edward Island,V8C 0S2,Canada,1105248378,Liam@case.com
Alexander,Miller,424,Bently Drive,Saanich,Nunavut,J1S 0R4,Canada,1165182635,Alexander@month.com
Jacob,Moore,261,Bayers Road,North Bay,Prince Edward Island,"B0T 0Y5 ",Canada,822637736,Jacob@year.com
William,Johnson,72,Chelmsford Place,Sault Ste. Marie,Yukon,L0N 3J2,Canada,207565277,William@story.com
