First Name,Last Name,Street Number,Street,City,Province,Postal Code,Country,Phone Number,email Address
William,Taylor,20,Bryden Avenue,Coquitlam,Saskatchewan,L0N 3J2,Canada,1171657042,William@hand.com
Liam,Miller,290,Birchfield Crescent,Kelowna,Northwest Territories,"L4A 0T3 ",Canada,760088879,Liam@family.com
William,Moore,278,Central Avenue,Vancouver,Prince Edward Island,"L4A 0T3 ",Canada,1014074947,William@case.com
"",Jones,225,Cabot Back Lane,Hamilton,Manitoba,L3V 1Y8,Canada,1085487457,null@home.com
William,Jones,287,Chelton Woods Lane,Whitby,Nunavut,L9R 0A0,Canada,957035891,William@work.com
James,Johnson,220,Chartwell Lane,Oakville,New Brunswick,"V1K 1V0 ",Canada,949615949,James@thing.com
"",Johnson,383,Arnold Drive,Oakville,Newfoundland and Labrador,N4N 0B9,Canada,1143804819,null@work.com
Alexander,Anderson,221,Brycedale Lane,Cape Breton,Nunavut,N4N 0B9,Canada,1282774686,Alexander@lot.com
