First Name,Last Name,Street Number,Street,City,Province,Postal Code,Country,Phone Number,email Address
"",,120,Clearview Street,Saint John,Manitoba,E7E 3T7,Canada,1274400870,null@company.com
William,Wilson,51,Chain Rock Drive,Saanich,Nova Scotia,"B0T 0Y5 ",Canada,1234085498,William@life.com
William,Johnson,456,Belmont Road,Welland,Newfoundland and Labrador,,Canada,1174926642,William@day.com
Ethan,Johnson,384,Blue Thistle Road,Halifax,Alberta,H3J 3P2,Canada,700978452,Ethan@student.com
William,Anderson,344,Brunswick Street,LÃ©vis,Yukon,J0J 3V6,Canada,1393252172,William@question.com
Liam,Miller,235,Beresford Road,Red Deer,Nunavut,N4N 0B9,Canada,1334378870,Liam@business.com
Mason,Jackson,369,Berkshire Close,Whitby,Quebec,N4N 0B9,Canada,176028738,Mason@week.com
William,Brown,411,Balmoral Road,Oakville,Quebec,H0H 3C9,Canada,103284201,William@part.com
Alexander,Anderson,131,Armdale Rotary,Delta,Manitoba,G6X 2L1,Canada,203004604,Alexander@problem.com
William,Taylor,142,Amirault Court,Calgary,Nunavut,E4S 3C4,Canada,180793601,William@child.com
Jacob,Wilson,255,Cairnwell Close,Greater Sudbury,Alberta,G0H 2P3,Canada,1086195284,Jacob@time.com
James,Thomas,359,Bristol Place,Pickering,Northwest Territories,L3V 1Y8,Canada,1301078909,James@day.com
"",Brown,286,Bloomingdale Terrace,St. John's,Northwest Territories,J9T 3H4,Canada,1177687034,null@story.com
"",Thomas,56,Amirault Court,Milton,New Brunswick,T1L 2H8,Canada,709634082,null@month.com
"",Thomas,18,Birchdale Avenue,Abbotsford,Quebec,"B0T 0Y5 ",Canada,474589827,null@Mr.com
"",Jones,243,Bridgeview Drive,Saguenay,Prince Edward Island,H0H 3C9,Canada,407283701,null@world.com
"",Thomas,234,Catamaran Road,Saskatoon,Prince Edward Island,H3J 3P2,Canada,762933039,null@week.com
"",Anderson,218,Barclay Avenue,Barrie,Northwest Territories,N8A 0B3,Canada,971962524,null@program.com
"",Thomas,185,Armshore Drive,Oshawa,Prince Edward Island,V8C 0S2,Canada,1166377922,null@child.com
Mason,Anderson,465,Ardwell Avenue,Sherbrooke,Alberta,V8B 1P6,Canada,1383904435,Mason@water.com
William,Jones,323,Battery Drive,Pickering,Nunavut,E7E 3T7,Canada,940098252,William@hand.com
James,Wilson,446,Carlton Street,Saint-JÃ©rÃ´me,Prince Edward Island,L4A 0T0,Canada,646584459,James@week.com
James,Jones,131,Birchview Drive,Hamilton,Newfoundland and Labrador,B2E 0X4,Canada,1187628112,James@part.com
Ethan,Miller,472,Alton Drive,Longueuil,Prince Edward Island,G3H 0B4,Canada,901519551,Ethan@word.com
Mason,Brown,290,Canterbury Close,Delta,Prince Edward Island,G3E 2K4,Canada,380937907,Mason@thing.com
"",Miller,158,Chelsea Lane,Oakville,Nunavut,G6X 2L1,Canada,303044032,null@program.com
Jacob,Brown,369,Braeburn Road,Kamloops,Alberta,J0N 0Z3,Canada,1309683410,Jacob@student.com
Mason,Johnson,482,Auburn Avenue,Oshawa,Manitoba,V8C 0S2,Canada,707769196,Mason@word.com
"",Thomas,79,Chartwell Lane,Saint-JÃ©rÃ´me,British Columbia,E7E 3T7,Canada,216217882,null@room.com
