First Name,Last Name,Street Number,Street,City,Province,Postal Code,Country,Phone Number,email Address
Alexander,Davis,383,Briar Lane,Sherbrooke,Quebec,L4A 0T0,Canada,328961714,Alexander@school.com
Alexander,Jackson,466,Albert Place,Longueuil,,G3H 0B4,Canada,298239566,Alexander@day.com
Ethan,Taylor,435,Bliss Street,Fredericton,Yukon,J9P 1C6,Canada,202922872,Ethan@student.com
Alexander,Moore,7,Birch Cove Lane,Ottawa,Quebec,J9P 1C6,Canada,396919352,Alexander@week.com
William,Jones,460,Abbott Drive,Aurora,Alberta,L0N 3J2,Canada,485342711,William@word.com
James,Johnson,36,Bedford Windsor Ramp,Sherbrooke,Prince Edward Island,,Canada,517743052,James@life.com
"",Jones,74,Bellevue Avenue,Surrey,Northwest Territories,"V1K 1V0 ",Canada,966925919,null@study.com
William,Wilson,83,Almon Street,Cambridge,Prince Edward Island,E5V 3X5,Canada,1120793707,William@problem.com
Mason,Taylor,326,Brackley Place,Brampton,Newfoundland and Labrador,J1S 0R4,Canada,647171418,Mason@man.com
Ethan,Taylor,420,Boulderwood Road,Sherbrooke,New Brunswick,N4N 0B9,Canada,370250302,Ethan@question.com
Mason,Wilson,174,Blenheim Terrace,Waterloo,Nunavut,"B0T 0Y5 ",Canada,1367103053,Mason@case.com
Mason,Jones,207,Birchwood Drive,Regina,Alberta,J9T 3H4,Canada,561151580,Mason@time.com
Mason,Davis,220,Burgee Run,Belleville,Prince Edward Island,"B0T 0Y5 ",Canada,538780437,Mason@hand.com
Ethan,Thomas,268,Braeside Lane,Medicine Hat,Newfoundland and Labrador,K1B 3B2,Canada,1120421288,Ethan@part.com
Alexander,Miller,367,Armcrescent West Avenue,Delta,Prince Edward Island,J1S 0R4,Canada,200919952,Alexander@group.com
Liam,,6,Benjamin Green Drive,Brossard,Northwest Territories,B2E 0X4,Canada,846423049,Liam@state.com
James,Wilson,414,Bridgeview Drive,Pickering,Newfoundland and Labrador,V8B 1P6,Canada,314755212,James@work.com
Jacob,Wilson,299,Bridgeview Drive,Brantford,Prince Edward Island,H0H 3C9,Canada,999534386,Jacob@program.com
"",Wilson,426,Braemount Drive,Peterborough,Newfoundland and Labrador,N5C 2J8,Canada,479107605,null@world.com
William,Thomas,336,Bayne Street,Norfolk County,Yukon,L3V 1Y8,Canada,1338059196,William@room.com
William,Williams,272,Charlton Avenue,Nanaimo,Nova Scotia,G6X 2L1,Canada,514200582,William@people.com
"",Anderson,122,Cartaret Street,Winnipeg,Nunavut,J0N 0Z3,Canada,982533306,null@lot.com
Mason,,452,Chain Rock Drive,Kawartha Lakes,Nunavut,H3J 3P2,Canada,235027323,Mason@hand.com
Alexander,Anderson,179,Catamaran Road,Clarington,Nunavut,E7E 3T7,Canada,1168950444,Alexander@story.com
Liam,Thomas,419,Amirault Court,Regina,Manitoba,E4S 3C4,Canada,315700590,Liam@week.com
Alexander,Jones,454,Ash Lake Court,London,Nunavut,E4M 2G2,Canada,284041113,Alexander@story.com
Mason,Williams,67,Claremont Street,Barrie,New Brunswick,L0N 3J2,Canada,884180888,Mason@story.com
"",Jones,493,Chartwell Lane,Red Deer,Prince Edward Island,L4A 0T0,Canada,954370308,null@question.com
Liam,,66,Bell Road,Richmond Hill,Yukon,G6X 2L1,Canada,673389200,Liam@country.com
William,Moore,309,Bayers Road,Surrey,Prince Edward Island,B3V 2V1,Canada,173536172,William@child.com
Jacob,Taylor,342,Ashton Lane,New Westminster,New Brunswick,H9S 1R4,Canada,1306266287,Jacob@right.com
Jacob,Taylor,234,Amberwood Court,Delta,Northwest Territories,T1L 2H8,Canada,1089079863,Jacob@study.com
Jacob,Anderson,259,Avon Crescent,North Vancouver,Prince Edward Island,E4S 3C4,Canada,337125906,Jacob@week.com
"",Jones,388,Bright Place,Saint-Hyacinthe,Prince Edward Island,J9P 1C6,Canada,949184399,null@point.com
Mason,Jones,231,Cherry Lane,Markham,Nova Scotia,L0N 3J2,Canada,1344732775,Mason@business.com
William,Miller,235,Battery 18th Road,Edmonton,Nunavut,E4S 3C4,Canada,141286996,William@school.com
