First Name,Last Name,Street Number,Street,City,Province,Postal Code,Country,Phone Number,email Address
Ethan,Moore,138,Boulderwood Road,Moncton,Prince Edward Island,G0H 2P3,Canada,755895907,Ethan@eye.com
"",Brown,111,Boulderwood Road,Welland,British Columbia,N5C 2J8,Canada,376199848,null@month.com
"",Jackson,5,Avon Crescent,Thunder Bay,Prince Edward Island,E4S 3C4,Canada,148452815,null@student.com
Alexander,,209,Albemarle Street,Sault Ste. Marie,Quebec,L0N 3J2,Canada,724299651,Alexander@story.com
Alexander,Thomas,24,Bland Street,New Westminster,Manitoba,G3E 2K4,Canada,1266108640,Alexander@country.com
William,,492,Blue Willow Court,New Westminster,,"L4A 0T3 ",Canada,404626501,William@time.com
Ethan,Miller,486,Birmingham Street,Grande Prairie,New Brunswick,J0N 0Z3,Canada,551513669,Ethan@study.com
"",Thomas,285,Armshore Drive,Whitby,Prince Edward Island,E4S 3C4,Canada,652900481,null@program.com
"",Anderson,307,Battery 18th Road,Saint-Hyacinthe,Prince Edward Island,T1L 2H8,Canada,322476351,null@null
Alexander,Anderson,408,Blenheim Terrace,Moncton,Alberta,"B0T 0Y5 ",Canada,1265788731,Alexander@part.com
Ethan,Johnson,393,Brighton Avenue,Kamloops,Saskatchewan,V8C 0S2,Canada,543893480,Ethan@case.com
Jacob,Williams,35,Ashton Lane,Cape Breton,Northwest Territories,,Canada,432791771,Jacob@problem.com
Alexander,Jackson,380,Beaufort Avenue,Aurora,Newfoundland and Labrador,B2E 0X4,Canada,935347084,Alexander@part.com
