First Name,Last Name,Street Number,Street,City,Province,Postal Code,Country,Phone Number,email Address
Jacob,Moore,17,Basinview Drive,Blainville,New Brunswick,E4M 2G2,Canada,650564366,Jacob@world.com
"",Williams,385,Balmoral Road,Waterloo,Nova Scotia,G3E 2K4,Canada,1121728759,null@money.com
James,Jones,148,Burns Drive,Medicine Hat,Alberta,T1L 2H8,Canada,383865122,James@hand.com
James,Thomas,289,Cherry Street,Thunder Bay,Nunavut,L3V 1Y8,Canada,195946177,James@lot.com
Jacob,Jackson,82,Botany Terrace,Lethbridge,Saskatchewan,L3V 1Y8,Canada,786888424,Jacob@system.com
Ethan,Thomas,414,Amberwood Court,Pickering,Northwest Territories,N8A 0B3,Canada,426369581,Ethan@time.com
Alexander,Johnson,392,Arthur Street,Saint John,Nunavut,K1B 3B2,Canada,751906683,Alexander@business.com
William,Jones,309,Avon Crescent,Red Deer,Manitoba,E4S 3C4,Canada,1238475598,William@life.com
Jacob,Jones,420,Bauer Street,Richmond Hill,British Columbia,H9S 1R4,Canada,1291521369,Jacob@null
James,Wilson,64,Catamaran Road,Saint John,,T1L 2H8,Canada,576906499,James@thing.com
William,Jackson,316,Cartaret Street,Richmond,Nunavut,J0N 0Z3,Canada,419387438,William@government.com
"",Taylor,82,Berlin Street,Chilliwack,Nunavut,T1L 2H8,Canada,1383613492,null@Mr.com
James,Johnson,59,Botany Terrace,St. John's,Alberta,K1B 3B2,Canada,1398983092,James@number.com
