First Name,Last Name,Street Number,Street,City,Province,Postal Code,Country,Phone Number,email Address
William,Williams,260,Bond Street,North Vancouver,Northwest Territories,B2E 0X4,Canada,994694200,William@null
"",Taylor,208,Blue Jay Street,Repentigny,Northwest Territories,N5C 2J8,Canada,352710180,null@study.com
Jacob,Davis,273,Breen Avenue,Brantford,Alberta,B3V 2V1,Canada,1039551505,Jacob@study.com
Mason,Anderson,6,Alm-a Ramp,Norfolk County,,G0H 2P3,Canada,312349033,Mason@hand.com
Mason,,335,Autumn Drive,Longueuil,Northwest Territories,"L4A 0T3 ",Canada,1276541451,Mason@country.com
Mason,Brown,152,Bedford Windsor Ramp,Saint-Jean-sur-Richelieu,British Columbia,J1S 0R4,Canada,603199667,Mason@null
William,Taylor,231,Brodick Lane,Whitby,Northwest Territories,E4S 3C4,Canada,903668687,William@world.com
Mason,Wilson,391,Auburn Avenue,Drummondville,British Columbia,N8H 2H6,Canada,535249976,Mason@business.com
Mason,Wilson,198,Bayview Road,Saint-Hyacinthe,Nunavut,L9R 0A0,Canada,1125460368,Mason@eye.com
Jacob,Moore,314,Alex Street,Quebec City,Alberta,G0H 2P3,Canada,281939818,Jacob@money.com
Ethan,Moore,28,Chester Avenue,Whitby,New Brunswick,N4N 0B9,Canada,992952388,Ethan@case.com
Alexander,Brown,190,Cherry Lane,North Vancouver,Prince Edward Island,J0N 0Z3,Canada,128001645,Alexander@question.com
Ethan,Williams,328,Black Street,Abbotsford,Northwest Territories,B3V 2V1,Canada,182733608,Ethan@program.com
William,,485,Battery Drive,Lethbridge,Nunavut,N8H 2H6,Canada,698023271,William@work.com
Ethan,Johnson,2,Avon Crescent,Sarnia,Nova Scotia,B2E 0X4,Canada,878197668,Ethan@week.com
Ethan,Davis,62,Banbury Close,Longueuil,,E7E 3T7,Canada,1384630193,Ethan@month.com
Mason,Miller,406,Bethany Way,Nanaimo,Nunavut,G3H 0B4,Canada,380090927,Mason@right.com
"",Taylor,365,Anchor Drive,Cape Breton,Prince Edward Island,V8C 0S2,Canada,619112416,null@man.com
William,Moore,212,Belle Aire Terrace,Trois-RiviÃ¨res,Manitoba,V8B 1P6,Canada,524731499,William@business.com
"",Jones,437,Clayton Park Drive,Langley,Saskatchewan,"L4A 0T3 ",Canada,396257035,null@Mr.com
William,Williams,413,Bedford Highway Ramp,Saint John,Yukon,G0H 2P3,Canada,842667999,William@country.com
James,Miller,407,Brunswick Street,Kawartha Lakes,Yukon,L4A 0T0,Canada,229216506,James@book.com
William,Jones,8,"Alm-../../view.php?place=Alm-# Ramp, Halifax, ns, CANADA Ramp",Repentigny,New Brunswick,G3H 0B4,Canada,1279901312,William@place.com
"",Miller,75,Braeburn Road,Trois-RiviÃ¨res,Newfoundland and Labrador,"B0T 0Y5 ",Canada,1013456728,null@hand.com
James,Wilson,427,Bland Street,North Vancouver,Nunavut,H0H 3C9,Canada,193610311,James@program.com
Liam,,270,Charlotte Lane,Halton Hills,Yukon,"B0T 0Y5 ",Canada,1126100274,Liam@group.com
Jacob,Davis,66,Brighton Avenue,Surrey,Quebec,H9S 1R4,Canada,383806033,Jacob@mother.com
James,Taylor,420,Bridges Street,Halifax,Prince Edward Island,G6X 2L1,Canada,234752844,James@problem.com
Liam,Anderson,15,Auburn Avenue,Greater Sudbury,Manitoba,N4N 0B9,Canada,221126962,Liam@room.com
Liam,Jones,272,Chester Avenue,Airdrie,Alberta,V8B 1P6,Canada,1138657287,Liam@year.com
William,Williams,377,Caitland Court,Saint John,British Columbia,J0N 0Z3,Canada,970104015,William@fact.com
Liam,Anderson,22,Arlington Avenue,Windsor,Yukon,H0H 3C9,Canada,892534392,Liam@case.com
