First Name,Last Name,Street Number,Street,City,Province,Postal Code,Country,Phone Number,email Address
James,Jones,233,Bliss Street,Moncton,Nunavut,L0N 3J2,Canada,1235376193,James@mother.com
Jacob,Anderson,228,Broadholme Lane,Saguenay,British Columbia,N4N 0B9,Canada,774164852,Jacob@business.com
"",Jackson,49,Arthur Street,Markham,New Brunswick,"V1K 1V0 ",Canada,1143751217,null@story.com
"",Miller,13,Cloverdale Road,Saint-Jean-sur-Richelieu,Northwest Territories,"L4A 0T3 ",Canada,229957078,null@place.com
Liam,Davis,371,Blenheim Terrace,Winnipeg,Nunavut,G3H 0B4,Canada,805867538,Liam@year.com
"",,283,Carlton Street,Cape Breton,Newfoundland and Labrador,T1L 2H8,Canada,403756447,null@company.com
William,Moore,408,Belmont On The Arm,Richmond Hill,Northwest Territories,B2E 0X4,Canada,120250952,William@week.com
Ethan,Brown,252,Armada Drive,Greater Sudbury,Newfoundland and Labrador,L3V 1Y8,Canada,1101832753,Ethan@right.com
Mason,Brown,201,Berkshire Close,Wood Buffalo,Manitoba,H0H 3C9,Canada,632576300,Mason@month.com
Ethan,Anderson,286,Ballantrae Lane,Chatham-Kent,Northwest Territories,L4A 0T0,Canada,990321887,Ethan@fact.com
Alexander,Thomas,158,Blenheim Terrace,Kelowna,Nunavut,E7E 3T7,Canada,1352416176,Alexander@home.com
"",Anderson,401,Birchwood Drive,Oakville,Prince Edward Island,B3V 2V1,Canada,992830719,null@job.com
Liam,Jackson,428,Cambridge Street,London,British Columbia,J0N 0Z3,Canada,1367769376,Liam@life.com
Mason,Jones,149,Ballantrae Lane,Brantford,British Columbia,H9S 1R4,Canada,896329453,Mason@program.com
Ethan,Moore,66,Auburn Avenue,Caledon,Prince Edward Island,J1S 0R4,Canada,197649816,Ethan@null
Ethan,Davis,63,Alm-a Ramp,Abbotsford,Nova Scotia,E7E 3T7,Canada,898373989,Ethan@place.com
Jacob,Wilson,271,Chartwell Lane,Mississauga,Prince Edward Island,B3V 2V1,Canada,921398957,Jacob@group.com
Alexander,,463,Clifton Street,Brantford,Nova Scotia,"L4A 0T3 ",Canada,1115784583,Alexander@thing.com
"",Wilson,311,Binney Street,Wood Buffalo,Nova Scotia,E5V 3X5,Canada,1132955180,null@state.com
"",Anderson,175,Charlton Avenue,Winnipeg,Prince Edward Island,"V1K 1V0 ",Canada,148146475,null@country.com
Jacob,Moore,107,Charles Street,Halton Hills,Manitoba,E4M 2G2,Canada,855283804,Jacob@student.com
"",Anderson,239,Belmont Road,Lethbridge,Prince Edward Island,L0N 3J2,Canada,1271487120,null@mother.com
Liam,Wilson,146,Circle Drive,Airdrie,New Brunswick,N8A 0B3,Canada,146161575,Liam@place.com
Ethan,Taylor,217,Alm-a Ramp,Coquitlam,New Brunswick,"L4A 0T3 ",Canada,224262293,Ethan@home.com
Liam,Jackson,13,Brussels Street,Sherbrooke,Nova Scotia,B3V 2V1,Canada,157456946,Liam@woman.com
Mason,,61,"Alm-../../view.php?place=Alm-# Ramp, Halifax, ns, CANADA Ramp",,Prince Edward Island,J0N 0Z3,Canada,1124570871,Mason@company.com
Ethan,,387,Aster Court,Victoria,Newfoundland and Labrador,V8B 1P6,Canada,1323334823,Ethan@student.com
William,Miller,11,Annandale Street,Oakville,Newfoundland and Labrador,E4M 2G2,Canada,523607629,William@right.com
Mason,Johnson,199,Bedford Highway Ramp,Strathcona County,Prince Edward Island,"V1K 1V0 ",Canada,724000323,Mason@mother.com
Alexander,Williams,425,Chain Lake Drive,Oshawa,British Columbia,N8A 0B3,Canada,215371653,Alexander@state.com
Jacob,Jones,161,Armview Terrace,Pickering,British Columbia,J0J 3V6,Canada,1008043434,Jacob@child.com
