First Name,Last Name,Street Number,Street,City,Province,Postal Code,Country,Phone Number,email Address
"",Jones,141,Cascade Drive,Vancouver,,J9P 1C6,Canada,993742174,null@room.com
Liam,Taylor,363,Athlone Avenue,Burnaby,Nunavut,H3J 3P2,Canada,1279597246,Liam@home.com
Ethan,Taylor,294,Belmont On The Arm,Fredericton,Prince Edward Island,"L4A 0T3 ",Canada,449429218,Ethan@year.com
Mason,Brown,478,Barclay Avenue,Maple Ridge,Prince Edward Island,N8A 0B3,Canada,428478896,Mason@month.com
William,Jackson,404,Beachstone Drive,Saint-Hyacinthe,Alberta,G0H 2P3,Canada,1405825295,William@child.com
Mason,Brown,456,Cedar Street,Caledon,Newfoundland and Labrador,"V1K 1V0 ",Canada,892853482,Mason@home.com
Ethan,Davis,132,Atlantic Street,Richmond Hill,Prince Edward Island,J0J 3V6,Canada,1031303137,Ethan@government.com
"",Jackson,389,Bayers Road,Hamilton,New Brunswick,T1L 2H8,Canada,592132373,null@case.com
William,Jones,498,Churchill Drive,Granby,Nova Scotia,E4S 3C4,Canada,1181190639,William@student.com
Mason,Anderson,348,Chestnut Street,Port Coquitlam,New Brunswick,J9P 1C6,Canada,1085877361,Mason@night.com
Ethan,Brown,80,Cedarbrae Lane,Red Deer,Nunavut,E4S 3C4,Canada,1340267030,Ethan@room.com
Alexander,Moore,150,Anchor Drive,North Vancouver,Alberta,J0J 3V6,Canada,1024147057,Alexander@question.com
Jacob,Miller,254,Albert Place,Nanaimo,Newfoundland and Labrador,T1L 2H8,Canada,1408224077,Jacob@company.com
"",Anderson,274,Berkshire Close,Coquitlam,Newfoundland and Labrador,J9P 1C6,Canada,665657308,null@woman.com
Ethan,Jones,309,Banbury Close,Saskatoon,Northwest Territories,N8A 0B3,Canada,813466275,Ethan@state.com
James,Miller,376,Clinton Avenue,Drummondville,Prince Edward Island,V8B 1P6,Canada,1349003268,James@day.com
James,Wilson,201,Clovis Avenue,Saguenay,Newfoundland and Labrador,E7E 3T7,Canada,1030204298,James@country.com
Mason,Johnson,200,Armshore Drive,Mississauga,Yukon,H3J 3P2,Canada,277702753,Mason@year.com
"",Jackson,73,Clearview Street,Cape Breton,Quebec,E7E 3T7,Canada,571077890,null@job.com
James,Thomas,227,Carriageway Crescent,St. Catharines,Prince Edward Island,N8A 0B3,Canada,1191755324,James@book.com
Jacob,,360,Battery Drive,Guelph,Quebec,H0H 3C9,Canada,881158902,Jacob@family.com
William,Anderson,461,Boulderwood Road,Cambridge,Nunavut,J9P 1C6,Canada,1161143394,William@world.com
Jacob,Davis,232,Brycedale Lane,Vancouver,Nunavut,E4M 2G2,Canada,770956114,Jacob@money.com
Ethan,Williams,433,Cedarbrae Lane,Grande Prairie,Alberta,J0N 0Z3,Canada,155372442,Ethan@month.com
Alexander,Taylor,156,Blue Thistle Road,Saint-JÃ©rÃ´me,Northwest Territories,N4N 0B9,Canada,468259339,Alexander@life.com
Jacob,Jackson,401,,Blainville,,E4M 2G2,Canada,1375299632,Jacob@right.com
Alexander,Taylor,216,Cabot Street,Brantford,Northwest Territories,N5C 2J8,Canada,909776791,Alexander@state.com
Mason,Brown,19,Bluestone Road,Ottawa,Nunavut,J0J 3V6,Canada,445453432,Mason@study.com
Ethan,Jackson,11,Bronson Avenue,Langley,Nova Scotia,G0H 2P3,Canada,248402687,Ethan@mother.com
