First Name,Last Name,Street Number,Street,City,Province,Postal Code,Country,Phone Number,email Address
William,Wilson,462,Battery Drive,Medicine Hat,Prince Edward Island,H3J 3P2,Canada,202816249,William@job.com
Alexander,Wilson,5,Bald Eagle Place,Gatineau,Yukon,B3V 2V1,Canada,396176567,Alexander@number.com
Mason,Thomas,422,Archibald Avenue,North Vancouver,Nunavut,N5C 2J8,Canada,1363284835,Mason@day.com
"",Jones,419,Boscobel Road,Victoria,New Brunswick,E4S 3C4,Canada,566842573,null@water.com
Jacob,Williams,307,Ashburn Avenue,Prince George,New Brunswick,E4M 2G2,Canada,460772863,Jacob@water.com
Ethan,,497,Castle Hill Drive,Clarington,Prince Edward Island,G6X 2L1,Canada,570632499,Ethan@world.com
Ethan,Jones,63,Carroll Lane,North Vancouver,Newfoundland and Labrador,B2E 0X4,Canada,1373794087,Ethan@man.com
William,Miller,268,Brook Street,Saint-JÃ©rÃ´me,New Brunswick,N8A 0B3,Canada,311356728,William@state.com
"",Miller,335,Allan Street,Saint John,Prince Edward Island,E4M 2G2,Canada,937417981,null@mother.com
James,Davis,314,Castine Way,Oakville,Prince Edward Island,T1L 2H8,Canada,640051451,James@eye.com
Jacob,Thomas,434,Bristol Place,Whitby,British Columbia,T1L 2H8,Canada,1249663317,Jacob@group.com
James,Johnson,213,Cardiff Place,Maple Ridge,Saskatchewan,J0J 3V6,Canada,790454559,James@story.com
William,Jones,302,Charlotte Lane,Cape Breton,Saskatchewan,B2E 0X4,Canada,502786927,William@family.com
Alexander,Davis,8,Carriageway Crescent,Lethbridge,Prince Edward Island,E4S 3C4,Canada,364511616,Alexander@right.com
Ethan,Davis,370,Bayers Road,Delta,Yukon,G3E 2K4,Canada,245095736,Ethan@case.com
Mason,Wilson,243,Cabot Street,Saint-JÃ©rÃ´me,Quebec,V8B 1P6,Canada,1279319313,Mason@group.com
William,Wilson,280,Bedford Highway Ramp,Kelowna,Newfoundland and Labrador,N5C 2J8,Canada,433409290,William@eye.com
Jacob,Johnson,470,Carriageway Crescent,Caledon,Prince Edward Island,,Canada,677109293,Jacob@room.com
Alexander,Jones,427,Aikens Avenue,Repentigny,Alberta,G6X 2L1,Canada,1209239117,Alexander@company.com
Jacob,,390,Catamaran Road,Ottawa,Prince Edward Island,H9S 1R4,Canada,1096961475,Jacob@water.com
Alexander,Moore,442,Albert Place,Welland,Nunavut,J1S 0R4,Canada,474954906,Alexander@eye.com
Liam,Miller,366,Bayne Street,Peterborough,Northwest Territories,H9S 1R4,Canada,1271741049,Liam@mother.com
Ethan,Moore,57,Annandale Street,Waterloo,Alberta,E5V 3X5,Canada,156419741,Ethan@government.com
Alexander,Miller,16,Briar Lane,Aurora,Prince Edward Island,"B0T 0Y5 ",Canada,1274017228,Alexander@room.com
Mason,Jackson,417,Briar Lane,St. Catharines,British Columbia,J9T 3H4,Canada,212748067,Mason@thing.com
Ethan,Miller,77,Admirals Way,North Vancouver,Prince Edward Island,B3V 2V1,Canada,251243136,Ethan@mother.com
Jacob,Brown,497,Birches Drive,Peterborough,Nunavut,E5V 3X5,Canada,213053652,Jacob@group.com
"",Johnson,324,Alton Drive,Kelowna,Newfoundland and Labrador,N4N 0B9,Canada,488330348,null@job.com
William,Wilson,80,Attenborough Court,Ottawa,Quebec,V8C 0S2,Canada,115686578,William@home.com
Ethan,Brown,314,Artz Street,Thunder Bay,Northwest Territories,E4M 2G2,Canada,1391712760,Ethan@thing.com
Ethan,Davis,375,Birchdale Avenue,Blainville,Northwest Territories,E7E 3T7,Canada,518378985,Ethan@time.com
Jacob,Williams,354,Berkshire Close,Saint John,Northwest Territories,H0H 3C9,Canada,656139796,Jacob@book.com
James,Thomas,341,Alm-a Ramp,North Vancouver,Nunavut,V8B 1P6,Canada,227760559,James@thing.com
James,Jones,438,Angus L Macdonald Bridge,Brantford,Saskatchewan,L9R 0A0,Canada,227791738,James@home.com
Alexander,Taylor,363,Breen Avenue,Sarnia,Nunavut,H0H 3C9,Canada,1313819243,Alexander@work.com
Ethan,Johnson,486,Auburn Avenue,Airdrie,Alberta,K1B 3B2,Canada,496254184,Ethan@day.com
"",Thomas,189,Belmont On The Arm,Brampton,Nunavut,N5C 2J8,Canada,1098650933,null@case.com
Ethan,Thomas,413,Apollo Court,Burlington,Prince Edward Island,V8B 1P6,Canada,737679388,Ethan@year.com
Jacob,Jackson,10,Belmont Road,Moncton,Prince Edward Island,J0N 0Z3,Canada,134173239,Jacob@time.com
William,Miller,347,Briar Lane,Vancouver,Newfoundland and Labrador,J9T 3H4,Canada,180917677,William@Mr.com
Ethan,Anderson,46,Charles Street,Drummondville,Manitoba,J0J 3V6,Canada,602211670,Ethan@state.com
