First Name,Last Name,Street Number,Street,City,Province,Postal Code,Country,Phone Number,email Address
James,Anderson,329,Barracks Drive,Ajax,Quebec,E4M 2G2,Canada,235950126,James@life.com
Mason,Jones,30,Berlin Street,Ajax,Saskatchewan,G6X 2L1,Canada,480780380,Mason@room.com
Mason,Jackson,461,Chipstone Close,Vaughan,Nunavut,H9S 1R4,Canada,941360414,Mason@program.com
Jacob,Davis,315,Armdale Rotary,Barrie,Alberta,H0H 3C9,Canada,520260913,Jacob@month.com
Ethan,Moore,128,Basinview Drive,Maple Ridge,Yukon,,Canada,467277567,Ethan@place.com
"",Wilson,357,Bobolink Street,Lethbridge,Alberta,L3V 1Y8,Canada,226990312,null@question.com
Alexander,Jones,388,Alm-a Ramp,Pickering,Yukon,N8A 0B3,Canada,338072634,Alexander@fact.com
Jacob,,264,Bishop Street,North Bay,Prince Edward Island,N8H 2H6,Canada,412752445,Jacob@Mr.com
Ethan,Johnson,216,Cherry Street,Abbotsford,Manitoba,E7E 3T7,Canada,1312735273,Ethan@year.com
Jacob,Moore,394,Arlington Avenue,Kitchener,Alberta,"B0T 0Y5 ",Canada,895252895,Jacob@month.com
Liam,Miller,135,Bobolink Street,Hamilton,Saskatchewan,"V1K 1V0 ",Canada,1346504750,Liam@time.com
Alexander,Jackson,347,Birmingham Street,Mirabel,Nunavut,H3J 3P2,Canada,701753507,Alexander@job.com
William,Davis,307,Charles Street,Longueuil,British Columbia,V8C 0S2,Canada,1177605038,William@life.com
James,Moore,264,Anchor Drive,Thunder Bay,Yukon,J9P 1C6,Canada,367218347,James@day.com
Alexander,Johnson,457,Charles Street,Ajax,Prince Edward Island,G3H 0B4,Canada,192535111,Alexander@life.com
Jacob,Wilson,306,Battery 18th Road,Red Deer,Manitoba,T1L 2H8,Canada,1032293383,Jacob@student.com
"",Williams,146,Barclay Avenue,Lethbridge,Saskatchewan,G3H 0B4,Canada,673338916,null@study.com
"",Moore,27,Birmingham Street,Saint John,Saskatchewan,E4S 3C4,Canada,786408140,null@book.com
"",Wilson,437,Alderwood Drive,Sherbrooke,Prince Edward Island,L4A 0T0,Canada,447553415,null@question.com
Alexander,Thomas,34,Bedford Windsor Ramp,London,Nova Scotia,E7E 3T7,Canada,454581864,Alexander@thing.com
Liam,Johnson,190,Bristol Place,Maple Ridge,Northwest Territories,B2E 0X4,Canada,1118138778,Liam@job.com
"",Anderson,394,Alm-d Ramp,Welland,Newfoundland and Labrador,N8A 0B3,Canada,1211447145,null@fact.com
James,,87,Cavendish Road,North Vancouver,Yukon,B3V 2V1,Canada,127680733,James@week.com
James,Thomas,168,Bridget Avenue,Repentigny,Prince Edward Island,B2E 0X4,Canada,923076157,James@year.com
Alexander,Anderson,184,Birkdale Crescent,Surrey,Alberta,E5V 3X5,Canada,343196747,Alexander@program.com
Liam,Williams,233,Apollo Court,Saint-JÃ©rÃ´me,Newfoundland and Labrador,N8H 2H6,Canada,1061379819,Liam@night.com
William,Davis,208,Agricola Street,London,Yukon,"B0T 0Y5 ",Canada,755526313,William@water.com
"",Moore,240,Bedford Row,Grande Prairie,Yukon,H0H 3C9,Canada,382756958,null@day.com
Ethan,Jones,494,Armdale Rotary,Airdrie,Nova Scotia,V8C 0S2,Canada,1360752938,Ethan@water.com
Jacob,Taylor,208,Bellevue Avenue,Halton Hills,Manitoba,K1B 3B2,Canada,1232902515,Jacob@student.com
Mason,Johnson,149,Acorn Road,Kawartha Lakes,Northwest Territories,H0H 3C9,Canada,941353715,Mason@month.com
William,Miller,311,Braeside Lane,Richmond Hill,Northwest Territories,N8A 0B3,Canada,1031569940,William@mother.com
Mason,Anderson,52,Cambridge Street,St. Catharines,Prince Edward Island,G3H 0B4,Canada,306854957,Mason@program.com
Liam,Wilson,289,Carnation Crescent,Barrie,Nunavut,G3E 2K4,Canada,292550975,Liam@right.com
