First Name,Last Name,Street Number,Street,City,Province,Postal Code,Country,Phone Number,email Address
William,Miller,7,Aukland Place,Clarington,Prince Edward Island,L3V 1Y8,Canada,885403586,William@day.com
William,Williams,372,Castine Way,Trois-RiviÃ¨res,Northwest Territories,G6X 2L1,Canada,743122511,William@lot.com
James,Wilson,387,Attenborough Court,Welland,Northwest Territories,E4M 2G2,Canada,843899837,James@family.com
"",Thomas,455,Barrington Street,Peterborough,Northwest Territories,G6X 2L1,Canada,307231127,null@system.com
Jacob,Jones,5,Armview Terrace,Clarington,British Columbia,G0H 2P3,Canada,898650684,Jacob@fact.com
Jacob,Anderson,473,Ash Lake Court,Red Deer,New Brunswick,T1L 2H8,Canada,1274566845,Jacob@state.com
"",Thomas,453,Chisholm Avenue,Welland,New Brunswick,B2E 0X4,Canada,196536469,null@study.com
Ethan,Anderson,187,Ash Lake Court,Vaughan,,J0J 3V6,Canada,875981384,Ethan@hand.com
Ethan,Miller,332,Churchill Drive,Fredericton,Northwest Territories,V8C 0S2,Canada,472667713,Ethan@company.com
Alexander,Thomas,51,Barclay Avenue,Delta,Newfoundland and Labrador,G3E 2K4,Canada,304486494,Alexander@thing.com
James,Brown,366,Armview Avenue,Welland,Nova Scotia,B2E 0X4,Canada,833720603,James@mother.com
James,Anderson,97,Abercrombie Lane,Burnaby,New Brunswick,L3V 1Y8,Canada,1169834986,James@school.com
Ethan,Wilson,304,Bloomingdale Terrace,Moncton,Quebec,E5V 3X5,Canada,249669143,Ethan@business.com
Mason,Jackson,204,Arvida Avenue,Oakville,Northwest Territories,B3V 2V1,Canada,304884263,Mason@case.com
Alexander,Jones,359,Beechwood Terrace,Medicine Hat,Saskatchewan,"L4A 0T3 ",Canada,273215344,Alexander@question.com
