First Name,Last Name,Street Number,Street,City,Province,Postal Code,Country,Phone Number,email Address
"",Taylor,158,Bauer Street,Montreal,Nunavut,"L4A 0T3 ",Canada,217169306,null@week.com
"",Brown,82,Alm-e Ramp,New Westminster,Alberta,B3V 2V1,Canada,772785287,null@case.com
Ethan,Wilson,293,Caitland Court,Coquitlam,Prince Edward Island,,Canada,310138264,Ethan@study.com
William,Johnson,43,Berts Drive,Surrey,Manitoba,J9P 1C6,Canada,1063121298,William@month.com
Jacob,Wilson,346,Armdale Rotary,Longueuil,Nunavut,L3V 1Y8,Canada,227342737,Jacob@place.com
Alexander,Thomas,87,Brook Street,New Westminster,Manitoba,N5C 2J8,Canada,106153620,Alexander@study.com
"",Johnson,452,Belmont Road,Gatineau,Alberta,J0J 3V6,Canada,184919408,null@right.com
Ethan,Thomas,378,Bedros Lane,Hamilton,Prince Edward Island,H3J 3P2,Canada,324078775,Ethan@group.com
"",Thomas,405,Ballantrae Lane,Drummondville,Prince Edward Island,H9S 1R4,Canada,676126087,null@room.com
Mason,Thomas,199,Andrew Street,Prince George,Northwest Territories,B3V 2V1,Canada,568119402,Mason@number.com
Ethan,Jones,440,Ashburn Avenue,Saskatoon,Nunavut,L3V 1Y8,Canada,1252901644,Ethan@country.com
"",Wilson,349,Chisholm Avenue,Drummondville,Nova Scotia,E4M 2G2,Canada,1026713212,null@mother.com
"",Moore,416,Arlington Avenue,Brampton,Prince Edward Island,J0J 3V6,Canada,292908296,null@point.com
Ethan,Jones,79,Buddy Daye Street,Sherbrooke,Nunavut,B2E 0X4,Canada,448036252,Ethan@right.com
William,Taylor,203,Bliss Street,Kawartha Lakes,Nova Scotia,N5C 2J8,Canada,1064491114,William@hand.com
Alexander,Jackson,349,Cabot Back Lane,Moncton,Nova Scotia,J1S 0R4,Canada,1371736550,Alexander@right.com
Liam,Thomas,344,Armview Terrace,Red Deer,Yukon,B2E 0X4,Canada,311710646,Liam@mother.com
Ethan,Thomas,365,Arlington Avenue,Chatham-Kent,Yukon,L4A 0T0,Canada,1268468651,Ethan@hand.com
Ethan,Moore,291,Cascade Drive,North Vancouver,Nova Scotia,J0J 3V6,Canada,1007850468,Ethan@country.com
