First Name,Last Name,Street Number,Street,City,Province,Postal Code,Country,Phone Number,email Address
Mason,Jackson,368,Alm-b Ramp,Guelph,Manitoba,E4M 2G2,Canada,789908424,Mason@book.com
Ethan,Davis,358,Chartwell Lane,Whitby,Alberta,L4A 0T0,Canada,928234983,Ethan@country.com
"",Wilson,230,Armshore Drive,Terrebonne,Nunavut,J9P 1C6,Canada,710550862,null@family.com
"",Davis,123,Alm-a Ramp,Ottawa,Northwest Territories,L0N 3J2,Canada,1279428055,null@week.com
Alexander,Williams,351,Barrington Street,Peterborough,Newfoundland and Labrador,H9S 1R4,Canada,1058833549,Alexander@story.com
Jacob,Davis,426,Birchdale Avenue,Newmarket,Prince Edward Island,G3E 2K4,Canada,333574789,Jacob@group.com
"",,219,Breen Avenue,Halton Hills,Nova Scotia,L9R 0A0,Canada,309700666,null@thing.com
