First Name,Last Name,Street Number,Street,City,Province,Postal Code,Country,Phone Number,email Address
William,Jones,348,Carrington Place,Saint John,Nova Scotia,N5C 2J8,Canada,661798259,William@problem.com
Alexander,Williams,102,Attenborough Court,Port Coquitlam,Newfoundland and Labrador,G3E 2K4,Canada,1277366437,Alexander@job.com
Mason,Davis,321,Castlepark Grove,Cape Breton,New Brunswick,J0N 0Z3,Canada,1024788058,Mason@system.com
Liam,Taylor,366,Bison Crescent,North Bay,Nunavut,G6X 2L1,Canada,888508968,Liam@hand.com
"",Jackson,454,Binney Street,Burlington,Quebec,"L4A 0T3 ",Canada,149255918,null@night.com
Jacob,,314,Armstrong Court,North Bay,Manitoba,L3V 1Y8,Canada,110157432,Jacob@number.com
"",Jones,219,Birchwood Drive,Saint-Hyacinthe,Nunavut,N8H 2H6,Canada,1258383714,null@Mr.com
Alexander,Taylor,119,Beechwood Terrace,Hamilton,New Brunswick,E5V 3X5,Canada,1317814837,Alexander@place.com
Alexander,Wilson,346,Chessvale Close,Welland,Northwest Territories,B3V 2V1,Canada,1196616243,Alexander@group.com
Ethan,Moore,432,Brussels Street,Clarington,Alberta,N8H 2H6,Canada,1221274867,Ethan@room.com
Alexander,Wilson,387,Avon Crescent,Saint-JÃ©rÃ´me,Nunavut,J0J 3V6,Canada,962329610,Alexander@woman.com
James,Jackson,443,Burgee Run,Cape Breton,New Brunswick,J1S 0R4,Canada,860803879,James@year.com
Ethan,Brown,146,Alma Crescent,St. Catharines,New Brunswick,E4S 3C4,Canada,562587453,Ethan@money.com
William,Jackson,278,Albemarle Street,Welland,Nunavut,L3V 1Y8,Canada,653929364,William@right.com
James,Johnson,96,Atlantic Street,Welland,Alberta,"L4A 0T3 ",Canada,676906586,James@week.com
Ethan,Williams,93,Bell Road,London,Nunavut,J0J 3V6,Canada,143760802,Ethan@money.com
Jacob,Brown,181,Burgee Run,Mirabel,Newfoundland and Labrador,H3J 3P2,Canada,1249348708,Jacob@child.com
Mason,Jones,95,Alm-b Ramp,Trois-RiviÃ¨res,Nova Scotia,E5V 3X5,Canada,913954934,Mason@night.com
William,Taylor,377,Aikenhead Road,Fredericton,Northwest Territories,"V1K 1V0 ",Canada,971002664,William@system.com
Jacob,Taylor,320,Bloomingdale Terrace,Cape Breton,Saskatchewan,T1L 2H8,Canada,1008278691,Jacob@child.com
Alexander,Moore,212,Bermuda Avenue,Winnipeg,Northwest Territories,J0N 0Z3,Canada,528149798,Alexander@company.com
Liam,Wilson,198,Bloomfield Street,Oshawa,Nunavut,G3E 2K4,Canada,523376969,Liam@way.com
Alexander,Brown,479,Artillery Place,Mirabel,New Brunswick,E5V 3X5,Canada,424437989,Alexander@money.com
Jacob,Wilson,389,Albion Road,Clarington,Saskatchewan,J0N 0Z3,Canada,467161193,Jacob@point.com
Ethan,Moore,462,Charles Street,Vancouver,Newfoundland and Labrador,N8H 2H6,Canada,299442953,Ethan@thing.com
Alexander,Johnson,483,Binney Street,Ajax,New Brunswick,J9T 3H4,Canada,538321625,Alexander@family.com
