First Name,Last Name,Street Number,Street,City,Province,Postal Code,Country,Phone Number,email Address
"",Moore,239,Alm-c Ramp,Halifax,New Brunswick,N5C 2J8,Canada,1030150441,null@place.com
Jacob,Miller,158,Angus L Macdonald Bridge,Saint John,Prince Edward Island,B3V 2V1,Canada,1336796963,Jacob@lot.com
Jacob,Thomas,130,Armdale Rotary,Cape Breton,,N8H 2H6,Canada,430534683,Jacob@time.com
Liam,Johnson,495,Bedford Highway,Granby,New Brunswick,L0N 3J2,Canada,339305739,Liam@way.com
"",Taylor,290,Chebucto Road,North Bay,Nova Scotia,N8A 0B3,Canada,139666415,null@year.com
Jacob,Miller,28,Bishop Street,Belleville,Yukon,G3H 0B4,Canada,578369004,Jacob@hand.com
William,Jackson,362,Brunswick Street,Repentigny,Northwest Territories,L0N 3J2,Canada,818244480,William@group.com
James,Williams,242,Chain Lake Drive,Sault Ste. Marie,Prince Edward Island,G6X 2L1,Canada,525654027,James@word.com
"",Moore,300,Buddy Daye Street,Gatineau,Northwest Territories,"L4A 0T3 ",Canada,240073185,null@program.com
William,Jones,295,Charles Street,Grande Prairie,New Brunswick,H0H 3C9,Canada,360459595,William@world.com
Mason,Moore,216,Canary Crescent,Sherbrooke,Manitoba,T1L 2H8,Canada,870167808,Mason@part.com
James,Williams,201,Blue Willow Court,Brampton,Nova Scotia,"B0T 0Y5 ",Canada,1394994776,James@time.com
"",Jackson,32,Chipstone Close,Delta,Prince Edward Island,E7E 3T7,Canada,532812350,null@day.com
Mason,Brown,262,Burgee Run,Windsor,Prince Edward Island,G6X 2L1,Canada,656112356,Mason@state.com
Liam,,450,Braeside Lane,Saint John,Prince Edward Island,G0H 2P3,Canada,914033148,Liam@system.com
"",Williams,10,Ashdale Avenue,Lethbridge,Prince Edward Island,G3E 2K4,Canada,263892965,null@number.com
Liam,Wilson,5,Carlina Court,Prince George,New Brunswick,J9T 3H4,Canada,171754344,Liam@question.com
Ethan,Miller,210,Clovis Avenue,Airdrie,Nunavut,E4M 2G2,Canada,667183225,Ethan@home.com
"",Thomas,254,Birch Cove Lane,Montreal,Quebec,G3E 2K4,Canada,972116152,null@work.com
"",Taylor,268,Annandale Street,Port Coquitlam,Northwest Territories,J0J 3V6,Canada,339909938,null@system.com
James,Miller,332,Aurora Avenue,Waterloo,Alberta,"V1K 1V0 ",Canada,1394618738,James@system.com
"",Jackson,360,Charlton Avenue,Norfolk County,Yukon,N5C 2J8,Canada,585713500,null@point.com
"",Moore,152,Amirault Court,St. John's,Saskatchewan,"L4A 0T3 ",Canada,762875435,null@life.com
James,Brown,496,Armoury Place,Halton Hills,New Brunswick,"B0T 0Y5 ",Canada,816578801,James@case.com
William,Davis,347,Bromley Road,Thunder Bay,Manitoba,N8H 2H6,Canada,1324898662,William@Mr.com
William,Davis,87,Bluestone Road,Fredericton,Prince Edward Island,G3H 0B4,Canada,523297308,William@time.com
Mason,Brown,409,Buffers Lane,Blainville,Prince Edward Island,G0H 2P3,Canada,242806467,Mason@story.com
Alexander,Jones,91,Caitland Court,Cape Breton,Newfoundland and Labrador,G3H 0B4,Canada,618133079,Alexander@work.com
