First Name,Last Name,Street Number,Street,City,Province,Postal Code,Country,Phone Number,email Address
Alexander,Jackson,182,Armview Terrace,St. Catharines,Newfoundland and Labrador,G0H 2P3,Canada,594788434,Alexander@job.com
"",Taylor,149,Carriageway Crescent,Chilliwack,Nova Scotia,J1S 0R4,Canada,107190298,null@study.com
Mason,Anderson,32,Chain Rock Drive,Red Deer,Alberta,"B0T 0Y5 ",Canada,292736142,Mason@thing.com
Ethan,Brown,72,Artillery Place,Kingston,Alberta,V8C 0S2,Canada,1168971971,Ethan@month.com
William,Davis,53,Anchor Drive,Kitchener,Yukon,H0H 3C9,Canada,1296557682,William@money.com
Alexander,Jones,281,Bently Drive,Cape Breton,Northwest Territories,B3V 2V1,Canada,844751102,Alexander@right.com
James,Johnson,414,Auburn Avenue,Granby,Newfoundland and Labrador,L3V 1Y8,Canada,820586855,James@woman.com
Ethan,,51,Birches Drive,Saint-JÃ©rÃ´me,Northwest Territories,J0J 3V6,Canada,932389498,Ethan@week.com
Jacob,Taylor,429,Chartwell Lane,Grande Prairie,Prince Edward Island,H3J 3P2,Canada,1247982760,Jacob@point.com
James,Taylor,235,Bellevue Avenue,New Westminster,Saskatchewan,H0H 3C9,Canada,1257510201,James@case.com
Liam,Moore,293,Agricola Street,Repentigny,Newfoundland and Labrador,H3J 3P2,Canada,1105252739,Liam@world.com
Ethan,Taylor,320,Battery 18th Road,Maple Ridge,Northwest Territories,"V1K 1V0 ",Canada,1400114409,Ethan@people.com
Mason,Williams,134,Allan Street,Blainville,Nunavut,H0H 3C9,Canada,261442413,Mason@water.com
Jacob,,224,Brussels Street,Blainville,Alberta,K1B 3B2,Canada,331382894,Jacob@student.com
William,Jones,19,Bridgeview Drive,St. John's,Prince Edward Island,J0N 0Z3,Canada,1178935372,William@problem.com
Ethan,Williams,397,Aster Court,Peterborough,Northwest Territories,E4M 2G2,Canada,1348152556,Ethan@room.com
"",Johnson,474,Bedford Row,Brantford,Alberta,B2E 0X4,Canada,876120813,null@time.com
James,Williams,464,Central Avenue,Aurora,Prince Edward Island,"L4A 0T3 ",Canada,849197577,James@book.com
"",Jones,408,Clayton Park Drive,Brampton,Prince Edward Island,E5V 3X5,Canada,718384235,null@right.com
William,Williams,353,Birch Street,Greater Sudbury,Northwest Territories,B3V 2V1,Canada,824402659,William@business.com
Jacob,Williams,73,Clayton Park Drive,Coquitlam,Nunavut,"L4A 0T3 ",Canada,383565142,Jacob@day.com
Ethan,,305,Arlington Avenue,Greater Sudbury,Saskatchewan,T1L 2H8,Canada,500933688,Ethan@night.com
William,Brown,288,Abrams Way,Repentigny,Prince Edward Island,E4S 3C4,Canada,1187966922,William@system.com
Alexander,Brown,108,Bermuda Avenue,St. Albert,Prince Edward Island,B2E 0X4,Canada,550053245,Alexander@year.com
Alexander,Williams,218,Bliss Street,Grande Prairie,New Brunswick,L9R 0A0,Canada,1130935408,Alexander@time.com
"",Anderson,232,Apollo Court,Trois-RiviÃ¨res,Nunavut,L3V 1Y8,Canada,1402764828,null@book.com
William,Jones,217,Cardiff Place,Windsor,Northwest Territories,N4N 0B9,Canada,137397485,William@state.com
Mason,Jones,159,Auburn Avenue,Welland,Alberta,J0J 3V6,Canada,219361035,Mason@child.com
James,,263,Church Street,Milton,Nunavut,"B0T 0Y5 ",Canada,1309766598,James@Mr.com
James,Wilson,72,Agricola Street,Laval,Yukon,N4N 0B9,Canada,1373670529,James@case.com
Ethan,Jackson,29,Archibald Avenue,Sault Ste. Marie,Nova Scotia,G0H 2P3,Canada,952623115,Ethan@business.com
William,Miller,180,Cabot Street,St. John's,Northwest Territories,N8H 2H6,Canada,937753461,William@mother.com
